Method,Name,Error,Occurrences,First Seen,Last Seen
GET,/api/v1/users/leaderboard,"ConnectTimeoutError(<HTTPConnection(host='localhost', port=8000) at 0x104394950>, 'Connection to localhost timed out. (connect timeout=None)')",1,2026-08-10T16:55:14Z,2026-08-10T16:55:14Z
GET,/api/v1/users/leaderboard,"ConnectTimeoutError(<HTTPConnection(host='localhost', port=8000) at 0x105db9c50>, 'Connection to localhost timed out. (connect timeout=None)')",1,2026-08-10T16:55:55Z,2026-08-10T16:55:55Z
GET,/api/v1/users/leaderboard,"ConnectTimeoutError(<HTTPConnection(host='localhost', port=8000) at 0x105234a50>, 'Connection to localhost timed out. (connect timeout=None)')",1,2026-08-10T16:55:32Z,2026-08-10T16:55:32Z
GET,/api/v1/users/leaderboard,"ConnectTimeoutError(<HTTPConnection(host='localhost', port=8000) at 0x1053ed250>, 'Connection to localhost timed out. (connect timeout=None)')",1,2026-08-10T16:55:38Z,2026-08-10T16:55:38Z
GET,/api/v1/games/recent,"ConnectTimeoutError(<HTTPConnection(host='localhost', port=8000) at 0x105e76c50>, 'Connection to localhost timed out. (connect timeout=None)')",1,2026-08-10T16:55:56Z,2026-08-10T16:55:56Z
GET,/api/v1/users/leaderboard,"ConnectTimeoutError(<HTTPConnection(host='localhost', port=8000) at 0x1057e3a50>, 'Connection to localhost timed out. (connect timeout=None)')",1,2026-08-10T16:55:46Z,2026-08-10T16:55:46Z
GET,/api/v1/users/leaderboard,"ConnectTimeoutError(<HTTPConnection(host='localhost', port=8000) at 0x104e15450>, 'Connection to localhost timed out. (connect timeout=None)')",1,2026-08-10T16:55:24Z,2026-08-10T16:55:24Z
GET,/api/v1/users/leaderboard,"ConnectTimeoutError(<HTTPConnection(host='localhost', port=8000) at 0x10538bc50>, 'Connection to localhost timed out. (connect timeout=None)')",1,2026-08-10T16:55:38Z,2026-08-10T16:55:38Z
GET,/api/v1/games/recent,"ConnectTimeoutError(<HTTPConnection(host='localhost', port=8000) at 0x105236750>, 'Connection to localhost timed out. (connect timeout=None)')",1,2026-08-10T16:55:32Z,2026-08-10T16:55:32Z
GET,/api/v1/games/history,"ConnectTimeoutError(<HTTPConnection(host='localhost', port=8000) at 0x104deb850>, 'Connection to localhost timed out. (connect timeout=None)')",1,2026-08-10T16:55:24Z,2026-08-10T16:55:24Z
GET,/api/v1/users/leaderboard,"ConnectTimeoutError(<HTTPConnection(host='localhost', port=8000) at 0x10508fc50>, 'Connection to localhost timed out. (connect timeout=None)')",1,2026-08-10T16:55:31Z,2026-08-10T16:55:31Z
GET,/api/v1/games/recent,"ConnectTimeoutError(<HTTPConnection(host='localhost', port=8000) at 0x105d04d50>, 'Connection to localhost timed out. (connect timeout=None)')",1,2026-08-10T16:55:55Z,2026-08-10T16:55:55Z
GET,/api/v1/games/history,"ConnectTimeoutError(<HTTPConnection(host='localhost', port=8000) at 0x104c69b50>, 'Connection to localhost timed out. (connect timeout=None)')",1,2026-08-10T16:55:23Z,2026-08-10T16:55:23Z
GET,/api/v1/games/history,"ConnectTimeoutError(<HTTPConnection(host='localhost', port=8000) at 0x105a9c950>, 'Connection to localhost timed out. (connect timeout=None)')",1,2026-08-10T16:55:48Z,2026-08-10T16:55:48Z
GET,/api/v1/users/leaderboard,"ConnectTimeoutError(<HTTPConnection(host='localhost', port=8000) at 0x104de8d50>, 'Connection to localhost timed out. (connect timeout=None)')",1,2026-08-10T16:55:24Z,2026-08-10T16:55:24Z
GET,/api/v1/users/leaderboard,"ConnectTimeoutError(<HTTPConnection(host='localhost', port=8000) at 0x1049daa50>, 'Connection to localhost timed out. (connect timeout=None)')",1,2026-08-10T16:55:22Z,2026-08-10T16:55:22Z
GET,/api/v1/users/leaderboard,"ConnectTimeoutError(<HTTPConnection(host='localhost', port=8000) at 0x104de9d50>, 'Connection to localhost timed out. (connect timeout=None)')",1,2026-08-10T16:55:24Z,2026-08-10T16:55:24Z
GET,/api/v1/games/history,"ConnectTimeoutError(<HTTPConnection(host='localhost', port=8000) at 0x104590150>, 'Connection to localhost timed out. (connect timeout=None)')",1,2026-08-10T16:55:15Z,2026-08-10T16:55:15Z
GET,/api/v1/games/history,"ConnectTimeoutError(<HTTPConnection(host='localhost', port=8000) at 0x10538b950>, 'Connection to localhost timed out. (connect timeout=None)')",1,2026-08-10T16:55:38Z,2026-08-10T16:55:38Z
GET,/api/v1/games/recent,"ConnectTimeoutError(<HTTPConnection(host='localhost', port=8000) at 0x10508d150>, 'Connection to localhost timed out. (connect timeout=None)')",1,2026-08-10T16:55:31Z,2026-08-10T16:55:31Z
GET,/api/v1/games/recent,"ConnectTimeoutError(<HTTPConnection(host='localhost', port=8000) at 0x104de8750>, 'Connection to localhost timed out. (connect timeout=None)')",1,2026-08-10T16:55:24Z,2026-08-10T16:55:24Z
GET,/api/v1/users/leaderboard,"ConnectTimeoutError(<HTTPConnection(host='localhost', port=8000) at 0x105c1b550>, 'Connection to localhost timed out. (connect timeout=None)')",1,2026-08-10T16:55:54Z,2026-08-10T16:55:54Z
GET,/api/v1/users/leaderboard,"ConnectTimeoutError(<HTTPConnection(host='localhost', port=8000) at 0x1049da350>, 'Connection to localhost timed out. (connect timeout=None)')",1,2026-08-10T16:55:22Z,2026-08-10T16:55:22Z
GET,/api/v1/users/leaderboard,"ConnectTimeoutError(<HTTPConnection(host='localhost', port=8000) at 0x105701c50>, 'Connection to localhost timed out. (connect timeout=None)')",1,2026-08-10T16:55:40Z,2026-08-10T16:55:40Z
GET,/api/v1/games/recent,"ConnectTimeoutError(<HTTPConnection(host='localhost', port=8000) at 0x104a33550>, 'Connection to localhost timed out. (connect timeout=None)')",1,2026-08-10T16:55:16Z,2026-08-10T16:55:16Z
GET,/api/v1/games/recent,"ConnectTimeoutError(<HTTPConnection(host='localhost', port=8000) at 0x105a4e950>, 'Connection to localhost timed out. (connect timeout=None)')",1,2026-08-10T16:55:48Z,2026-08-10T16:55:48Z
GET,/api/v1/users/leaderboard,"ConnectTimeoutError(<HTTPConnection(host='localhost', port=8000) at 0x104394f50>, 'Connection to localhost timed out. (connect timeout=None)')",1,2026-08-10T16:55:14Z,2026-08-10T16:55:14Z
GET,/api/v1/games/recent,"ConnectTimeoutError(<HTTPConnection(host='localhost', port=8000) at 0x105ebaa50>, 'Connection to localhost timed out. (connect timeout=None)')",1,2026-08-10T16:55:56Z,2026-08-10T16:55:56Z
GET,/api/v1/games/recent,"ConnectTimeoutError(<HTTPConnection(host='localhost', port=8000) at 0x1054eea50>, 'Connection to localhost timed out. (connect timeout=None)')",1,2026-08-10T16:55:39Z,2026-08-10T16:55:39Z
GET,/api/v1/games/recent,"ConnectTimeoutError(<HTTPConnection(host='localhost', port=8000) at 0x105498b50>, 'Connection to localhost timed out. (connect timeout=None)')",1,2026-08-10T16:55:39Z,2026-08-10T16:55:39Z
GET,/api/v1/games/recent,"ConnectTimeoutError(<HTTPConnection(host='localhost', port=8000) at 0x105a4fb50>, 'Connection to localhost timed out. (connect timeout=None)')",1,2026-08-10T16:55:48Z,2026-08-10T16:55:48Z
GET,/api/v1/users/leaderboard,"ConnectTimeoutError(<HTTPConnection(host='localhost', port=8000) at 0x10508cc50>, 'Connection to localhost timed out. (connect timeout=None)')",1,2026-08-10T16:55:31Z,2026-08-10T16:55:31Z
GET,/api/v1/users/leaderboard,"ConnectTimeoutError(<HTTPConnection(host='localhost', port=8000) at 0x105691650>, 'Connection to localhost timed out. (connect timeout=None)')",1,2026-08-10T16:55:40Z,2026-08-10T16:55:40Z
GET,/api/v1/users/leaderboard,"ConnectTimeoutError(<HTTPConnection(host='localhost', port=8000) at 0x105844250>, 'Connection to localhost timed out. (connect timeout=None)')",1,2026-08-10T16:55:46Z,2026-08-10T16:55:46Z
GET,/api/v1/games/recent,"ConnectTimeoutError(<HTTPConnection(host='localhost', port=8000) at 0x1054b8d50>, 'Connection to localhost timed out. (connect timeout=None)')",1,2026-08-10T16:55:39Z,2026-08-10T16:55:39Z
GET,/api/v1/users/leaderboard,"ConnectTimeoutError(<HTTPConnection(host='localhost', port=8000) at 0x104fbc450>, 'Connection to localhost timed out. (connect timeout=None)')",1,2026-08-10T16:55:30Z,2026-08-10T16:55:30Z
GET,/api/v1/users/leaderboard,"ConnectTimeoutError(<HTTPConnection(host='localhost', port=8000) at 0x1050b1450>, 'Connection to localhost timed out. (connect timeout=None)')",1,2026-08-10T16:55:31Z,2026-08-10T16:55:31Z
GET,/api/v1/users/leaderboard,"ConnectTimeoutError(<HTTPConnection(host='localhost', port=8000) at 0x105d07c50>, 'Connection to localhost timed out. (connect timeout=None)')",1,2026-08-10T16:55:55Z,2026-08-10T16:55:55Z
GET,/api/v1/games/recent,"ConnectTimeoutError(<HTTPConnection(host='localhost', port=8000) at 0x1049c6550>, 'Connection to localhost timed out. (connect timeout=None)')",1,2026-08-10T16:55:16Z,2026-08-10T16:55:16Z
GET,/api/v1/games/recent,"ConnectTimeoutError(<HTTPConnection(host='localhost', port=8000) at 0x105d24f50>, 'Connection to localhost timed out. (connect timeout=None)')",1,2026-08-10T16:55:55Z,2026-08-10T16:55:55Z
GET,/api/v1/games/history,"ConnectTimeoutError(<HTTPConnection(host='localhost', port=8000) at 0x10508c050>, 'Connection to localhost timed out. (connect timeout=None)')",1,2026-08-10T16:55:31Z,2026-08-10T16:55:31Z
GET,/api/v1/games/recent,"ConnectTimeoutError(<HTTPConnection(host='localhost', port=8000) at 0x106055e50>, 'Connection to localhost timed out. (connect timeout=None)')",1,2026-08-10T16:56:01Z,2026-08-10T16:56:01Z
GET,/api/v1/users/leaderboard,"ConnectTimeoutError(<HTTPConnection(host='localhost', port=8000) at 0x10552a350>, 'Connection to localhost timed out. (connect timeout=None)')",1,2026-08-10T16:55:39Z,2026-08-10T16:55:39Z
GET,/api/v1/games/history,"ConnectTimeoutError(<HTTPConnection(host='localhost', port=8000) at 0x1054bb150>, 'Connection to localhost timed out. (connect timeout=None)')",1,2026-08-10T16:55:39Z,2026-08-10T16:55:39Z
GET,/api/v1/games/history,"ConnectTimeoutError(<HTTPConnection(host='localhost', port=8000) at 0x104e2e950>, 'Connection to localhost timed out. (connect timeout=None)')",1,2026-08-10T16:55:24Z,2026-08-10T16:55:24Z
GET,/api/v1/users/leaderboard,"ConnectTimeoutError(<HTTPConnection(host='localhost', port=8000) at 0x1050b2d50>, 'Connection to localhost timed out. (connect timeout=None)')",1,2026-08-10T16:55:31Z,2026-08-10T16:55:31Z
GET,/api/v1/users/leaderboard,"ConnectTimeoutError(<HTTPConnection(host='localhost', port=8000) at 0x105241e50>, 'Connection to localhost timed out. (connect timeout=None)')",1,2026-08-10T16:55:47Z,2026-08-10T16:55:47Z
GET,/api/v1/games/recent,"ConnectTimeoutError(<HTTPConnection(host='localhost', port=8000) at 0x105c9f250>, 'Connection to localhost timed out. (connect timeout=None)')",1,2026-08-10T16:55:55Z,2026-08-10T16:55:55Z
GET,/api/v1/users/leaderboard,"ConnectTimeoutError(<HTTPConnection(host='localhost', port=8000) at 0x105b19d50>, 'Connection to localhost timed out. (connect timeout=None)')",1,2026-08-10T16:55:48Z,2026-08-10T16:55:48Z
GET,/api/v1/users/leaderboard,"ConnectTimeoutError(<HTTPConnection(host='localhost', port=8000) at 0x1058fcc50>, 'Connection to localhost timed out. (connect timeout=None)')",1,2026-08-10T16:55:47Z,2026-08-10T16:55:47Z
GET,/api/v1/users/leaderboard,"ConnectTimeoutError(<HTTPConnection(host='localhost', port=8000) at 0x105278250>, 'Connection to localhost timed out. (connect timeout=None)')",1,2026-08-10T16:55:32Z,2026-08-10T16:55:32Z
GET,/api/v1/games/history,"ConnectTimeoutError(<HTTPConnection(host='localhost', port=8000) at 0x1060df550>, 'Connection to localhost timed out. (connect timeout=None)')",1,2026-08-10T16:56:02Z,2026-08-10T16:56:02Z
GET,/api/v1/games/recent,"ConnectTimeoutError(<HTTPConnection(host='localhost', port=8000) at 0x105693350>, 'Connection to localhost timed out. (connect timeout=None)')",1,2026-08-10T16:55:40Z,2026-08-10T16:55:40Z
GET,/api/v1/users/leaderboard,"ConnectTimeoutError(<HTTPConnection(host='localhost', port=8000) at 0x105251b50>, 'Connection to localhost timed out. (connect timeout=None)')",1,2026-08-10T16:55:32Z,2026-08-10T16:55:32Z
GET,/api/v1/games/history,"ConnectTimeoutError(<HTTPConnection(host='localhost', port=8000) at 0x1055f3350>, 'Connection to localhost timed out. (connect timeout=None)')",1,2026-08-10T16:55:46Z,2026-08-10T16:55:46Z
GET,/api/v1/games/history,"ConnectTimeoutError(<HTTPConnection(host='localhost', port=8000) at 0x105846750>, 'Connection to localhost timed out. (connect timeout=None)')",1,2026-08-10T16:55:46Z,2026-08-10T16:55:46Z
GET,/api/v1/users/leaderboard,"ConnectTimeoutError(<HTTPConnection(host='localhost', port=8000) at 0x104e15650>, 'Connection to localhost timed out. (connect timeout=None)')",1,2026-08-10T16:55:24Z,2026-08-10T16:55:24Z
GET,/api/v1/users/leaderboard,"ConnectTimeoutError(<HTTPConnection(host='localhost', port=8000) at 0x103a18a50>, 'Connection to localhost timed out. (connect timeout=None)')",1,2026-08-10T16:55:15Z,2026-08-10T16:55:15Z
GET,/api/v1/users/leaderboard,"ConnectTimeoutError(<HTTPConnection(host='localhost', port=8000) at 0x1049db850>, 'Connection to localhost timed out. (connect timeout=None)')",1,2026-08-10T16:55:22Z,2026-08-10T16:55:22Z
GET,/api/v1/users/leaderboard,"ConnectTimeoutError(<HTTPConnection(host='localhost', port=8000) at 0x105241c50>, 'Connection to localhost timed out. (connect timeout=None)')",1,2026-08-10T16:55:47Z,2026-08-10T16:55:47Z
GET,/api/v1/users/leaderboard,"ConnectTimeoutError(<HTTPConnection(host='localhost', port=8000) at 0x105a9fd50>, 'Connection to localhost timed out. (connect timeout=None)')",1,2026-08-10T16:55:48Z,2026-08-10T16:55:48Z
GET,/api/v1/users/leaderboard,"ConnectTimeoutError(<HTTPConnection(host='localhost', port=8000) at 0x105703650>, 'Connection to localhost timed out. (connect timeout=None)')",1,2026-08-10T16:55:40Z,2026-08-10T16:55:40Z
GET,/api/v1/games/history,"ConnectTimeoutError(<HTTPConnection(host='localhost', port=8000) at 0x10612e450>, 'Connection to localhost timed out. (connect timeout=None)')",1,2026-08-10T16:56:03Z,2026-08-10T16:56:03Z
GET,/api/v1/games/history,"ConnectTimeoutError(<HTTPConnection(host='localhost', port=8000) at 0x105eb9c50>, 'Connection to localhost timed out. (connect timeout=None)')",1,2026-08-10T16:55:56Z,2026-08-10T16:55:56Z
GET,/api/v1/users/leaderboard,"ConnectTimeoutError(<HTTPConnection(host='localhost', port=8000) at 0x105978750>, 'Connection to localhost timed out. (connect timeout=None)')",1,2026-08-10T16:55:47Z,2026-08-10T16:55:47Z
GET,/api/v1/games/history,"ConnectTimeoutError(<HTTPConnection(host='localhost', port=8000) at 0x105eeb050>, 'Connection to localhost timed out. (connect timeout=None)')",1,2026-08-10T16:55:56Z,2026-08-10T16:55:56Z
GET,/api/v1/games/recent,"ConnectTimeoutError(<HTTPConnection(host='localhost', port=8000) at 0x104c4ab50>, 'Connection to localhost timed out. (connect timeout=None)')",1,2026-08-10T16:55:23Z,2026-08-10T16:55:23Z
GET,/api/v1/users/leaderboard,"ConnectTimeoutError(<HTTPConnection(host='localhost', port=8000) at 0x1053ef350>, 'Connection to localhost timed out. (connect timeout=None)')",1,2026-08-10T16:55:38Z,2026-08-10T16:55:38Z
GET,/api/v1/games/recent,"ConnectTimeoutError(<HTTPConnection(host='localhost', port=8000) at 0x104c4b750>, 'Connection to localhost timed out. (connect timeout=None)')",1,2026-08-10T16:55:23Z,2026-08-10T16:55:23Z
GET,/api/v1/games/history,"ConnectTimeoutError(<HTTPConnection(host='localhost', port=8000) at 0x105430a50>, 'Connection to localhost timed out. (connect timeout=None)')",1,2026-08-10T16:55:38Z,2026-08-10T16:55:38Z
GET,/api/v1/users/leaderboard,"ConnectTimeoutError(<HTTPConnection(host='localhost', port=8000) at 0x104e2d650>, 'Connection to localhost timed out. (connect timeout=None)')",1,2026-08-10T16:55:24Z,2026-08-10T16:55:24Z
GET,/api/v1/users/leaderboard,"ConnectTimeoutError(<HTTPConnection(host='localhost', port=8000) at 0x104945b50>, 'Connection to localhost timed out. (connect timeout=None)')",1,2026-08-10T16:55:16Z,2026-08-10T16:55:16Z
GET,/api/v1/users/leaderboard,"ConnectTimeoutError(<HTTPConnection(host='localhost', port=8000) at 0x105979450>, 'Connection to localhost timed out. (connect timeout=None)')",1,2026-08-10T16:55:47Z,2026-08-10T16:55:47Z
GET,/api/v1/users/leaderboard,"ConnectTimeoutError(<HTTPConnection(host='localhost', port=8000) at 0x104e2eb50>, 'Connection to localhost timed out. (connect timeout=None)')",1,2026-08-10T16:55:24Z,2026-08-10T16:55:24Z
GET,/api/v1/games/history,"ConnectTimeoutError(<HTTPConnection(host='localhost', port=8000) at 0x104e16750>, 'Connection to localhost timed out. (connect timeout=None)')",1,2026-08-10T16:55:24Z,2026-08-10T16:55:24Z
GET,/api/v1/games/recent,"ConnectTimeoutError(<HTTPConnection(host='localhost', port=8000) at 0x10612c550>, 'Connection to localhost timed out. (connect timeout=None)')",1,2026-08-10T16:56:02Z,2026-08-10T16:56:02Z
GET,/api/v1/users/leaderboard,"ConnectTimeoutError(<HTTPConnection(host='localhost', port=8000) at 0x10612e950>, 'Connection to localhost timed out. (connect timeout=None)')",1,2026-08-10T16:56:03Z,2026-08-10T16:56:03Z
GET,/api/v1/users/leaderboard,"ConnectTimeoutError(<HTTPConnection(host='localhost', port=8000) at 0x1050b3a50>, 'Connection to localhost timed out. (connect timeout=None)')",1,2026-08-10T16:55:31Z,2026-08-10T16:55:31Z
GET,/api/v1/users/leaderboard,"ConnectTimeoutError(<HTTPConnection(host='localhost', port=8000) at 0x105b45c50>, 'Connection to localhost timed out. (connect timeout=None)')",1,2026-08-10T16:55:48Z,2026-08-10T16:55:48Z
GET,/api/v1/users/leaderboard,"ConnectTimeoutError(<HTTPConnection(host='localhost', port=8000) at 0x104bdd450>, 'Connection to localhost timed out. (connect timeout=None)')",1,2026-08-10T16:55:23Z,2026-08-10T16:55:23Z
GET,/api/v1/users/leaderboard,"ConnectTimeoutError(<HTTPConnection(host='localhost', port=8000) at 0x1054ec650>, 'Connection to localhost timed out. (connect timeout=None)')",1,2026-08-10T16:55:39Z,2026-08-10T16:55:39Z
GET,/api/v1/users/leaderboard,"ConnectTimeoutError(<HTTPConnection(host='localhost', port=8000) at 0x1053ed850>, 'Connection to localhost timed out. (connect timeout=None)')",1,2026-08-10T16:55:38Z,2026-08-10T16:55:38Z
GET,/api/v1/users/leaderboard,"ConnectTimeoutError(<HTTPConnection(host='localhost', port=8000) at 0x10619b450>, 'Connection to localhost timed out. (connect timeout=None)')",1,2026-08-10T16:56:03Z,2026-08-10T16:56:03Z
GET,/api/v1/games/recent,"ConnectTimeoutError(<HTTPConnection(host='localhost', port=8000) at 0x105877e50>, 'Connection to localhost timed out. (connect timeout=None)')",1,2026-08-10T16:55:47Z,2026-08-10T16:55:47Z
GET,/api/v1/users/leaderboard,"ConnectTimeoutError(<HTTPConnection(host='localhost', port=8000) at 0x104b68750>, 'Connection to localhost timed out. (connect timeout=None)')",1,2026-08-10T16:55:22Z,2026-08-10T16:55:22Z
GET,/api/v1/users/leaderboard,"ConnectTimeoutError(<HTTPConnection(host='localhost', port=8000) at 0x103f91350>, 'Connection to localhost timed out. (connect timeout=None)')",1,2026-08-10T16:55:15Z,2026-08-10T16:55:15Z
GET,/api/v1/users/leaderboard,"ConnectTimeoutError(<HTTPConnection(host='localhost', port=8000) at 0x106094950>, 'Connection to localhost timed out. (connect timeout=None)')",1,2026-08-10T16:56:02Z,2026-08-10T16:56:02Z
GET,/api/v1/games/history,"ConnectTimeoutError(<HTTPConnection(host='localhost', port=8000) at 0x1049d8c50>, 'Connection to localhost timed out. (connect timeout=None)')",1,2026-08-10T16:55:22Z,2026-08-10T16:55:22Z
GET,/api/v1/games/recent,"ConnectTimeoutError(<HTTPConnection(host='localhost', port=8000) at 0x1058fda50>, 'Connection to localhost timed out. (connect timeout=None)')",1,2026-08-10T16:55:47Z,2026-08-10T16:55:47Z
GET,/api/v1/games/recent,"ConnectTimeoutError(<HTTPConnection(host='localhost', port=8000) at 0x1049c5050>, 'Connection to localhost timed out. (connect timeout=None)')",1,2026-08-10T16:55:16Z,2026-08-10T16:55:16Z
GET,/api/v1/games/history,"ConnectTimeoutError(<HTTPConnection(host='localhost', port=8000) at 0x105dbaf50>, 'Connection to localhost timed out. (connect timeout=None)')",1,2026-08-10T16:55:55Z,2026-08-10T16:55:55Z
GET,/api/v1/games/recent,"ConnectTimeoutError(<HTTPConnection(host='localhost', port=8000) at 0x105253450>, 'Connection to localhost timed out. (connect timeout=None)')",1,2026-08-10T16:55:32Z,2026-08-10T16:55:32Z
GET,/api/v1/users/leaderboard,"ConnectTimeoutError(<HTTPConnection(host='localhost', port=8000) at 0x103bc6c50>, 'Connection to localhost timed out. (connect timeout=None)')",1,2026-08-10T16:55:14Z,2026-08-10T16:55:14Z
GET,/api/v1/games/recent,"ConnectTimeoutError(<HTTPConnection(host='localhost', port=8000) at 0x105b1bb50>, 'Connection to localhost timed out. (connect timeout=None)')",1,2026-08-10T16:55:48Z,2026-08-10T16:55:48Z
GET,/api/v1/games/recent,"ConnectTimeoutError(<HTTPConnection(host='localhost', port=8000) at 0x1061e4c50>, 'Connection to localhost timed out. (connect timeout=None)')",1,2026-08-10T16:56:03Z,2026-08-10T16:56:03Z
GET,/api/v1/users/leaderboard,"ConnectTimeoutError(<HTTPConnection(host='localhost', port=8000) at 0x1049da850>, 'Connection to localhost timed out. (connect timeout=None)')",1,2026-08-10T16:55:22Z,2026-08-10T16:55:22Z
GET,/api/v1/users/leaderboard,"ConnectTimeoutError(<HTTPConnection(host='localhost', port=8000) at 0x104f4fa50>, 'Connection to localhost timed out. (connect timeout=None)')",1,2026-08-10T16:55:30Z,2026-08-10T16:55:30Z
GET,/api/v1/users/leaderboard,"ConnectTimeoutError(<HTTPConnection(host='localhost', port=8000) at 0x105671050>, 'Connection to localhost timed out. (connect timeout=None)')",1,2026-08-10T16:55:40Z,2026-08-10T16:55:40Z
GET,/api/v1/users/leaderboard,"ConnectTimeoutError(<HTTPConnection(host='localhost', port=8000) at 0x106095650>, 'Connection to localhost timed out. (connect timeout=None)')",1,2026-08-10T16:56:02Z,2026-08-10T16:56:02Z
GET,/api/v1/games/recent,"ConnectTimeoutError(<HTTPConnection(host='localhost', port=8000) at 0x10593a650>, 'Connection to localhost timed out. (connect timeout=None)')",1,2026-08-10T16:55:47Z,2026-08-10T16:55:47Z
GET,/api/v1/games/recent,"ConnectTimeoutError(<HTTPConnection(host='localhost', port=8000) at 0x104deb550>, 'Connection to localhost timed out. (connect timeout=None)')",1,2026-08-10T16:55:24Z,2026-08-10T16:55:24Z
GET,/api/v1/games/recent,"ConnectTimeoutError(<HTTPConnection(host='localhost', port=8000) at 0x1050b2550>, 'Connection to localhost timed out. (connect timeout=None)')",1,2026-08-10T16:55:31Z,2026-08-10T16:55:31Z
GET,/api/v1/games/history,"ConnectTimeoutError(<HTTPConnection(host='localhost', port=8000) at 0x10508f750>, 'Connection to localhost timed out. (connect timeout=None)')",1,2026-08-10T16:55:31Z,2026-08-10T16:55:31Z
GET,/api/v1/games/recent,"ConnectTimeoutError(<HTTPConnection(host='localhost', port=8000) at 0x1058ff050>, 'Connection to localhost timed out. (connect timeout=None)')",1,2026-08-10T16:55:47Z,2026-08-10T16:55:47Z
GET,/api/v1/games/history,"ConnectTimeoutError(<HTTPConnection(host='localhost', port=8000) at 0x105062150>, 'Connection to localhost timed out. (connect timeout=None)')",1,2026-08-10T16:55:31Z,2026-08-10T16:55:31Z
GET,/api/v1/users/leaderboard,"ConnectTimeoutError(<HTTPConnection(host='localhost', port=8000) at 0x104e17750>, 'Connection to localhost timed out. (connect timeout=None)')",1,2026-08-10T16:55:24Z,2026-08-10T16:55:24Z
GET,/api/v1/users/leaderboard,"ConnectTimeoutError(<HTTPConnection(host='localhost', port=8000) at 0x106056350>, 'Connection to localhost timed out. (connect timeout=None)')",1,2026-08-10T16:56:01Z,2026-08-10T16:56:01Z
GET,/api/v1/users/leaderboard,"ConnectTimeoutError(<HTTPConnection(host='localhost', port=8000) at 0x104c68d50>, 'Connection to localhost timed out. (connect timeout=None)')",1,2026-08-10T16:55:23Z,2026-08-10T16:55:23Z
GET,/api/v1/games/recent,"ConnectTimeoutError(<HTTPConnection(host='localhost', port=8000) at 0x105690450>, 'Connection to localhost timed out. (connect timeout=None)')",1,2026-08-10T16:55:40Z,2026-08-10T16:55:40Z
GET,/api/v1/games/history,"ConnectTimeoutError(<HTTPConnection(host='localhost', port=8000) at 0x104593c50>, 'Connection to localhost timed out. (connect timeout=None)')",1,2026-08-10T16:55:15Z,2026-08-10T16:55:15Z
GET,/api/v1/games/recent,"ConnectTimeoutError(<HTTPConnection(host='localhost', port=8000) at 0x1050b1e50>, 'Connection to localhost timed out. (connect timeout=None)')",1,2026-08-10T16:55:31Z,2026-08-10T16:55:31Z
GET,/api/v1/games/recent,"ConnectTimeoutError(<HTTPConnection(host='localhost', port=8000) at 0x104de9650>, 'Connection to localhost timed out. (connect timeout=None)')",1,2026-08-10T16:55:24Z,2026-08-10T16:55:24Z
GET,/api/v1/games/history,"ConnectTimeoutError(<HTTPConnection(host='localhost', port=8000) at 0x10527a050>, 'Connection to localhost timed out. (connect timeout=None)')",1,2026-08-10T16:55:32Z,2026-08-10T16:55:32Z
GET,/api/v1/games/recent,"ConnectTimeoutError(<HTTPConnection(host='localhost', port=8000) at 0x106199450>, 'Connection to localhost timed out. (connect timeout=None)')",1,2026-08-10T16:56:03Z,2026-08-10T16:56:03Z
GET,/api/v1/users/leaderboard,"ConnectTimeoutError(<HTTPConnection(host='localhost', port=8000) at 0x1046cc650>, 'Connection to localhost timed out. (connect timeout=None)')",1,2026-08-10T16:55:15Z,2026-08-10T16:55:15Z
GET,/api/v1/games/history,"ConnectTimeoutError(<HTTPConnection(host='localhost', port=8000) at 0x105b1a950>, 'Connection to localhost timed out. (connect timeout=None)')",1,2026-08-10T16:55:48Z,2026-08-10T16:55:48Z
GET,/api/v1/users/leaderboard,"ConnectTimeoutError(<HTTPConnection(host='localhost', port=8000) at 0x105240850>, 'Connection to localhost timed out. (connect timeout=None)')",1,2026-08-10T16:55:47Z,2026-08-10T16:55:47Z
GET,/api/v1/games/history,"ConnectTimeoutError(<HTTPConnection(host='localhost', port=8000) at 0x104a32c50>, 'Connection to localhost timed out. (connect timeout=None)')",1,2026-08-10T16:55:16Z,2026-08-10T16:55:16Z
GET,/api/v1/games/history,"ConnectTimeoutError(<HTTPConnection(host='localhost', port=8000) at 0x10593a150>, 'Connection to localhost timed out. (connect timeout=None)')",1,2026-08-10T16:55:47Z,2026-08-10T16:55:47Z
GET,/api/v1/games/recent,"ConnectTimeoutError(<HTTPConnection(host='localhost', port=8000) at 0x104bded50>, 'Connection to localhost timed out. (connect timeout=None)')",1,2026-08-10T16:55:23Z,2026-08-10T16:55:23Z
GET,/api/v1/users/leaderboard,"ConnectTimeoutError(<HTTPConnection(host='localhost', port=8000) at 0x104e2c850>, 'Connection to localhost timed out. (connect timeout=None)')",1,2026-08-10T16:55:24Z,2026-08-10T16:55:24Z
GET,/api/v1/games/history,"ConnectTimeoutError(<HTTPConnection(host='localhost', port=8000) at 0x1049d8a50>, 'Connection to localhost timed out. (connect timeout=None)')",1,2026-08-10T16:55:22Z,2026-08-10T16:55:22Z
GET,/api/v1/users/leaderboard,"ConnectTimeoutError(<HTTPConnection(host='localhost', port=8000) at 0x105584d50>, 'Connection to localhost timed out. (connect timeout=None)')",1,2026-08-10T16:55:39Z,2026-08-10T16:55:39Z
GET,/api/v1/users/leaderboard,"ConnectTimeoutError(<HTTPConnection(host='localhost', port=8000) at 0x106152150>, 'Connection to localhost timed out. (connect timeout=None)')",1,2026-08-10T16:56:03Z,2026-08-10T16:56:03Z
GET,/api/v1/users/leaderboard,"ConnectTimeoutError(<HTTPConnection(host='localhost', port=8000) at 0x10549ba50>, 'Connection to localhost timed out. (connect timeout=None)')",1,2026-08-10T16:55:39Z,2026-08-10T16:55:39Z
GET,/api/v1/users/leaderboard,"ConnectTimeoutError(<HTTPConnection(host='localhost', port=8000) at 0x1058fd050>, 'Connection to localhost timed out. (connect timeout=None)')",1,2026-08-10T16:55:47Z,2026-08-10T16:55:47Z
GET,/api/v1/games/history,"ConnectTimeoutError(<HTTPConnection(host='localhost', port=8000) at 0x105ebb650>, 'Connection to localhost timed out. (connect timeout=None)')",1,2026-08-10T16:55:56Z,2026-08-10T16:55:56Z
GET,/api/v1/users/leaderboard,"ConnectTimeoutError(<HTTPConnection(host='localhost', port=8000) at 0x104a32950>, 'Connection to localhost timed out. (connect timeout=None)')",1,2026-08-10T16:55:16Z,2026-08-10T16:55:16Z
GET,/api/v1/users/leaderboard,"ConnectTimeoutError(<HTTPConnection(host='localhost', port=8000) at 0x105b19750>, 'Connection to localhost timed out. (connect timeout=None)')",1,2026-08-10T16:55:48Z,2026-08-10T16:55:48Z
GET,/api/v1/users/leaderboard,"ConnectTimeoutError(<HTTPConnection(host='localhost', port=8000) at 0x1054ee350>, 'Connection to localhost timed out. (connect timeout=None)')",1,2026-08-10T16:55:39Z,2026-08-10T16:55:39Z
GET,/api/v1/users/leaderboard,"ConnectTimeoutError(<HTTPConnection(host='localhost', port=8000) at 0x104de8550>, 'Connection to localhost timed out. (connect timeout=None)')",1,2026-08-10T16:55:24Z,2026-08-10T16:55:24Z
GET,/api/v1/games/history,"ConnectTimeoutError(<HTTPConnection(host='localhost', port=8000) at 0x10527af50>, 'Connection to localhost timed out. (connect timeout=None)')",1,2026-08-10T16:55:32Z,2026-08-10T16:55:32Z
GET,/api/v1/users/leaderboard,"ConnectTimeoutError(<HTTPConnection(host='localhost', port=8000) at 0x105c1a450>, 'Connection to localhost timed out. (connect timeout=None)')",1,2026-08-10T16:55:54Z,2026-08-10T16:55:54Z
GET,/api/v1/games/recent,"ConnectTimeoutError(<HTTPConnection(host='localhost', port=8000) at 0x104c84050>, 'Connection to localhost timed out. (connect timeout=None)')",1,2026-08-10T16:55:23Z,2026-08-10T16:55:23Z
GET,/api/v1/users/leaderboard,"ConnectTimeoutError(<HTTPConnection(host='localhost', port=8000) at 0x105700850>, 'Connection to localhost timed out. (connect timeout=None)')",1,2026-08-10T16:55:40Z,2026-08-10T16:55:40Z
GET,/api/v1/games/recent,"ConnectTimeoutError(<HTTPConnection(host='localhost', port=8000) at 0x104fbca50>, 'Connection to localhost timed out. (connect timeout=None)')",1,2026-08-10T16:55:30Z,2026-08-10T16:55:30Z
GET,/api/v1/games/history,"ConnectTimeoutError(<HTTPConnection(host='localhost', port=8000) at 0x104fe8f50>, 'Connection to localhost timed out. (connect timeout=None)')",1,2026-08-10T16:55:30Z,2026-08-10T16:55:30Z
GET,/api/v1/users/leaderboard,"ConnectTimeoutError(<HTTPConnection(host='localhost', port=8000) at 0x104947950>, 'Connection to localhost timed out. (connect timeout=None)')",1,2026-08-10T16:55:16Z,2026-08-10T16:55:16Z
GET,/api/v1/users/leaderboard,"ConnectTimeoutError(<HTTPConnection(host='localhost', port=8000) at 0x105671550>, 'Connection to localhost timed out. (connect timeout=None)')",1,2026-08-10T16:55:40Z,2026-08-10T16:55:40Z
GET,/api/v1/users/leaderboard,"ConnectTimeoutError(<HTTPConnection(host='localhost', port=8000) at 0x104591050>, 'Connection to localhost timed out. (connect timeout=None)')",1,2026-08-10T16:55:15Z,2026-08-10T16:55:15Z
GET,/api/v1/games/recent,"ConnectTimeoutError(<HTTPConnection(host='localhost', port=8000) at 0x1055f3150>, 'Connection to localhost timed out. (connect timeout=None)')",1,2026-08-10T16:55:46Z,2026-08-10T16:55:46Z
GET,/api/v1/games/recent,"ConnectTimeoutError(<HTTPConnection(host='localhost', port=8000) at 0x105243950>, 'Connection to localhost timed out. (connect timeout=None)')",1,2026-08-10T16:55:47Z,2026-08-10T16:55:47Z
GET,/api/v1/users/leaderboard,"ConnectTimeoutError(<HTTPConnection(host='localhost', port=8000) at 0x103a19950>, 'Connection to localhost timed out. (connect timeout=None)')",1,2026-08-10T16:55:15Z,2026-08-10T16:55:15Z
GET,/api/v1/games/history,"ConnectTimeoutError(<HTTPConnection(host='localhost', port=8000) at 0x105528a50>, 'Connection to localhost timed out. (connect timeout=None)')",1,2026-08-10T16:55:39Z,2026-08-10T16:55:39Z
GET,/api/v1/games/recent,"ConnectTimeoutError(<HTTPConnection(host='localhost', port=8000) at 0x105a9e650>, 'Connection to localhost timed out. (connect timeout=None)')",1,2026-08-10T16:55:48Z,2026-08-10T16:55:48Z
GET,/api/v1/games/recent,"ConnectTimeoutError(<HTTPConnection(host='localhost', port=8000) at 0x105d24b50>, 'Connection to localhost timed out. (connect timeout=None)')",1,2026-08-10T16:55:55Z,2026-08-10T16:55:55Z
GET,/api/v1/games/history,"ConnectTimeoutError(<HTTPConnection(host='localhost', port=8000) at 0x105ee9950>, 'Connection to localhost timed out. (connect timeout=None)')",1,2026-08-10T16:55:56Z,2026-08-10T16:55:56Z
GET,/api/v1/games/recent,"ConnectTimeoutError(<HTTPConnection(host='localhost', port=8000) at 0x105d04550>, 'Connection to localhost timed out. (connect timeout=None)')",1,2026-08-10T16:55:55Z,2026-08-10T16:55:55Z
GET,/api/v1/users/leaderboard,"ConnectTimeoutError(<HTTPConnection(host='localhost', port=8000) at 0x104fe8d50>, 'Connection to localhost timed out. (connect timeout=None)')",1,2026-08-10T16:55:30Z,2026-08-10T16:55:30Z
GET,/api/v1/games/history,"ConnectTimeoutError(<HTTPConnection(host='localhost', port=8000) at 0x104e2dd50>, 'Connection to localhost timed out. (connect timeout=None)')",1,2026-08-10T16:55:24Z,2026-08-10T16:55:24Z
GET,/api/v1/games/recent,"ConnectTimeoutError(<HTTPConnection(host='localhost', port=8000) at 0x1049c6d50>, 'Connection to localhost timed out. (connect timeout=None)')",1,2026-08-10T16:55:16Z,2026-08-10T16:55:16Z
GET,/api/v1/games/recent,"ConnectTimeoutError(<HTTPConnection(host='localhost', port=8000) at 0x104946150>, 'Connection to localhost timed out. (connect timeout=None)')",1,2026-08-10T16:55:16Z,2026-08-10T16:55:16Z
GET,/api/v1/users/leaderboard,"ConnectTimeoutError(<HTTPConnection(host='localhost', port=8000) at 0x105c9f650>, 'Connection to localhost timed out. (connect timeout=None)')",1,2026-08-10T16:55:55Z,2026-08-10T16:55:55Z
GET,/api/v1/users/leaderboard,"ConnectTimeoutError(<HTTPConnection(host='localhost', port=8000) at 0x104e15850>, 'Connection to localhost timed out. (connect timeout=None)')",1,2026-08-10T16:55:24Z,2026-08-10T16:55:24Z
GET,/api/v1/users/leaderboard,"ConnectTimeoutError(<HTTPConnection(host='localhost', port=8000) at 0x1046cc350>, 'Connection to localhost timed out. (connect timeout=None)')",1,2026-08-10T16:55:15Z,2026-08-10T16:55:15Z
GET,/api/v1/games/history,"ConnectTimeoutError(<HTTPConnection(host='localhost', port=8000) at 0x104b68150>, 'Connection to localhost timed out. (connect timeout=None)')",1,2026-08-10T16:55:22Z,2026-08-10T16:55:22Z
GET,/api/v1/games/recent,"ConnectTimeoutError(<HTTPConnection(host='localhost', port=8000) at 0x1049db350>, 'Connection to localhost timed out. (connect timeout=None)')",1,2026-08-10T16:55:22Z,2026-08-10T16:55:22Z
GET,/api/v1/games/history,"ConnectTimeoutError(<HTTPConnection(host='localhost', port=8000) at 0x104397d50>, 'Connection to localhost timed out. (connect timeout=None)')",1,2026-08-10T16:55:15Z,2026-08-10T16:55:15Z
GET,/api/v1/games/history,"ConnectTimeoutError(<HTTPConnection(host='localhost', port=8000) at 0x104e2d450>, 'Connection to localhost timed out. (connect timeout=None)')",1,2026-08-10T16:55:24Z,2026-08-10T16:55:24Z
GET,/api/v1/games/recent,"ConnectTimeoutError(<HTTPConnection(host='localhost', port=8000) at 0x10612c950>, 'Connection to localhost timed out. (connect timeout=None)')",1,2026-08-10T16:56:02Z,2026-08-10T16:56:02Z
GET,/api/v1/games/history,"ConnectTimeoutError(<HTTPConnection(host='localhost', port=8000) at 0x105eba850>, 'Connection to localhost timed out. (connect timeout=None)')",1,2026-08-10T16:55:56Z,2026-08-10T16:55:56Z
GET,/api/v1/users/leaderboard,"ConnectTimeoutError(<HTTPConnection(host='localhost', port=8000) at 0x106198750>, 'Connection to localhost timed out. (connect timeout=None)')",1,2026-08-10T16:56:03Z,2026-08-10T16:56:03Z
GET,/api/v1/games/history,"ConnectTimeoutError(<HTTPConnection(host='localhost', port=8000) at 0x104fbec50>, 'Connection to localhost timed out. (connect timeout=None)')",1,2026-08-10T16:55:30Z,2026-08-10T16:55:30Z
GET,/api/v1/users/leaderboard,"ConnectTimeoutError(<HTTPConnection(host='localhost', port=8000) at 0x105ebac50>, 'Connection to localhost timed out. (connect timeout=None)')",1,2026-08-10T16:55:56Z,2026-08-10T16:55:56Z
GET,/api/v1/users/leaderboard,"ConnectTimeoutError(<HTTPConnection(host='localhost', port=8000) at 0x104c4bb50>, 'Connection to localhost timed out. (connect timeout=None)')",1,2026-08-10T16:55:23Z,2026-08-10T16:55:23Z
GET,/api/v1/games/recent,"ConnectTimeoutError(<HTTPConnection(host='localhost', port=8000) at 0x105234850>, 'Connection to localhost timed out. (connect timeout=None)')",1,2026-08-10T16:55:32Z,2026-08-10T16:55:32Z
GET,/api/v1/games/recent,"ConnectTimeoutError(<HTTPConnection(host='localhost', port=8000) at 0x104c69950>, 'Connection to localhost timed out. (connect timeout=None)')",1,2026-08-10T16:55:23Z,2026-08-10T16:55:23Z
GET,/api/v1/users/leaderboard,"ConnectTimeoutError(<HTTPConnection(host='localhost', port=8000) at 0x10612f150>, 'Connection to localhost timed out. (connect timeout=None)')",1,2026-08-10T16:56:03Z,2026-08-10T16:56:03Z
GET,/api/v1/games/history,"ConnectTimeoutError(<HTTPConnection(host='localhost', port=8000) at 0x106097750>, 'Connection to localhost timed out. (connect timeout=None)')",1,2026-08-10T16:56:02Z,2026-08-10T16:56:02Z
GET,/api/v1/users/leaderboard,"ConnectTimeoutError(<HTTPConnection(host='localhost', port=8000) at 0x104a30050>, 'Connection to localhost timed out. (connect timeout=None)')",1,2026-08-10T16:55:16Z,2026-08-10T16:55:16Z
GET,/api/v1/games/history,"ConnectTimeoutError(<HTTPConnection(host='localhost', port=8000) at 0x103f90450>, 'Connection to localhost timed out. (connect timeout=None)')",1,2026-08-10T16:55:15Z,2026-08-10T16:55:15Z
GET,/api/v1/users/leaderboard,"ConnectTimeoutError(<HTTPConnection(host='localhost', port=8000) at 0x105c9fc50>, 'Connection to localhost timed out. (connect timeout=None)')",1,2026-08-10T16:55:55Z,2026-08-10T16:55:55Z
GET,/api/v1/users/leaderboard,"ConnectTimeoutError(<HTTPConnection(host='localhost', port=8000) at 0x103ae2550>, 'Connection to localhost timed out. (connect timeout=None)')",1,2026-08-10T16:55:15Z,2026-08-10T16:55:15Z
GET,/api/v1/games/recent,"ConnectTimeoutError(<HTTPConnection(host='localhost', port=8000) at 0x105d07150>, 'Connection to localhost timed out. (connect timeout=None)')",1,2026-08-10T16:55:55Z,2026-08-10T16:55:55Z
GET,/api/v1/games/history,"ConnectTimeoutError(<HTTPConnection(host='localhost', port=8000) at 0x105846e50>, 'Connection to localhost timed out. (connect timeout=None)')",1,2026-08-10T16:55:46Z,2026-08-10T16:55:46Z
GET,/api/v1/games/recent,"ConnectTimeoutError(<HTTPConnection(host='localhost', port=8000) at 0x104396250>, 'Connection to localhost timed out. (connect timeout=None)')",1,2026-08-10T16:55:15Z,2026-08-10T16:55:15Z
GET,/api/v1/games/recent,"ConnectTimeoutError(<HTTPConnection(host='localhost', port=8000) at 0x105a9d250>, 'Connection to localhost timed out. (connect timeout=None)')",1,2026-08-10T16:55:48Z,2026-08-10T16:55:48Z
GET,/api/v1/users/leaderboard,"ConnectTimeoutError(<HTTPConnection(host='localhost', port=8000) at 0x105691350>, 'Connection to localhost timed out. (connect timeout=None)')",1,2026-08-10T16:55:40Z,2026-08-10T16:55:40Z
GET,/api/v1/users/leaderboard,"ConnectTimeoutError(<HTTPConnection(host='localhost', port=8000) at 0x104bdd250>, 'Connection to localhost timed out. (connect timeout=None)')",1,2026-08-10T16:55:23Z,2026-08-10T16:55:23Z
GET,/api/v1/users/leaderboard,"ConnectTimeoutError(<HTTPConnection(host='localhost', port=8000) at 0x1061e4e50>, 'Connection to localhost timed out. (connect timeout=None)')",1,2026-08-10T16:56:03Z,2026-08-10T16:56:03Z
GET,/api/v1/users/leaderboard,"ConnectTimeoutError(<HTTPConnection(host='localhost', port=8000) at 0x104945550>, 'Connection to localhost timed out. (connect timeout=None)')",1,2026-08-10T16:55:16Z,2026-08-10T16:55:16Z
GET,/api/v1/users/leaderboard,"ConnectTimeoutError(<HTTPConnection(host='localhost', port=8000) at 0x105430c50>, 'Connection to localhost timed out. (connect timeout=None)')",1,2026-08-10T16:55:38Z,2026-08-10T16:55:38Z
GET,/api/v1/users/leaderboard,"ConnectTimeoutError(<HTTPConnection(host='localhost', port=8000) at 0x103a1ae50>, 'Connection to localhost timed out. (connect timeout=None)')",1,2026-08-10T16:55:15Z,2026-08-10T16:55:15Z
GET,/api/v1/users/leaderboard,"ConnectTimeoutError(<HTTPConnection(host='localhost', port=8000) at 0x104591350>, 'Connection to localhost timed out. (connect timeout=None)')",1,2026-08-10T16:55:15Z,2026-08-10T16:55:15Z
GET,/api/v1/users/leaderboard,"ConnectTimeoutError(<HTTPConnection(host='localhost', port=8000) at 0x105240450>, 'Connection to localhost timed out. (connect timeout=None)')",1,2026-08-10T16:55:47Z,2026-08-10T16:55:47Z
GET,/api/v1/users/leaderboard,"ConnectTimeoutError(<HTTPConnection(host='localhost', port=8000) at 0x105b1a250>, 'Connection to localhost timed out. (connect timeout=None)')",1,2026-08-10T16:55:48Z,2026-08-10T16:55:48Z
GET,/api/v1/games/history,"ConnectTimeoutError(<HTTPConnection(host='localhost', port=8000) at 0x105939050>, 'Connection to localhost timed out. (connect timeout=None)')",1,2026-08-10T16:55:47Z,2026-08-10T16:55:47Z
GET,/api/v1/users/leaderboard,"ConnectTimeoutError(<HTTPConnection(host='localhost', port=8000) at 0x105a9f950>, 'Connection to localhost timed out. (connect timeout=None)')",1,2026-08-10T16:55:48Z,2026-08-10T16:55:48Z
GET,/api/v1/games/recent,"ConnectTimeoutError(<HTTPConnection(host='localhost', port=8000) at 0x105a4ec50>, 'Connection to localhost timed out. (connect timeout=None)')",1,2026-08-10T16:55:48Z,2026-08-10T16:55:48Z
GET,/api/v1/users/leaderboard,"ConnectTimeoutError(<HTTPConnection(host='localhost', port=8000) at 0x104dea950>, 'Connection to localhost timed out. (connect timeout=None)')",1,2026-08-10T16:55:24Z,2026-08-10T16:55:24Z
GET,/api/v1/users/leaderboard,"ConnectTimeoutError(<HTTPConnection(host='localhost', port=8000) at 0x104882650>, 'Connection to localhost timed out. (connect timeout=None)')",1,2026-08-10T16:55:16Z,2026-08-10T16:55:16Z
GET,/api/v1/users/leaderboard,"ConnectTimeoutError(<HTTPConnection(host='localhost', port=8000) at 0x105a9ee50>, 'Connection to localhost timed out. (connect timeout=None)')",1,2026-08-10T16:55:48Z,2026-08-10T16:55:48Z
GET,/api/v1/games/history,"ConnectTimeoutError(<HTTPConnection(host='localhost', port=8000) at 0x10612d350>, 'Connection to localhost timed out. (connect timeout=None)')",1,2026-08-10T16:56:02Z,2026-08-10T16:56:02Z
GET,/api/v1/users/leaderboard,"ConnectTimeoutError(<HTTPConnection(host='localhost', port=8000) at 0x105b94b50>, 'Connection to localhost timed out. (connect timeout=None)')",1,2026-08-10T16:55:48Z,2026-08-10T16:55:48Z
GET,/api/v1/games/history,"ConnectTimeoutError(<HTTPConnection(host='localhost', port=8000) at 0x105d5dc50>, 'Connection to localhost timed out. (connect timeout=None)')",1,2026-08-10T16:55:55Z,2026-08-10T16:55:55Z
GET,/api/v1/games/recent,"ConnectTimeoutError(<HTTPConnection(host='localhost', port=8000) at 0x105691950>, 'Connection to localhost timed out. (connect timeout=None)')",1,2026-08-10T16:55:40Z,2026-08-10T16:55:40Z
GET,/api/v1/games/recent,"ConnectTimeoutError(<HTTPConnection(host='localhost', port=8000) at 0x105c6a750>, 'Connection to localhost timed out. (connect timeout=None)')",1,2026-08-10T16:55:54Z,2026-08-10T16:55:54Z
GET,/api/v1/users/leaderboard,"ConnectTimeoutError(<HTTPConnection(host='localhost', port=8000) at 0x1058fc250>, 'Connection to localhost timed out. (connect timeout=None)')",1,2026-08-10T16:55:47Z,2026-08-10T16:55:47Z
GET,/api/v1/games/history,"ConnectTimeoutError(<HTTPConnection(host='localhost', port=8000) at 0x105ee8650>, 'Connection to localhost timed out. (connect timeout=None)')",1,2026-08-10T16:55:56Z,2026-08-10T16:55:56Z
GET,/api/v1/users/leaderboard,"ConnectTimeoutError(<HTTPConnection(host='localhost', port=8000) at 0x1056be850>, 'Connection to localhost timed out. (connect timeout=None)')",1,2026-08-10T16:55:40Z,2026-08-10T16:55:40Z
GET,/api/v1/users/leaderboard,"ConnectTimeoutError(<HTTPConnection(host='localhost', port=8000) at 0x105f26a50>, 'Connection to localhost timed out. (connect timeout=None)')",1,2026-08-10T16:55:56Z,2026-08-10T16:55:56Z
GET,/api/v1/users/leaderboard,"ConnectTimeoutError(<HTTPConnection(host='localhost', port=8000) at 0x104bde550>, 'Connection to localhost timed out. (connect timeout=None)')",1,2026-08-10T16:55:23Z,2026-08-10T16:55:23Z
GET,/api/v1/users/leaderboard,"ConnectTimeoutError(<HTTPConnection(host='localhost', port=8000) at 0x106055c50>, 'Connection to localhost timed out. (connect timeout=None)')",1,2026-08-10T16:56:02Z,2026-08-10T16:56:02Z
GET,/api/v1/users/leaderboard,"ConnectTimeoutError(<HTTPConnection(host='localhost', port=8000) at 0x105278950>, 'Connection to localhost timed out. (connect timeout=None)')",1,2026-08-10T16:55:32Z,2026-08-10T16:55:32Z
GET,/api/v1/games/recent,"ConnectTimeoutError(<HTTPConnection(host='localhost', port=8000) at 0x105846c50>, 'Connection to localhost timed out. (connect timeout=None)')",1,2026-08-10T16:55:46Z,2026-08-10T16:55:46Z
GET,/api/v1/users/leaderboard,"ConnectTimeoutError(<HTTPConnection(host='localhost', port=8000) at 0x105243050>, 'Connection to localhost timed out. (connect timeout=None)')",1,2026-08-10T16:55:47Z,2026-08-10T16:55:47Z
GET,/api/v1/games/recent,"ConnectTimeoutError(<HTTPConnection(host='localhost', port=8000) at 0x105df9850>, 'Connection to localhost timed out. (connect timeout=None)')",1,2026-08-10T16:55:55Z,2026-08-10T16:55:55Z
GET,/api/v1/users/leaderboard,"ConnectTimeoutError(<HTTPConnection(host='localhost', port=8000) at 0x103f91d50>, 'Connection to localhost timed out. (connect timeout=None)')",1,2026-08-10T16:55:14Z,2026-08-10T16:55:14Z
GET,/api/v1/games/recent,"ConnectTimeoutError(<HTTPConnection(host='localhost', port=8000) at 0x1052b0850>, 'Connection to localhost timed out. (connect timeout=None)')",1,2026-08-10T16:55:32Z,2026-08-10T16:55:32Z
GET,/api/v1/games/recent,"ConnectTimeoutError(<HTTPConnection(host='localhost', port=8000) at 0x105063350>, 'Connection to localhost timed out. (connect timeout=None)')",1,2026-08-10T16:55:31Z,2026-08-10T16:55:31Z
GET,/api/v1/games/history,"ConnectTimeoutError(<HTTPConnection(host='localhost', port=8000) at 0x104bdfd50>, 'Connection to localhost timed out. (connect timeout=None)')",1,2026-08-10T16:55:23Z,2026-08-10T16:55:23Z
GET,/api/v1/users/leaderboard,"ConnectTimeoutError(<HTTPConnection(host='localhost', port=8000) at 0x106152a50>, 'Connection to localhost timed out. (connect timeout=None)')",1,2026-08-10T16:56:03Z,2026-08-10T16:56:03Z
GET,/api/v1/users/leaderboard,"ConnectTimeoutError(<HTTPConnection(host='localhost', port=8000) at 0x105ee9d50>, 'Connection to localhost timed out. (connect timeout=None)')",1,2026-08-10T16:55:56Z,2026-08-10T16:55:56Z
GET,/api/v1/games/history,"ConnectTimeoutError(<HTTPConnection(host='localhost', port=8000) at 0x103f27b50>, 'Connection to localhost timed out. (connect timeout=None)')",1,2026-08-10T16:55:15Z,2026-08-10T16:55:15Z
GET,/api/v1/users/leaderboard,"ConnectTimeoutError(<HTTPConnection(host='localhost', port=8000) at 0x104880150>, 'Connection to localhost timed out. (connect timeout=None)')",1,2026-08-10T16:55:16Z,2026-08-10T16:55:16Z
GET,/api/v1/games/history,"ConnectTimeoutError(<HTTPConnection(host='localhost', port=8000) at 0x104c6b350>, 'Connection to localhost timed out. (connect timeout=None)')",1,2026-08-10T16:55:23Z,2026-08-10T16:55:23Z
GET,/api/v1/games/history,"ConnectTimeoutError(<HTTPConnection(host='localhost', port=8000) at 0x105eb9950>, 'Connection to localhost timed out. (connect timeout=None)')",1,2026-08-10T16:55:56Z,2026-08-10T16:55:56Z
GET,/api/v1/games/recent,"ConnectTimeoutError(<HTTPConnection(host='localhost', port=8000) at 0x105db9850>, 'Connection to localhost timed out. (connect timeout=None)')",1,2026-08-10T16:55:55Z,2026-08-10T16:55:55Z
GET,/api/v1/games/recent,"ConnectTimeoutError(<HTTPConnection(host='localhost', port=8000) at 0x105ee9750>, 'Connection to localhost timed out. (connect timeout=None)')",1,2026-08-10T16:55:56Z,2026-08-10T16:55:56Z
GET,/api/v1/games/recent,"ConnectTimeoutError(<HTTPConnection(host='localhost', port=8000) at 0x105d06650>, 'Connection to localhost timed out. (connect timeout=None)')",1,2026-08-10T16:55:55Z,2026-08-10T16:55:55Z
GET,/api/v1/users/leaderboard,"ConnectTimeoutError(<HTTPConnection(host='localhost', port=8000) at 0x105584050>, 'Connection to localhost timed out. (connect timeout=None)')",1,2026-08-10T16:55:39Z,2026-08-10T16:55:39Z
GET,/api/v1/users/leaderboard,"ConnectTimeoutError(<HTTPConnection(host='localhost', port=8000) at 0x105253250>, 'Connection to localhost timed out. (connect timeout=None)')",1,2026-08-10T16:55:32Z,2026-08-10T16:55:32Z
GET,/api/v1/games/history,"ConnectTimeoutError(<HTTPConnection(host='localhost', port=8000) at 0x1050b1950>, 'Connection to localhost timed out. (connect timeout=None)')",1,2026-08-10T16:55:31Z,2026-08-10T16:55:31Z
GET,/api/v1/users/leaderboard,"ConnectTimeoutError(<HTTPConnection(host='localhost', port=8000) at 0x1046cf750>, 'Connection to localhost timed out. (connect timeout=None)')",1,2026-08-10T16:55:16Z,2026-08-10T16:55:16Z
GET,/api/v1/games/history,"ConnectTimeoutError(<HTTPConnection(host='localhost', port=8000) at 0x105ebb050>, 'Connection to localhost timed out. (connect timeout=None)')",1,2026-08-10T16:55:56Z,2026-08-10T16:55:56Z
GET,/api/v1/users/leaderboard,"ConnectTimeoutError(<HTTPConnection(host='localhost', port=8000) at 0x105d5f050>, 'Connection to localhost timed out. (connect timeout=None)')",1,2026-08-10T16:55:55Z,2026-08-10T16:55:55Z
GET,/api/v1/users/leaderboard,"ConnectTimeoutError(<HTTPConnection(host='localhost', port=8000) at 0x105236350>, 'Connection to localhost timed out. (connect timeout=None)')",1,2026-08-10T16:55:32Z,2026-08-10T16:55:32Z
GET,/api/v1/games/history,"ConnectTimeoutError(<HTTPConnection(host='localhost', port=8000) at 0x104944950>, 'Connection to localhost timed out. (connect timeout=None)')",1,2026-08-10T16:55:16Z,2026-08-10T16:55:16Z
GET,/api/v1/games/history,"ConnectTimeoutError(<HTTPConnection(host='localhost', port=8000) at 0x105243250>, 'Connection to localhost timed out. (connect timeout=None)')",1,2026-08-10T16:55:47Z,2026-08-10T16:55:47Z
GET,/api/v1/users/leaderboard,"ConnectTimeoutError(<HTTPConnection(host='localhost', port=8000) at 0x105d5ce50>, 'Connection to localhost timed out. (connect timeout=None)')",1,2026-08-10T16:55:55Z,2026-08-10T16:55:55Z
GET,/api/v1/games/recent,"ConnectTimeoutError(<HTTPConnection(host='localhost', port=8000) at 0x105844c50>, 'Connection to localhost timed out. (connect timeout=None)')",1,2026-08-10T16:55:46Z,2026-08-10T16:55:46Z
GET,/api/v1/users/leaderboard,"ConnectTimeoutError(<HTTPConnection(host='localhost', port=8000) at 0x1052b1550>, 'Connection to localhost timed out. (connect timeout=None)')",1,2026-08-10T16:55:32Z,2026-08-10T16:55:32Z
GET,/api/v1/games/recent,"ConnectTimeoutError(<HTTPConnection(host='localhost', port=8000) at 0x1049c7150>, 'Connection to localhost timed out. (connect timeout=None)')",1,2026-08-10T16:55:16Z,2026-08-10T16:55:16Z
GET,/api/v1/games/recent,"ConnectTimeoutError(<HTTPConnection(host='localhost', port=8000) at 0x10552a050>, 'Connection to localhost timed out. (connect timeout=None)')",1,2026-08-10T16:55:39Z,2026-08-10T16:55:39Z
GET,/api/v1/users/leaderboard,"ConnectTimeoutError(<HTTPConnection(host='localhost', port=8000) at 0x104591f50>, 'Connection to localhost timed out. (connect timeout=None)')",1,2026-08-10T16:55:15Z,2026-08-10T16:55:15Z
GET,/api/v1/users/leaderboard,"ConnectTimeoutError(<HTTPConnection(host='localhost', port=8000) at 0x10612d150>, 'Connection to localhost timed out. (connect timeout=None)')",1,2026-08-10T16:56:02Z,2026-08-10T16:56:02Z
GET,/api/v1/users/leaderboard,"ConnectTimeoutError(<HTTPConnection(host='localhost', port=8000) at 0x105e76a50>, 'Connection to localhost timed out. (connect timeout=None)')",1,2026-08-10T16:55:56Z,2026-08-10T16:55:56Z
GET,/api/v1/users/leaderboard,"ConnectTimeoutError(<HTTPConnection(host='localhost', port=8000) at 0x1049c5f50>, 'Connection to localhost timed out. (connect timeout=None)')",1,2026-08-10T16:55:16Z,2026-08-10T16:55:16Z
GET,/api/v1/games/recent,"ConnectTimeoutError(<HTTPConnection(host='localhost', port=8000) at 0x106151650>, 'Connection to localhost timed out. (connect timeout=None)')",1,2026-08-10T16:56:03Z,2026-08-10T16:56:03Z
GET,/api/v1/users/leaderboard,"ConnectTimeoutError(<HTTPConnection(host='localhost', port=8000) at 0x105d04950>, 'Connection to localhost timed out. (connect timeout=None)')",1,2026-08-10T16:55:55Z,2026-08-10T16:55:55Z
GET,/api/v1/games/recent,"ConnectTimeoutError(<HTTPConnection(host='localhost', port=8000) at 0x1053ece50>, 'Connection to localhost timed out. (connect timeout=None)')",1,2026-08-10T16:55:38Z,2026-08-10T16:55:38Z
GET,/api/v1/users/leaderboard,"ConnectTimeoutError(<HTTPConnection(host='localhost', port=8000) at 0x1060dfa50>, 'Connection to localhost timed out. (connect timeout=None)')",1,2026-08-10T16:56:02Z,2026-08-10T16:56:02Z
GET,/api/v1/users/leaderboard,"ConnectTimeoutError(<HTTPConnection(host='localhost', port=8000) at 0x104a31d50>, 'Connection to localhost timed out. (connect timeout=None)')",1,2026-08-10T16:55:16Z,2026-08-10T16:55:16Z
GET,/api/v1/games/history,"ConnectTimeoutError(<HTTPConnection(host='localhost', port=8000) at 0x105eba150>, 'Connection to localhost timed out. (connect timeout=None)')",1,2026-08-10T16:55:56Z,2026-08-10T16:55:56Z
GET,/api/v1/users/leaderboard,"ConnectTimeoutError(<HTTPConnection(host='localhost', port=8000) at 0x1052b1e50>, 'Connection to localhost timed out. (connect timeout=None)')",1,2026-08-10T16:55:32Z,2026-08-10T16:55:32Z
GET,/api/v1/users/leaderboard,"ConnectTimeoutError(<HTTPConnection(host='localhost', port=8000) at 0x105691d50>, 'Connection to localhost timed out. (connect timeout=None)')",1,2026-08-10T16:55:40Z,2026-08-10T16:55:40Z
GET,/api/v1/games/recent,"ConnectTimeoutError(<HTTPConnection(host='localhost', port=8000) at 0x1054bb750>, 'Connection to localhost timed out. (connect timeout=None)')",1,2026-08-10T16:55:39Z,2026-08-10T16:55:39Z
GET,/api/v1/users/leaderboard,"ConnectTimeoutError(<HTTPConnection(host='localhost', port=8000) at 0x105f7d450>, 'Connection to localhost timed out. (connect timeout=None)')",1,2026-08-10T16:55:56Z,2026-08-10T16:55:56Z
GET,/api/v1/games/recent,"ConnectTimeoutError(<HTTPConnection(host='localhost', port=8000) at 0x1050e5c50>, 'Connection to localhost timed out. (connect timeout=None)')",1,2026-08-10T16:55:31Z,2026-08-10T16:55:31Z
GET,/api/v1/users/leaderboard,"ConnectTimeoutError(<HTTPConnection(host='localhost', port=8000) at 0x105670850>, 'Connection to localhost timed out. (connect timeout=None)')",1,2026-08-10T16:55:40Z,2026-08-10T16:55:40Z
GET,/api/v1/games/recent,"ConnectTimeoutError(<HTTPConnection(host='localhost', port=8000) at 0x105eb8b50>, 'Connection to localhost timed out. (connect timeout=None)')",1,2026-08-10T16:55:56Z,2026-08-10T16:55:56Z
GET,/api/v1/games/history,"ConnectTimeoutError(<HTTPConnection(host='localhost', port=8000) at 0x10593af50>, 'Connection to localhost timed out. (connect timeout=None)')",1,2026-08-10T16:55:47Z,2026-08-10T16:55:47Z
GET,/api/v1/games/recent,"ConnectTimeoutError(<HTTPConnection(host='localhost', port=8000) at 0x105235950>, 'Connection to localhost timed out. (connect timeout=None)')",1,2026-08-10T16:55:32Z,2026-08-10T16:55:32Z
GET,/api/v1/games/history,"ConnectTimeoutError(<HTTPConnection(host='localhost', port=8000) at 0x10508ca50>, 'Connection to localhost timed out. (connect timeout=None)')",1,2026-08-10T16:55:31Z,2026-08-10T16:55:31Z
GET,/api/v1/games/history,"ConnectTimeoutError(<HTTPConnection(host='localhost', port=8000) at 0x106055250>, 'Connection to localhost timed out. (connect timeout=None)')",1,2026-08-10T16:56:01Z,2026-08-10T16:56:01Z
GET,/api/v1/games/history,"ConnectTimeoutError(<HTTPConnection(host='localhost', port=8000) at 0x105672950>, 'Connection to localhost timed out. (connect timeout=None)')",1,2026-08-10T16:55:40Z,2026-08-10T16:55:40Z
GET,/api/v1/games/recent,"ConnectTimeoutError(<HTTPConnection(host='localhost', port=8000) at 0x105062750>, 'Connection to localhost timed out. (connect timeout=None)')",1,2026-08-10T16:55:31Z,2026-08-10T16:55:31Z
GET,/api/v1/users/leaderboard,"ConnectTimeoutError(<HTTPConnection(host='localhost', port=8000) at 0x105dbb850>, 'Connection to localhost timed out. (connect timeout=None)')",1,2026-08-10T16:55:55Z,2026-08-10T16:55:55Z
GET,/api/v1/games/recent,"ConnectTimeoutError(<HTTPConnection(host='localhost', port=8000) at 0x104396950>, 'Connection to localhost timed out. (connect timeout=None)')",1,2026-08-10T16:55:15Z,2026-08-10T16:55:15Z
GET,/api/v1/games/recent,"ConnectTimeoutError(<HTTPConnection(host='localhost', port=8000) at 0x104fbd350>, 'Connection to localhost timed out. (connect timeout=None)')",1,2026-08-10T16:55:30Z,2026-08-10T16:55:30Z
GET,/api/v1/users/leaderboard,"ConnectTimeoutError(<HTTPConnection(host='localhost', port=8000) at 0x105b94d50>, 'Connection to localhost timed out. (connect timeout=None)')",1,2026-08-10T16:55:48Z,2026-08-10T16:55:48Z
GET,/api/v1/games/recent,"ConnectTimeoutError(<HTTPConnection(host='localhost', port=8000) at 0x10619a950>, 'Connection to localhost timed out. (connect timeout=None)')",1,2026-08-10T16:56:03Z,2026-08-10T16:56:03Z
GET,/api/v1/users/leaderboard,"ConnectTimeoutError(<HTTPConnection(host='localhost', port=8000) at 0x105c9fa50>, 'Connection to localhost timed out. (connect timeout=None)')",1,2026-08-10T16:55:55Z,2026-08-10T16:55:55Z
GET,/api/v1/games/recent,"ConnectTimeoutError(<HTTPConnection(host='localhost', port=8000) at 0x105d07650>, 'Connection to localhost timed out. (connect timeout=None)')",1,2026-08-10T16:55:55Z,2026-08-10T16:55:55Z
GET,/api/v1/games/history,"ConnectTimeoutError(<HTTPConnection(host='localhost', port=8000) at 0x105e76e50>, 'Connection to localhost timed out. (connect timeout=None)')",1,2026-08-10T16:55:56Z,2026-08-10T16:55:56Z
GET,/api/v1/games/history,"ConnectTimeoutError(<HTTPConnection(host='localhost', port=8000) at 0x105061d50>, 'Connection to localhost timed out. (connect timeout=None)')",1,2026-08-10T16:55:31Z,2026-08-10T16:55:31Z
GET,/api/v1/users/leaderboard,"ConnectTimeoutError(<HTTPConnection(host='localhost', port=8000) at 0x106056150>, 'Connection to localhost timed out. (connect timeout=None)')",1,2026-08-10T16:56:01Z,2026-08-10T16:56:01Z
GET,/api/v1/games/recent,"ConnectTimeoutError(<HTTPConnection(host='localhost', port=8000) at 0x104e15f50>, 'Connection to localhost timed out. (connect timeout=None)')",1,2026-08-10T16:55:24Z,2026-08-10T16:55:24Z
GET,/api/v1/games/recent,"ConnectTimeoutError(<HTTPConnection(host='localhost', port=8000) at 0x105c9f850>, 'Connection to localhost timed out. (connect timeout=None)')",1,2026-08-10T16:55:55Z,2026-08-10T16:55:55Z
GET,/api/v1/games/history,"ConnectTimeoutError(<HTTPConnection(host='localhost', port=8000) at 0x1050b3c50>, 'Connection to localhost timed out. (connect timeout=None)')",1,2026-08-10T16:55:31Z,2026-08-10T16:55:31Z
GET,/api/v1/users/leaderboard,"ConnectTimeoutError(<HTTPConnection(host='localhost', port=8000) at 0x104e2f350>, 'Connection to localhost timed out. (connect timeout=None)')",1,2026-08-10T16:55:24Z,2026-08-10T16:55:24Z
GET,/api/v1/users/leaderboard,"ConnectTimeoutError(<HTTPConnection(host='localhost', port=8000) at 0x105f24750>, 'Connection to localhost timed out. (connect timeout=None)')",1,2026-08-10T16:55:56Z,2026-08-10T16:55:56Z
GET,/api/v1/games/recent,"ConnectTimeoutError(<HTTPConnection(host='localhost', port=8000) at 0x105b46150>, 'Connection to localhost timed out. (connect timeout=None)')",1,2026-08-10T16:55:48Z,2026-08-10T16:55:48Z
GET,/api/v1/users/leaderboard,"ConnectTimeoutError(<HTTPConnection(host='localhost', port=8000) at 0x104c48950>, 'Connection to localhost timed out. (connect timeout=None)')",1,2026-08-10T16:55:23Z,2026-08-10T16:55:23Z
GET,/api/v1/games/history,"ConnectTimeoutError(<HTTPConnection(host='localhost', port=8000) at 0x105c68550>, 'Connection to localhost timed out. (connect timeout=None)')",1,2026-08-10T16:55:54Z,2026-08-10T16:55:54Z
GET,/api/v1/users/leaderboard,"ConnectTimeoutError(<HTTPConnection(host='localhost', port=8000) at 0x105d06150>, 'Connection to localhost timed out. (connect timeout=None)')",1,2026-08-10T16:55:55Z,2026-08-10T16:55:55Z
GET,/api/v1/users/leaderboard,"ConnectTimeoutError(<HTTPConnection(host='localhost', port=8000) at 0x104c68050>, 'Connection to localhost timed out. (connect timeout=None)')",1,2026-08-10T16:55:23Z,2026-08-10T16:55:23Z
GET,/api/v1/games/recent,"ConnectTimeoutError(<HTTPConnection(host='localhost', port=8000) at 0x1053edf50>, 'Connection to localhost timed out. (connect timeout=None)')",1,2026-08-10T16:55:38Z,2026-08-10T16:55:38Z
GET,/api/v1/games/recent,"ConnectTimeoutError(<HTTPConnection(host='localhost', port=8000) at 0x104dea450>, 'Connection to localhost timed out. (connect timeout=None)')",1,2026-08-10T16:55:24Z,2026-08-10T16:55:24Z
GET,/api/v1/users/leaderboard,"ConnectTimeoutError(<HTTPConnection(host='localhost', port=8000) at 0x105b19150>, 'Connection to localhost timed out. (connect timeout=None)')",1,2026-08-10T16:55:48Z,2026-08-10T16:55:48Z
GET,/api/v1/games/recent,"ConnectTimeoutError(<HTTPConnection(host='localhost', port=8000) at 0x105b44550>, 'Connection to localhost timed out. (connect timeout=None)')",1,2026-08-10T16:55:48Z,2026-08-10T16:55:48Z
GET,/api/v1/games/recent,"ConnectTimeoutError(<HTTPConnection(host='localhost', port=8000) at 0x106096e50>, 'Connection to localhost timed out. (connect timeout=None)')",1,2026-08-10T16:56:02Z,2026-08-10T16:56:02Z
GET,/api/v1/users/leaderboard,"ConnectTimeoutError(<HTTPConnection(host='localhost', port=8000) at 0x1058fe750>, 'Connection to localhost timed out. (connect timeout=None)')",1,2026-08-10T16:55:47Z,2026-08-10T16:55:47Z
GET,/api/v1/games/recent,"ConnectTimeoutError(<HTTPConnection(host='localhost', port=8000) at 0x10593ad50>, 'Connection to localhost timed out. (connect timeout=None)')",1,2026-08-10T16:55:47Z,2026-08-10T16:55:47Z
GET,/api/v1/users/leaderboard,"ConnectTimeoutError(<HTTPConnection(host='localhost', port=8000) at 0x10508d450>, 'Connection to localhost timed out. (connect timeout=None)')",1,2026-08-10T16:55:31Z,2026-08-10T16:55:31Z
GET,/api/v1/users/leaderboard,"ConnectTimeoutError(<HTTPConnection(host='localhost', port=8000) at 0x105242050>, 'Connection to localhost timed out. (connect timeout=None)')",1,2026-08-10T16:55:47Z,2026-08-10T16:55:47Z
GET,/api/v1/users/leaderboard,"ConnectTimeoutError(<HTTPConnection(host='localhost', port=8000) at 0x104e17050>, 'Connection to localhost timed out. (connect timeout=None)')",1,2026-08-10T16:55:24Z,2026-08-10T16:55:24Z
GET,/api/v1/users/leaderboard,"ConnectTimeoutError(<HTTPConnection(host='localhost', port=8000) at 0x105846050>, 'Connection to localhost timed out. (connect timeout=None)')",1,2026-08-10T16:55:46Z,2026-08-10T16:55:46Z
GET,/api/v1/users/leaderboard,"ConnectTimeoutError(<HTTPConnection(host='localhost', port=8000) at 0x1056bf550>, 'Connection to localhost timed out. (connect timeout=None)')",1,2026-08-10T16:55:40Z,2026-08-10T16:55:40Z
GET,/api/v1/games/history,"ConnectTimeoutError(<HTTPConnection(host='localhost', port=8000) at 0x1058fc450>, 'Connection to localhost timed out. (connect timeout=None)')",1,2026-08-10T16:55:47Z,2026-08-10T16:55:47Z
GET,/api/v1/users/leaderboard,"ConnectTimeoutError(<HTTPConnection(host='localhost', port=8000) at 0x105d07e50>, 'Connection to localhost timed out. (connect timeout=None)')",1,2026-08-10T16:55:55Z,2026-08-10T16:55:55Z
GET,/api/v1/games/recent,"ConnectTimeoutError(<HTTPConnection(host='localhost', port=8000) at 0x105c1a150>, 'Connection to localhost timed out. (connect timeout=None)')",1,2026-08-10T16:55:53Z,2026-08-10T16:55:53Z
GET,/api/v1/users/leaderboard,"ConnectTimeoutError(<HTTPConnection(host='localhost', port=8000) at 0x105063d50>, 'Connection to localhost timed out. (connect timeout=None)')",1,2026-08-10T16:55:31Z,2026-08-10T16:55:31Z
GET,/api/v1/users/leaderboard,"ConnectTimeoutError(<HTTPConnection(host='localhost', port=8000) at 0x105f7e050>, 'Connection to localhost timed out. (connect timeout=None)')",1,2026-08-10T16:55:56Z,2026-08-10T16:55:56Z
GET,/api/v1/games/recent,"ConnectTimeoutError(<HTTPConnection(host='localhost', port=8000) at 0x105d06350>, 'Connection to localhost timed out. (connect timeout=None)')",1,2026-08-10T16:55:55Z,2026-08-10T16:55:55Z
GET,/api/v1/users/leaderboard,"ConnectTimeoutError(<HTTPConnection(host='localhost', port=8000) at 0x104c49a50>, 'Connection to localhost timed out. (connect timeout=None)')",1,2026-08-10T16:55:23Z,2026-08-10T16:55:23Z
GET,/api/v1/games/history,"ConnectTimeoutError(<HTTPConnection(host='localhost', port=8000) at 0x104bde150>, 'Connection to localhost timed out. (connect timeout=None)')",1,2026-08-10T16:55:23Z,2026-08-10T16:55:23Z
GET,/api/v1/users/leaderboard,"ConnectTimeoutError(<HTTPConnection(host='localhost', port=8000) at 0x105235f50>, 'Connection to localhost timed out. (connect timeout=None)')",1,2026-08-10T16:55:32Z,2026-08-10T16:55:32Z
GET,/api/v1/games/recent,"ConnectTimeoutError(<HTTPConnection(host='localhost', port=8000) at 0x105ee9b50>, 'Connection to localhost timed out. (connect timeout=None)')",1,2026-08-10T16:55:56Z,2026-08-10T16:55:56Z
GET,/api/v1/games/history,"ConnectTimeoutError(<HTTPConnection(host='localhost', port=8000) at 0x10612fd50>, 'Connection to localhost timed out. (connect timeout=None)')",1,2026-08-10T16:56:03Z,2026-08-10T16:56:03Z
GET,/api/v1/users/leaderboard,"ConnectTimeoutError(<HTTPConnection(host='localhost', port=8000) at 0x105ebb950>, 'Connection to localhost timed out. (connect timeout=None)')",1,2026-08-10T16:55:56Z,2026-08-10T16:55:56Z
GET,/api/v1/games/recent,"ConnectTimeoutError(<HTTPConnection(host='localhost', port=8000) at 0x105499150>, 'Connection to localhost timed out. (connect timeout=None)')",1,2026-08-10T16:55:39Z,2026-08-10T16:55:39Z
GET,/api/v1/users/leaderboard,"ConnectTimeoutError(<HTTPConnection(host='localhost', port=8000) at 0x105979250>, 'Connection to localhost timed out. (connect timeout=None)')",1,2026-08-10T16:55:47Z,2026-08-10T16:55:47Z
GET,/api/v1/users/leaderboard,"ConnectTimeoutError(<HTTPConnection(host='localhost', port=8000) at 0x103ae2050>, 'Connection to localhost timed out. (connect timeout=None)')",1,2026-08-10T16:55:15Z,2026-08-10T16:55:15Z
GET,/api/v1/users/leaderboard,"ConnectTimeoutError(<HTTPConnection(host='localhost', port=8000) at 0x103bc7e50>, 'Connection to localhost timed out. (connect timeout=None)')",1,2026-08-10T16:55:14Z,2026-08-10T16:55:14Z
GET,/api/v1/games/recent,"ConnectTimeoutError(<HTTPConnection(host='localhost', port=8000) at 0x104593850>, 'Connection to localhost timed out. (connect timeout=None)')",1,2026-08-10T16:55:15Z,2026-08-10T16:55:15Z
GET,/api/v1/games/recent,"ConnectTimeoutError(<HTTPConnection(host='localhost', port=8000) at 0x1049d9c50>, 'Connection to localhost timed out. (connect timeout=None)')",1,2026-08-10T16:55:22Z,2026-08-10T16:55:22Z
GET,/api/v1/users/leaderboard,"ConnectTimeoutError(<HTTPConnection(host='localhost', port=8000) at 0x105c6a250>, 'Connection to localhost timed out. (connect timeout=None)')",1,2026-08-10T16:55:54Z,2026-08-10T16:55:54Z
GET,/api/v1/games/history,"ConnectTimeoutError(<HTTPConnection(host='localhost', port=8000) at 0x104591650>, 'Connection to localhost timed out. (connect timeout=None)')",1,2026-08-10T16:55:15Z,2026-08-10T16:55:15Z
GET,/api/v1/users/leaderboard,"ConnectTimeoutError(<HTTPConnection(host='localhost', port=8000) at 0x105250550>, 'Connection to localhost timed out. (connect timeout=None)')",1,2026-08-10T16:55:32Z,2026-08-10T16:55:32Z
GET,/api/v1/games/recent,"ConnectTimeoutError(<HTTPConnection(host='localhost', port=8000) at 0x105c6b150>, 'Connection to localhost timed out. (connect timeout=None)')",1,2026-08-10T16:55:54Z,2026-08-10T16:55:54Z
GET,/api/v1/games/history,"ConnectTimeoutError(<HTTPConnection(host='localhost', port=8000) at 0x10527ad50>, 'Connection to localhost timed out. (connect timeout=None)')",1,2026-08-10T16:55:32Z,2026-08-10T16:55:32Z
GET,/api/v1/users/leaderboard,"ConnectTimeoutError(<HTTPConnection(host='localhost', port=8000) at 0x10549b850>, 'Connection to localhost timed out. (connect timeout=None)')",1,2026-08-10T16:55:39Z,2026-08-10T16:55:39Z
GET,/api/v1/games/history,"ConnectTimeoutError(<HTTPConnection(host='localhost', port=8000) at 0x104bdf950>, 'Connection to localhost timed out. (connect timeout=None)')",1,2026-08-10T16:55:23Z,2026-08-10T16:55:23Z
GET,/api/v1/users/leaderboard,"ConnectTimeoutError(<HTTPConnection(host='localhost', port=8000) at 0x105c6b950>, 'Connection to localhost timed out. (connect timeout=None)')",1,2026-08-10T16:55:54Z,2026-08-10T16:55:54Z
GET,/api/v1/users/leaderboard,"ConnectTimeoutError(<HTTPConnection(host='localhost', port=8000) at 0x10549a650>, 'Connection to localhost timed out. (connect timeout=None)')",1,2026-08-10T16:55:39Z,2026-08-10T16:55:39Z
GET,/api/v1/users/leaderboard,"ConnectTimeoutError(<HTTPConnection(host='localhost', port=8000) at 0x104fbe850>, 'Connection to localhost timed out. (connect timeout=None)')",1,2026-08-10T16:55:30Z,2026-08-10T16:55:30Z
GET,/api/v1/games/recent,"ConnectTimeoutError(<HTTPConnection(host='localhost', port=8000) at 0x1053ec850>, 'Connection to localhost timed out. (connect timeout=None)')",1,2026-08-10T16:55:38Z,2026-08-10T16:55:38Z
GET,/api/v1/games/recent,"ConnectTimeoutError(<HTTPConnection(host='localhost', port=8000) at 0x105672e50>, 'Connection to localhost timed out. (connect timeout=None)')",1,2026-08-10T16:55:40Z,2026-08-10T16:55:40Z
GET,/api/v1/users/leaderboard,"ConnectTimeoutError(<HTTPConnection(host='localhost', port=8000) at 0x105431850>, 'Connection to localhost timed out. (connect timeout=None)')",1,2026-08-10T16:55:38Z,2026-08-10T16:55:38Z
GET,/api/v1/users/leaderboard,"ConnectTimeoutError(<HTTPConnection(host='localhost', port=8000) at 0x104f4f950>, 'Connection to localhost timed out. (connect timeout=None)')",1,2026-08-10T16:55:30Z,2026-08-10T16:55:30Z
GET,/api/v1/users/leaderboard,"ConnectTimeoutError(<HTTPConnection(host='localhost', port=8000) at 0x105e76050>, 'Connection to localhost timed out. (connect timeout=None)')",1,2026-08-10T16:55:56Z,2026-08-10T16:55:56Z
GET,/api/v1/games/recent,"ConnectTimeoutError(<HTTPConnection(host='localhost', port=8000) at 0x105eb8350>, 'Connection to localhost timed out. (connect timeout=None)')",1,2026-08-10T16:55:56Z,2026-08-10T16:55:56Z
GET,/api/v1/users/leaderboard,"ConnectTimeoutError(<HTTPConnection(host='localhost', port=8000) at 0x1046ccc50>, 'Connection to localhost timed out. (connect timeout=None)')",1,2026-08-10T16:55:15Z,2026-08-10T16:55:15Z
GET,/api/v1/games/recent,"ConnectTimeoutError(<HTTPConnection(host='localhost', port=8000) at 0x104947c50>, 'Connection to localhost timed out. (connect timeout=None)')",1,2026-08-10T16:55:16Z,2026-08-10T16:55:16Z
GET,/api/v1/games/recent,"ConnectTimeoutError(<HTTPConnection(host='localhost', port=8000) at 0x1052b0650>, 'Connection to localhost timed out. (connect timeout=None)')",1,2026-08-10T16:55:32Z,2026-08-10T16:55:32Z
GET,/api/v1/games/recent,"ConnectTimeoutError(<HTTPConnection(host='localhost', port=8000) at 0x105d04750>, 'Connection to localhost timed out. (connect timeout=None)')",1,2026-08-10T16:55:55Z,2026-08-10T16:55:55Z
GET,/api/v1/users/leaderboard,"ConnectTimeoutError(<HTTPConnection(host='localhost', port=8000) at 0x105845850>, 'Connection to localhost timed out. (connect timeout=None)')",1,2026-08-10T16:55:46Z,2026-08-10T16:55:46Z
GET,/api/v1/users/leaderboard,"ConnectTimeoutError(<HTTPConnection(host='localhost', port=8000) at 0x104c69150>, 'Connection to localhost timed out. (connect timeout=None)')",1,2026-08-10T16:55:23Z,2026-08-10T16:55:23Z
GET,/api/v1/games/recent,"ConnectTimeoutError(<HTTPConnection(host='localhost', port=8000) at 0x105251950>, 'Connection to localhost timed out. (connect timeout=None)')",1,2026-08-10T16:55:32Z,2026-08-10T16:55:32Z
GET,/api/v1/users/leaderboard,"ConnectTimeoutError(<HTTPConnection(host='localhost', port=8000) at 0x105db9e50>, 'Connection to localhost timed out. (connect timeout=None)')",1,2026-08-10T16:55:55Z,2026-08-10T16:55:55Z
GET,/api/v1/games/recent,"ConnectTimeoutError(<HTTPConnection(host='localhost', port=8000) at 0x104c6b550>, 'Connection to localhost timed out. (connect timeout=None)')",1,2026-08-10T16:55:23Z,2026-08-10T16:55:23Z
GET,/api/v1/games/history,"ConnectTimeoutError(<HTTPConnection(host='localhost', port=8000) at 0x105692950>, 'Connection to localhost timed out. (connect timeout=None)')",1,2026-08-10T16:55:40Z,2026-08-10T16:55:40Z
GET,/api/v1/games/recent,"ConnectTimeoutError(<HTTPConnection(host='localhost', port=8000) at 0x1058fca50>, 'Connection to localhost timed out. (connect timeout=None)')",1,2026-08-10T16:55:47Z,2026-08-10T16:55:47Z
GET,/api/v1/games/history,"ConnectTimeoutError(<HTTPConnection(host='localhost', port=8000) at 0x105692150>, 'Connection to localhost timed out. (connect timeout=None)')",1,2026-08-10T16:55:40Z,2026-08-10T16:55:40Z
GET,/api/v1/users/leaderboard,"ConnectTimeoutError(<HTTPConnection(host='localhost', port=8000) at 0x1060dc650>, 'Connection to localhost timed out. (connect timeout=None)')",1,2026-08-10T16:56:02Z,2026-08-10T16:56:02Z
GET,/api/v1/games/recent,"ConnectTimeoutError(<HTTPConnection(host='localhost', port=8000) at 0x105acc850>, 'Connection to localhost timed out. (connect timeout=None)')",1,2026-08-10T16:55:48Z,2026-08-10T16:55:48Z
GET,/api/v1/users/leaderboard,"ConnectTimeoutError(<HTTPConnection(host='localhost', port=8000) at 0x105498450>, 'Connection to localhost timed out. (connect timeout=None)')",1,2026-08-10T16:55:39Z,2026-08-10T16:55:39Z
GET,/api/v1/games/recent,"ConnectTimeoutError(<HTTPConnection(host='localhost', port=8000) at 0x105241750>, 'Connection to localhost timed out. (connect timeout=None)')",1,2026-08-10T16:55:47Z,2026-08-10T16:55:47Z
GET,/api/v1/users/leaderboard,"ConnectTimeoutError(<HTTPConnection(host='localhost', port=8000) at 0x105062450>, 'Connection to localhost timed out. (connect timeout=None)')",1,2026-08-10T16:55:31Z,2026-08-10T16:55:31Z
GET,/api/v1/games/history,"ConnectTimeoutError(<HTTPConnection(host='localhost', port=8000) at 0x104592f50>, 'Connection to localhost timed out. (connect timeout=None)')",1,2026-08-10T16:55:15Z,2026-08-10T16:55:15Z
GET,/api/v1/users/leaderboard,"ConnectTimeoutError(<HTTPConnection(host='localhost', port=8000) at 0x105f26450>, 'Connection to localhost timed out. (connect timeout=None)')",1,2026-08-10T16:55:56Z,2026-08-10T16:55:56Z
GET,/api/v1/users/leaderboard,"ConnectTimeoutError(<HTTPConnection(host='localhost', port=8000) at 0x105b46450>, 'Connection to localhost timed out. (connect timeout=None)')",1,2026-08-10T16:55:48Z,2026-08-10T16:55:48Z
GET,/api/v1/games/recent,"ConnectTimeoutError(<HTTPConnection(host='localhost', port=8000) at 0x105498750>, 'Connection to localhost timed out. (connect timeout=None)')",1,2026-08-10T16:55:39Z,2026-08-10T16:55:39Z
GET,/api/v1/games/recent,"ConnectTimeoutError(<HTTPConnection(host='localhost', port=8000) at 0x104883d50>, 'Connection to localhost timed out. (connect timeout=None)')",1,2026-08-10T16:55:16Z,2026-08-10T16:55:16Z
GET,/api/v1/users/leaderboard,"ConnectTimeoutError(<HTTPConnection(host='localhost', port=8000) at 0x105e77c50>, 'Connection to localhost timed out. (connect timeout=None)')",1,2026-08-10T16:55:56Z,2026-08-10T16:55:56Z
GET,/api/v1/games/recent,"ConnectTimeoutError(<HTTPConnection(host='localhost', port=8000) at 0x105d25a50>, 'Connection to localhost timed out. (connect timeout=None)')",1,2026-08-10T16:55:55Z,2026-08-10T16:55:55Z
GET,/api/v1/users/leaderboard,"ConnectTimeoutError(<HTTPConnection(host='localhost', port=8000) at 0x105dba050>, 'Connection to localhost timed out. (connect timeout=None)')",1,2026-08-10T16:55:55Z,2026-08-10T16:55:55Z
GET,/api/v1/users/leaderboard,"ConnectTimeoutError(<HTTPConnection(host='localhost', port=8000) at 0x103f90a50>, 'Connection to localhost timed out. (connect timeout=None)')",1,2026-08-10T16:55:15Z,2026-08-10T16:55:15Z
GET,/api/v1/games/recent,"ConnectTimeoutError(<HTTPConnection(host='localhost', port=8000) at 0x105670a50>, 'Connection to localhost timed out. (connect timeout=None)')",1,2026-08-10T16:55:40Z,2026-08-10T16:55:40Z
GET,/api/v1/games/history,"ConnectTimeoutError(<HTTPConnection(host='localhost', port=8000) at 0x105691b50>, 'Connection to localhost timed out. (connect timeout=None)')",1,2026-08-10T16:55:40Z,2026-08-10T16:55:40Z
GET,/api/v1/games/recent,"ConnectTimeoutError(<HTTPConnection(host='localhost', port=8000) at 0x105c9fe50>, 'Connection to localhost timed out. (connect timeout=None)')",1,2026-08-10T16:55:55Z,2026-08-10T16:55:55Z
GET,/api/v1/games/recent,"ConnectTimeoutError(<HTTPConnection(host='localhost', port=8000) at 0x1046ceb50>, 'Connection to localhost timed out. (connect timeout=None)')",1,2026-08-10T16:55:15Z,2026-08-10T16:55:15Z
GET,/api/v1/games/history,"ConnectTimeoutError(<HTTPConnection(host='localhost', port=8000) at 0x1049c4350>, 'Connection to localhost timed out. (connect timeout=None)')",1,2026-08-10T16:55:16Z,2026-08-10T16:55:16Z
GET,/api/v1/users/leaderboard,"ConnectTimeoutError(<HTTPConnection(host='localhost', port=8000) at 0x105eb9150>, 'Connection to localhost timed out. (connect timeout=None)')",1,2026-08-10T16:55:56Z,2026-08-10T16:55:56Z
GET,/api/v1/users/leaderboard,"ConnectTimeoutError(<HTTPConnection(host='localhost', port=8000) at 0x105251150>, 'Connection to localhost timed out. (connect timeout=None)')",1,2026-08-10T16:55:32Z,2026-08-10T16:55:32Z
GET,/api/v1/games/history,"ConnectTimeoutError(<HTTPConnection(host='localhost', port=8000) at 0x104396650>, 'Connection to localhost timed out. (connect timeout=None)')",1,2026-08-10T16:55:15Z,2026-08-10T16:55:15Z
GET,/api/v1/users/leaderboard,"ConnectTimeoutError(<HTTPConnection(host='localhost', port=8000) at 0x105251450>, 'Connection to localhost timed out. (connect timeout=None)')",1,2026-08-10T16:55:32Z,2026-08-10T16:55:32Z
GET,/api/v1/users/leaderboard,"ConnectTimeoutError(<HTTPConnection(host='localhost', port=8000) at 0x105ee8c50>, 'Connection to localhost timed out. (connect timeout=None)')",1,2026-08-10T16:55:56Z,2026-08-10T16:55:56Z
GET,/api/v1/games/history,"ConnectTimeoutError(<HTTPConnection(host='localhost', port=8000) at 0x1054efb50>, 'Connection to localhost timed out. (connect timeout=None)')",1,2026-08-10T16:55:39Z,2026-08-10T16:55:39Z
GET,/api/v1/games/recent,"ConnectTimeoutError(<HTTPConnection(host='localhost', port=8000) at 0x1054eee50>, 'Connection to localhost timed out. (connect timeout=None)')",1,2026-08-10T16:55:39Z,2026-08-10T16:55:39Z
GET,/api/v1/games/history,"ConnectTimeoutError(<HTTPConnection(host='localhost', port=8000) at 0x105063550>, 'Connection to localhost timed out. (connect timeout=None)')",1,2026-08-10T16:55:31Z,2026-08-10T16:55:31Z
GET,/api/v1/users/leaderboard,"ConnectTimeoutError(<HTTPConnection(host='localhost', port=8000) at 0x105eb9e50>, 'Connection to localhost timed out. (connect timeout=None)')",1,2026-08-10T16:55:56Z,2026-08-10T16:55:56Z
GET,/api/v1/users/leaderboard,"ConnectTimeoutError(<HTTPConnection(host='localhost', port=8000) at 0x1049dba50>, 'Connection to localhost timed out. (connect timeout=None)')",1,2026-08-10T16:55:22Z,2026-08-10T16:55:22Z
GET,/api/v1/games/history,"ConnectTimeoutError(<HTTPConnection(host='localhost', port=8000) at 0x105938950>, 'Connection to localhost timed out. (connect timeout=None)')",1,2026-08-10T16:55:47Z,2026-08-10T16:55:47Z
GET,/api/v1/games/recent,"ConnectTimeoutError(<HTTPConnection(host='localhost', port=8000) at 0x106097950>, 'Connection to localhost timed out. (connect timeout=None)')",1,2026-08-10T16:56:02Z,2026-08-10T16:56:02Z
GET,/api/v1/users/leaderboard,"ConnectTimeoutError(<HTTPConnection(host='localhost', port=8000) at 0x10549b650>, 'Connection to localhost timed out. (connect timeout=None)')",1,2026-08-10T16:55:39Z,2026-08-10T16:55:39Z
GET,/api/v1/games/history,"ConnectTimeoutError(<HTTPConnection(host='localhost', port=8000) at 0x104394c50>, 'Connection to localhost timed out. (connect timeout=None)')",1,2026-08-10T16:55:14Z,2026-08-10T16:55:14Z
GET,/api/v1/users/leaderboard,"ConnectTimeoutError(<HTTPConnection(host='localhost', port=8000) at 0x10508dc50>, 'Connection to localhost timed out. (connect timeout=None)')",1,2026-08-10T16:55:31Z,2026-08-10T16:55:31Z
GET,/api/v1/games/history,"ConnectTimeoutError(<HTTPConnection(host='localhost', port=8000) at 0x105063750>, 'Connection to localhost timed out. (connect timeout=None)')",1,2026-08-10T16:55:31Z,2026-08-10T16:55:31Z
GET,/api/v1/users/leaderboard,"ConnectTimeoutError(<HTTPConnection(host='localhost', port=8000) at 0x105b19350>, 'Connection to localhost timed out. (connect timeout=None)')",1,2026-08-10T16:55:48Z,2026-08-10T16:55:48Z
GET,/api/v1/games/recent,"ConnectTimeoutError(<HTTPConnection(host='localhost', port=8000) at 0x1046cd650>, 'Connection to localhost timed out. (connect timeout=None)')",1,2026-08-10T16:55:15Z,2026-08-10T16:55:15Z
GET,/api/v1/users/leaderboard,"ConnectTimeoutError(<HTTPConnection(host='localhost', port=8000) at 0x105236950>, 'Connection to localhost timed out. (connect timeout=None)')",1,2026-08-10T16:55:32Z,2026-08-10T16:55:32Z
GET,/api/v1/games/recent,"ConnectTimeoutError(<HTTPConnection(host='localhost', port=8000) at 0x106097c50>, 'Connection to localhost timed out. (connect timeout=None)')",1,2026-08-10T16:56:02Z,2026-08-10T16:56:02Z
GET,/api/v1/users/leaderboard,"ConnectTimeoutError(<HTTPConnection(host='localhost', port=8000) at 0x104de9a50>, 'Connection to localhost timed out. (connect timeout=None)')",1,2026-08-10T16:55:24Z,2026-08-10T16:55:24Z
GET,/api/v1/games/history,"ConnectTimeoutError(<HTTPConnection(host='localhost', port=8000) at 0x105a9e050>, 'Connection to localhost timed out. (connect timeout=None)')",1,2026-08-10T16:55:48Z,2026-08-10T16:55:48Z
GET,/api/v1/games/recent,"ConnectTimeoutError(<HTTPConnection(host='localhost', port=8000) at 0x1052b1250>, 'Connection to localhost timed out. (connect timeout=None)')",1,2026-08-10T16:55:32Z,2026-08-10T16:55:32Z
GET,/api/v1/users/leaderboard,"ConnectTimeoutError(<HTTPConnection(host='localhost', port=8000) at 0x104a31150>, 'Connection to localhost timed out. (connect timeout=None)')",1,2026-08-10T16:55:16Z,2026-08-10T16:55:16Z
GET,/api/v1/games/recent,"ConnectTimeoutError(<HTTPConnection(host='localhost', port=8000) at 0x1050b0b50>, 'Connection to localhost timed out. (connect timeout=None)')",1,2026-08-10T16:55:31Z,2026-08-10T16:55:31Z
GET,/api/v1/users/leaderboard,"ConnectTimeoutError(<HTTPConnection(host='localhost', port=8000) at 0x105b19550>, 'Connection to localhost timed out. (connect timeout=None)')",1,2026-08-10T16:55:48Z,2026-08-10T16:55:48Z
GET,/api/v1/users/leaderboard,"ConnectTimeoutError(<HTTPConnection(host='localhost', port=8000) at 0x106094150>, 'Connection to localhost timed out. (connect timeout=None)')",1,2026-08-10T16:56:02Z,2026-08-10T16:56:02Z
GET,/api/v1/games/history,"ConnectTimeoutError(<HTTPConnection(host='localhost', port=8000) at 0x103f26e50>, 'Connection to localhost timed out. (connect timeout=None)')",1,2026-08-10T16:55:15Z,2026-08-10T16:55:15Z
GET,/api/v1/games/recent,"ConnectTimeoutError(<HTTPConnection(host='localhost', port=8000) at 0x105235250>, 'Connection to localhost timed out. (connect timeout=None)')",1,2026-08-10T16:55:32Z,2026-08-10T16:55:32Z
GET,/api/v1/games/history,"ConnectTimeoutError(<HTTPConnection(host='localhost', port=8000) at 0x1050b0d50>, 'Connection to localhost timed out. (connect timeout=None)')",1,2026-08-10T16:55:31Z,2026-08-10T16:55:31Z
GET,/api/v1/games/recent,"ConnectTimeoutError(<HTTPConnection(host='localhost', port=8000) at 0x105237350>, 'Connection to localhost timed out. (connect timeout=None)')",1,2026-08-10T16:55:32Z,2026-08-10T16:55:32Z
GET,/api/v1/games/history,"ConnectTimeoutError(<HTTPConnection(host='localhost', port=8000) at 0x1058fce50>, 'Connection to localhost timed out. (connect timeout=None)')",1,2026-08-10T16:55:47Z,2026-08-10T16:55:47Z
GET,/api/v1/games/history,"ConnectTimeoutError(<HTTPConnection(host='localhost', port=8000) at 0x105d24250>, 'Connection to localhost timed out. (connect timeout=None)')",1,2026-08-10T16:55:55Z,2026-08-10T16:55:55Z
GET,/api/v1/games/history,"ConnectTimeoutError(<HTTPConnection(host='localhost', port=8000) at 0x104590750>, 'Connection to localhost timed out. (connect timeout=None)')",1,2026-08-10T16:55:15Z,2026-08-10T16:55:15Z
GET,/api/v1/games/recent,"ConnectTimeoutError(<HTTPConnection(host='localhost', port=8000) at 0x1056bc850>, 'Connection to localhost timed out. (connect timeout=None)')",1,2026-08-10T16:55:40Z,2026-08-10T16:55:40Z
GET,/api/v1/users/leaderboard,"ConnectTimeoutError(<HTTPConnection(host='localhost', port=8000) at 0x1058ffd50>, 'Connection to localhost timed out. (connect timeout=None)')",1,2026-08-10T16:55:47Z,2026-08-10T16:55:47Z
GET,/api/v1/users/leaderboard,"ConnectTimeoutError(<HTTPConnection(host='localhost', port=8000) at 0x104944250>, 'Connection to localhost timed out. (connect timeout=None)')",1,2026-08-10T16:55:16Z,2026-08-10T16:55:16Z
GET,/api/v1/users/leaderboard,"ConnectTimeoutError(<HTTPConnection(host='localhost', port=8000) at 0x104bddf50>, 'Connection to localhost timed out. (connect timeout=None)')",1,2026-08-10T16:55:23Z,2026-08-10T16:55:23Z
GET,/api/v1/users/leaderboard,"ConnectTimeoutError(<HTTPConnection(host='localhost', port=8000) at 0x104c49450>, 'Connection to localhost timed out. (connect timeout=None)')",1,2026-08-10T16:55:23Z,2026-08-10T16:55:23Z
GET,/api/v1/users/leaderboard,"ConnectTimeoutError(<HTTPConnection(host='localhost', port=8000) at 0x104fbdf50>, 'Connection to localhost timed out. (connect timeout=None)')",1,2026-08-10T16:55:30Z,2026-08-10T16:55:30Z
GET,/api/v1/games/recent,"ConnectTimeoutError(<HTTPConnection(host='localhost', port=8000) at 0x103ae2250>, 'Connection to localhost timed out. (connect timeout=None)')",1,2026-08-10T16:55:15Z,2026-08-10T16:55:15Z
GET,/api/v1/users/leaderboard,"ConnectTimeoutError(<HTTPConnection(host='localhost', port=8000) at 0x105db9650>, 'Connection to localhost timed out. (connect timeout=None)')",1,2026-08-10T16:55:55Z,2026-08-10T16:55:55Z
GET,/api/v1/users/leaderboard,"ConnectTimeoutError(<HTTPConnection(host='localhost', port=8000) at 0x104e2f550>, 'Connection to localhost timed out. (connect timeout=None)')",1,2026-08-10T16:55:24Z,2026-08-10T16:55:24Z
GET,/api/v1/games/recent,"ConnectTimeoutError(<HTTPConnection(host='localhost', port=8000) at 0x105234c50>, 'Connection to localhost timed out. (connect timeout=None)')",1,2026-08-10T16:55:32Z,2026-08-10T16:55:32Z
GET,/api/v1/users/leaderboard,"ConnectTimeoutError(<HTTPConnection(host='localhost', port=8000) at 0x10612fb50>, 'Connection to localhost timed out. (connect timeout=None)')",1,2026-08-10T16:56:03Z,2026-08-10T16:56:03Z
GET,/api/v1/games/recent,"ConnectTimeoutError(<HTTPConnection(host='localhost', port=8000) at 0x105eb8750>, 'Connection to localhost timed out. (connect timeout=None)')",1,2026-08-10T16:55:56Z,2026-08-10T16:55:56Z
GET,/api/v1/games/recent,"ConnectTimeoutError(<HTTPConnection(host='localhost', port=8000) at 0x104a30350>, 'Connection to localhost timed out. (connect timeout=None)')",1,2026-08-10T16:55:16Z,2026-08-10T16:55:16Z
GET,/api/v1/users/leaderboard,"ConnectTimeoutError(<HTTPConnection(host='localhost', port=8000) at 0x105d05750>, 'Connection to localhost timed out. (connect timeout=None)')",1,2026-08-10T16:55:55Z,2026-08-10T16:55:55Z
GET,/api/v1/users/leaderboard,"ConnectTimeoutError(<HTTPConnection(host='localhost', port=8000) at 0x105241550>, 'Connection to localhost timed out. (connect timeout=None)')",1,2026-08-10T16:55:47Z,2026-08-10T16:55:47Z
GET,/api/v1/users/leaderboard,"ConnectTimeoutError(<HTTPConnection(host='localhost', port=8000) at 0x104c4bd50>, 'Connection to localhost timed out. (connect timeout=None)')",1,2026-08-10T16:55:23Z,2026-08-10T16:55:23Z
GET,/api/v1/games/history,"ConnectTimeoutError(<HTTPConnection(host='localhost', port=8000) at 0x105eb8050>, 'Connection to localhost timed out. (connect timeout=None)')",1,2026-08-10T16:55:56Z,2026-08-10T16:55:56Z
GET,/api/v1/games/history,"ConnectTimeoutError(<HTTPConnection(host='localhost', port=8000) at 0x103a75950>, 'Connection to localhost timed out. (connect timeout=None)')",1,2026-08-10T16:55:14Z,2026-08-10T16:55:14Z
GET,/api/v1/users/leaderboard,"ConnectTimeoutError(<HTTPConnection(host='localhost', port=8000) at 0x105979a50>, 'Connection to localhost timed out. (connect timeout=None)')",1,2026-08-10T16:55:47Z,2026-08-10T16:55:47Z
GET,/api/v1/users/leaderboard,"ConnectTimeoutError(<HTTPConnection(host='localhost', port=8000) at 0x1056bcb50>, 'Connection to localhost timed out. (connect timeout=None)')",1,2026-08-10T16:55:40Z,2026-08-10T16:55:40Z
GET,/api/v1/games/recent,"ConnectTimeoutError(<HTTPConnection(host='localhost', port=8000) at 0x1054bb550>, 'Connection to localhost timed out. (connect timeout=None)')",1,2026-08-10T16:55:39Z,2026-08-10T16:55:39Z
GET,/api/v1/games/history,"ConnectTimeoutError(<HTTPConnection(host='localhost', port=8000) at 0x104c6b050>, 'Connection to localhost timed out. (connect timeout=None)')",1,2026-08-10T16:55:23Z,2026-08-10T16:55:23Z
GET,/api/v1/games/recent,"ConnectTimeoutError(<HTTPConnection(host='localhost', port=8000) at 0x104e2cc50>, 'Connection to localhost timed out. (connect timeout=None)')",1,2026-08-10T16:55:24Z,2026-08-10T16:55:24Z
GET,/api/v1/games/history,"ConnectTimeoutError(<HTTPConnection(host='localhost', port=8000) at 0x1054b8250>, 'Connection to localhost timed out. (connect timeout=None)')",1,2026-08-10T16:55:39Z,2026-08-10T16:55:39Z
GET,/api/v1/users/leaderboard,"ConnectTimeoutError(<HTTPConnection(host='localhost', port=8000) at 0x105acda50>, 'Connection to localhost timed out. (connect timeout=None)')",1,2026-08-10T16:55:48Z,2026-08-10T16:55:48Z
GET,/api/v1/games/history,"ConnectTimeoutError(<HTTPConnection(host='localhost', port=8000) at 0x105252a50>, 'Connection to localhost timed out. (connect timeout=None)')",1,2026-08-10T16:55:32Z,2026-08-10T16:55:32Z
GET,/api/v1/users/leaderboard,"ConnectTimeoutError(<HTTPConnection(host='localhost', port=8000) at 0x1053ee150>, 'Connection to localhost timed out. (connect timeout=None)')",1,2026-08-10T16:55:38Z,2026-08-10T16:55:38Z
GET,/api/v1/users/leaderboard,"ConnectTimeoutError(<HTTPConnection(host='localhost', port=8000) at 0x1054ed950>, 'Connection to localhost timed out. (connect timeout=None)')",1,2026-08-10T16:55:39Z,2026-08-10T16:55:39Z
GET,/api/v1/users/leaderboard,"ConnectTimeoutError(<HTTPConnection(host='localhost', port=8000) at 0x1058ff250>, 'Connection to localhost timed out. (connect timeout=None)')",1,2026-08-10T16:55:47Z,2026-08-10T16:55:47Z
GET,/api/v1/users/leaderboard,"ConnectTimeoutError(<HTTPConnection(host='localhost', port=8000) at 0x1050b0950>, 'Connection to localhost timed out. (connect timeout=None)')",1,2026-08-10T16:55:31Z,2026-08-10T16:55:31Z
GET,/api/v1/games/history,"ConnectTimeoutError(<HTTPConnection(host='localhost', port=8000) at 0x105251650>, 'Connection to localhost timed out. (connect timeout=None)')",1,2026-08-10T16:55:32Z,2026-08-10T16:55:32Z
GET,/api/v1/users/leaderboard,"ConnectTimeoutError(<HTTPConnection(host='localhost', port=8000) at 0x104946650>, 'Connection to localhost timed out. (connect timeout=None)')",1,2026-08-10T16:55:16Z,2026-08-10T16:55:16Z
GET,/api/v1/games/recent,"ConnectTimeoutError(<HTTPConnection(host='localhost', port=8000) at 0x1054ba050>, 'Connection to localhost timed out. (connect timeout=None)')",1,2026-08-10T16:55:39Z,2026-08-10T16:55:39Z
GET,/api/v1/games/recent,"ConnectTimeoutError(<HTTPConnection(host='localhost', port=8000) at 0x104c68750>, 'Connection to localhost timed out. (connect timeout=None)')",1,2026-08-10T16:55:23Z,2026-08-10T16:55:23Z
GET,/api/v1/games/recent,"ConnectTimeoutError(<HTTPConnection(host='localhost', port=8000) at 0x105499550>, 'Connection to localhost timed out. (connect timeout=None)')",1,2026-08-10T16:55:39Z,2026-08-10T16:55:39Z
GET,/api/v1/games/history,"ConnectTimeoutError(<HTTPConnection(host='localhost', port=8000) at 0x105430150>, 'Connection to localhost timed out. (connect timeout=None)')",1,2026-08-10T16:55:38Z,2026-08-10T16:55:38Z
GET,/api/v1/users/leaderboard,"ConnectTimeoutError(<HTTPConnection(host='localhost', port=8000) at 0x105250150>, 'Connection to localhost timed out. (connect timeout=None)')",1,2026-08-10T16:55:32Z,2026-08-10T16:55:32Z
GET,/api/v1/users/leaderboard,"ConnectTimeoutError(<HTTPConnection(host='localhost', port=8000) at 0x10612f350>, 'Connection to localhost timed out. (connect timeout=None)')",1,2026-08-10T16:56:03Z,2026-08-10T16:56:03Z
GET,/api/v1/users/leaderboard,"ConnectTimeoutError(<HTTPConnection(host='localhost', port=8000) at 0x105b19950>, 'Connection to localhost timed out. (connect timeout=None)')",1,2026-08-10T16:55:48Z,2026-08-10T16:55:48Z
GET,/api/v1/users/leaderboard,"ConnectTimeoutError(<HTTPConnection(host='localhost', port=8000) at 0x105c68850>, 'Connection to localhost timed out. (connect timeout=None)')",1,2026-08-10T16:55:54Z,2026-08-10T16:55:54Z
GET,/api/v1/games/recent,"ConnectTimeoutError(<HTTPConnection(host='localhost', port=8000) at 0x1049daf50>, 'Connection to localhost timed out. (connect timeout=None)')",1,2026-08-10T16:55:22Z,2026-08-10T16:55:22Z
GET,/api/v1/games/recent,"ConnectTimeoutError(<HTTPConnection(host='localhost', port=8000) at 0x10612de50>, 'Connection to localhost timed out. (connect timeout=None)')",1,2026-08-10T16:56:03Z,2026-08-10T16:56:03Z
GET,/api/v1/games/recent,"ConnectTimeoutError(<HTTPConnection(host='localhost', port=8000) at 0x1038bc950>, 'Connection to localhost timed out. (connect timeout=None)')",1,2026-08-10T16:55:16Z,2026-08-10T16:55:16Z
GET,/api/v1/games/recent,"ConnectTimeoutError(<HTTPConnection(host='localhost', port=8000) at 0x1050e4c50>, 'Connection to localhost timed out. (connect timeout=None)')",1,2026-08-10T16:55:31Z,2026-08-10T16:55:31Z
GET,/api/v1/games/history,"ConnectTimeoutError(<HTTPConnection(host='localhost', port=8000) at 0x104b68550>, 'Connection to localhost timed out. (connect timeout=None)')",1,2026-08-10T16:55:22Z,2026-08-10T16:55:22Z
GET,/api/v1/games/history,"ConnectTimeoutError(<HTTPConnection(host='localhost', port=8000) at 0x104de9f50>, 'Connection to localhost timed out. (connect timeout=None)')",1,2026-08-10T16:55:24Z,2026-08-10T16:55:24Z
GET,/api/v1/games/recent,"ConnectTimeoutError(<HTTPConnection(host='localhost', port=8000) at 0x105979050>, 'Connection to localhost timed out. (connect timeout=None)')",1,2026-08-10T16:55:47Z,2026-08-10T16:55:47Z
GET,/api/v1/games/recent,"ConnectTimeoutError(<HTTPConnection(host='localhost', port=8000) at 0x105eb9750>, 'Connection to localhost timed out. (connect timeout=None)')",1,2026-08-10T16:55:56Z,2026-08-10T16:55:56Z
GET,/api/v1/users/leaderboard,"ConnectTimeoutError(<HTTPConnection(host='localhost', port=8000) at 0x105845a50>, 'Connection to localhost timed out. (connect timeout=None)')",1,2026-08-10T16:55:46Z,2026-08-10T16:55:46Z
GET,/api/v1/games/history,"ConnectTimeoutError(<HTTPConnection(host='localhost', port=8000) at 0x104c4a950>, 'Connection to localhost timed out. (connect timeout=None)')",1,2026-08-10T16:55:23Z,2026-08-10T16:55:23Z
GET,/api/v1/games/recent,"ConnectTimeoutError(<HTTPConnection(host='localhost', port=8000) at 0x105c6bc50>, 'Connection to localhost timed out. (connect timeout=None)')",1,2026-08-10T16:55:54Z,2026-08-10T16:55:54Z
GET,/api/v1/users/leaderboard,"ConnectTimeoutError(<HTTPConnection(host='localhost', port=8000) at 0x105d5e350>, 'Connection to localhost timed out. (connect timeout=None)')",1,2026-08-10T16:55:55Z,2026-08-10T16:55:55Z
GET,/api/v1/games/recent,"ConnectTimeoutError(<HTTPConnection(host='localhost', port=8000) at 0x105b1b850>, 'Connection to localhost timed out. (connect timeout=None)')",1,2026-08-10T16:55:48Z,2026-08-10T16:55:48Z
GET,/api/v1/users/leaderboard,"ConnectTimeoutError(<HTTPConnection(host='localhost', port=8000) at 0x104880b50>, 'Connection to localhost timed out. (connect timeout=None)')",1,2026-08-10T16:55:16Z,2026-08-10T16:55:16Z
GET,/api/v1/games/history,"ConnectTimeoutError(<HTTPConnection(host='localhost', port=8000) at 0x1054b9450>, 'Connection to localhost timed out. (connect timeout=None)')",1,2026-08-10T16:55:39Z,2026-08-10T16:55:39Z
GET,/api/v1/games/recent,"ConnectTimeoutError(<HTTPConnection(host='localhost', port=8000) at 0x106055b50>, 'Connection to localhost timed out. (connect timeout=None)')",1,2026-08-10T16:56:01Z,2026-08-10T16:56:01Z
GET,/api/v1/games/recent,"ConnectTimeoutError(<HTTPConnection(host='localhost', port=8000) at 0x105759050>, 'Connection to localhost timed out. (connect timeout=None)')",1,2026-08-10T16:55:40Z,2026-08-10T16:55:40Z
GET,/api/v1/games/history,"ConnectTimeoutError(<HTTPConnection(host='localhost', port=8000) at 0x1049d8850>, 'Connection to localhost timed out. (connect timeout=None)')",1,2026-08-10T16:55:22Z,2026-08-10T16:55:22Z
GET,/api/v1/games/recent,"ConnectTimeoutError(<HTTPConnection(host='localhost', port=8000) at 0x105670d50>, 'Connection to localhost timed out. (connect timeout=None)')",1,2026-08-10T16:55:40Z,2026-08-10T16:55:40Z
GET,/api/v1/users/leaderboard,"ConnectTimeoutError(<HTTPConnection(host='localhost', port=8000) at 0x105c6a950>, 'Connection to localhost timed out. (connect timeout=None)')",1,2026-08-10T16:55:54Z,2026-08-10T16:55:54Z
GET,/api/v1/games/history,"ConnectTimeoutError(<HTTPConnection(host='localhost', port=8000) at 0x104e2d150>, 'Connection to localhost timed out. (connect timeout=None)')",1,2026-08-10T16:55:24Z,2026-08-10T16:55:24Z
GET,/api/v1/users/leaderboard,"ConnectTimeoutError(<HTTPConnection(host='localhost', port=8000) at 0x105eb8950>, 'Connection to localhost timed out. (connect timeout=None)')",1,2026-08-10T16:55:56Z,2026-08-10T16:55:56Z
GET,/api/v1/users/leaderboard,"ConnectTimeoutError(<HTTPConnection(host='localhost', port=8000) at 0x105b19b50>, 'Connection to localhost timed out. (connect timeout=None)')",1,2026-08-10T16:55:48Z,2026-08-10T16:55:48Z
GET,/api/v1/games/history,"ConnectTimeoutError(<HTTPConnection(host='localhost', port=8000) at 0x1054ba750>, 'Connection to localhost timed out. (connect timeout=None)')",1,2026-08-10T16:55:39Z,2026-08-10T16:55:39Z
GET,/api/v1/games/recent,"ConnectTimeoutError(<HTTPConnection(host='localhost', port=8000) at 0x105673050>, 'Connection to localhost timed out. (connect timeout=None)')",1,2026-08-10T16:55:40Z,2026-08-10T16:55:40Z
GET,/api/v1/games/recent,"ConnectTimeoutError(<HTTPConnection(host='localhost', port=8000) at 0x105eb8d50>, 'Connection to localhost timed out. (connect timeout=None)')",1,2026-08-10T16:55:56Z,2026-08-10T16:55:56Z
GET,/api/v1/games/history,"ConnectTimeoutError(<HTTPConnection(host='localhost', port=8000) at 0x10538ba50>, 'Connection to localhost timed out. (connect timeout=None)')",1,2026-08-10T16:55:38Z,2026-08-10T16:55:38Z
GET,/api/v1/users/leaderboard,"ConnectTimeoutError(<HTTPConnection(host='localhost', port=8000) at 0x105236150>, 'Connection to localhost timed out. (connect timeout=None)')",1,2026-08-10T16:55:32Z,2026-08-10T16:55:32Z
GET,/api/v1/users/leaderboard,"ConnectTimeoutError(<HTTPConnection(host='localhost', port=8000) at 0x104e14e50>, 'Connection to localhost timed out. (connect timeout=None)')",1,2026-08-10T16:55:24Z,2026-08-10T16:55:24Z
GET,/api/v1/users/leaderboard,"ConnectTimeoutError(<HTTPConnection(host='localhost', port=8000) at 0x105d5c150>, 'Connection to localhost timed out. (connect timeout=None)')",1,2026-08-10T16:55:55Z,2026-08-10T16:55:55Z
GET,/api/v1/games/recent,"ConnectTimeoutError(<HTTPConnection(host='localhost', port=8000) at 0x106055350>, 'Connection to localhost timed out. (connect timeout=None)')",1,2026-08-10T16:56:01Z,2026-08-10T16:56:01Z
GET,/api/v1/games/history,"ConnectTimeoutError(<HTTPConnection(host='localhost', port=8000) at 0x105236e50>, 'Connection to localhost timed out. (connect timeout=None)')",1,2026-08-10T16:55:32Z,2026-08-10T16:55:32Z
GET,/api/v1/users/leaderboard,"ConnectTimeoutError(<HTTPConnection(host='localhost', port=8000) at 0x105c9db50>, 'Connection to localhost timed out. (connect timeout=None)')",1,2026-08-10T16:55:54Z,2026-08-10T16:55:54Z
GET,/api/v1/games/history,"ConnectTimeoutError(<HTTPConnection(host='localhost', port=8000) at 0x105a9cd50>, 'Connection to localhost timed out. (connect timeout=None)')",1,2026-08-10T16:55:48Z,2026-08-10T16:55:48Z
GET,/api/v1/games/recent,"ConnectTimeoutError(<HTTPConnection(host='localhost', port=8000) at 0x1054baa50>, 'Connection to localhost timed out. (connect timeout=None)')",1,2026-08-10T16:55:39Z,2026-08-10T16:55:39Z
GET,/api/v1/games/history,"ConnectTimeoutError(<HTTPConnection(host='localhost', port=8000) at 0x1046cc050>, 'Connection to localhost timed out. (connect timeout=None)')",1,2026-08-10T16:55:15Z,2026-08-10T16:55:15Z
GET,/api/v1/games/history,"ConnectTimeoutError(<HTTPConnection(host='localhost', port=8000) at 0x1055f3b50>, 'Connection to localhost timed out. (connect timeout=None)')",1,2026-08-10T16:55:40Z,2026-08-10T16:55:40Z
GET,/api/v1/users/leaderboard,"ConnectTimeoutError(<HTTPConnection(host='localhost', port=8000) at 0x105eb9550>, 'Connection to localhost timed out. (connect timeout=None)')",1,2026-08-10T16:55:56Z,2026-08-10T16:55:56Z
GET,/api/v1/users/leaderboard,"ConnectTimeoutError(<HTTPConnection(host='localhost', port=8000) at 0x104e15150>, 'Connection to localhost timed out. (connect timeout=None)')",1,2026-08-10T16:55:24Z,2026-08-10T16:55:24Z
GET,/api/v1/users/leaderboard,"ConnectTimeoutError(<HTTPConnection(host='localhost', port=8000) at 0x105700050>, 'Connection to localhost timed out. (connect timeout=None)')",1,2026-08-10T16:55:40Z,2026-08-10T16:55:40Z
GET,/api/v1/users/leaderboard,"ConnectTimeoutError(<HTTPConnection(host='localhost', port=8000) at 0x105251d50>, 'Connection to localhost timed out. (connect timeout=None)')",1,2026-08-10T16:55:32Z,2026-08-10T16:55:32Z
GET,/api/v1/users/leaderboard,"ConnectTimeoutError(<HTTPConnection(host='localhost', port=8000) at 0x105253e50>, 'Connection to localhost timed out. (connect timeout=None)')",1,2026-08-10T16:55:32Z,2026-08-10T16:55:32Z
GET,/api/v1/games/recent,"ConnectTimeoutError(<HTTPConnection(host='localhost', port=8000) at 0x106055750>, 'Connection to localhost timed out. (connect timeout=None)')",1,2026-08-10T16:56:01Z,2026-08-10T16:56:01Z
GET,/api/v1/games/history,"ConnectTimeoutError(<HTTPConnection(host='localhost', port=8000) at 0x106235e50>, 'Connection to localhost timed out. (connect timeout=None)')",1,2026-08-10T16:56:03Z,2026-08-10T16:56:03Z
GET,/api/v1/users/leaderboard,"ConnectTimeoutError(<HTTPConnection(host='localhost', port=8000) at 0x10612cb50>, 'Connection to localhost timed out. (connect timeout=None)')",1,2026-08-10T16:56:02Z,2026-08-10T16:56:02Z
GET,/api/v1/games/recent,"ConnectTimeoutError(<HTTPConnection(host='localhost', port=8000) at 0x104c48050>, 'Connection to localhost timed out. (connect timeout=None)')",1,2026-08-10T16:55:23Z,2026-08-10T16:55:23Z
GET,/api/v1/games/history,"ConnectTimeoutError(<HTTPConnection(host='localhost', port=8000) at 0x104c84450>, 'Connection to localhost timed out. (connect timeout=None)')",1,2026-08-10T16:55:23Z,2026-08-10T16:55:23Z
GET,/api/v1/users/leaderboard,"ConnectTimeoutError(<HTTPConnection(host='localhost', port=8000) at 0x1052b2950>, 'Connection to localhost timed out. (connect timeout=None)')",1,2026-08-10T16:55:32Z,2026-08-10T16:55:32Z
GET,/api/v1/games/history,"ConnectTimeoutError(<HTTPConnection(host='localhost', port=8000) at 0x105671d50>, 'Connection to localhost timed out. (connect timeout=None)')",1,2026-08-10T16:55:40Z,2026-08-10T16:55:40Z
GET,/api/v1/games/history,"ConnectTimeoutError(<HTTPConnection(host='localhost', port=8000) at 0x104c69550>, 'Connection to localhost timed out. (connect timeout=None)')",1,2026-08-10T16:55:23Z,2026-08-10T16:55:23Z
GET,/api/v1/games/recent,"ConnectTimeoutError(<HTTPConnection(host='localhost', port=8000) at 0x105d26250>, 'Connection to localhost timed out. (connect timeout=None)')",1,2026-08-10T16:55:55Z,2026-08-10T16:55:55Z
GET,/api/v1/users/leaderboard,"ConnectTimeoutError(<HTTPConnection(host='localhost', port=8000) at 0x1056bde50>, 'Connection to localhost timed out. (connect timeout=None)')",1,2026-08-10T16:55:40Z,2026-08-10T16:55:40Z
GET,/api/v1/users/leaderboard,"ConnectTimeoutError(<HTTPConnection(host='localhost', port=8000) at 0x105c19e50>, 'Connection to localhost timed out. (connect timeout=None)')",1,2026-08-10T16:55:53Z,2026-08-10T16:55:53Z
GET,/api/v1/users/leaderboard,"ConnectTimeoutError(<HTTPConnection(host='localhost', port=8000) at 0x104a32350>, 'Connection to localhost timed out. (connect timeout=None)')",1,2026-08-10T16:55:16Z,2026-08-10T16:55:16Z
GET,/api/v1/games/recent,"ConnectTimeoutError(<HTTPConnection(host='localhost', port=8000) at 0x1056bf350>, 'Connection to localhost timed out. (connect timeout=None)')",1,2026-08-10T16:55:40Z,2026-08-10T16:55:40Z
GET,/api/v1/games/history,"ConnectTimeoutError(<HTTPConnection(host='localhost', port=8000) at 0x104de9450>, 'Connection to localhost timed out. (connect timeout=None)')",1,2026-08-10T16:55:24Z,2026-08-10T16:55:24Z
GET,/api/v1/users/leaderboard,"ConnectTimeoutError(<HTTPConnection(host='localhost', port=8000) at 0x105671950>, 'Connection to localhost timed out. (connect timeout=None)')",1,2026-08-10T16:55:40Z,2026-08-10T16:55:40Z
GET,/api/v1/users/leaderboard,"ConnectTimeoutError(<HTTPConnection(host='localhost', port=8000) at 0x105db8b50>, 'Connection to localhost timed out. (connect timeout=None)')",1,2026-08-10T16:55:55Z,2026-08-10T16:55:55Z
GET,/api/v1/games/recent,"ConnectTimeoutError(<HTTPConnection(host='localhost', port=8000) at 0x104c49850>, 'Connection to localhost timed out. (connect timeout=None)')",1,2026-08-10T16:55:23Z,2026-08-10T16:55:23Z
GET,/api/v1/users/leaderboard,"ConnectTimeoutError(<HTTPConnection(host='localhost', port=8000) at 0x105061750>, 'Connection to localhost timed out. (connect timeout=None)')",1,2026-08-10T16:55:31Z,2026-08-10T16:55:31Z
GET,/api/v1/games/history,"ConnectTimeoutError(<HTTPConnection(host='localhost', port=8000) at 0x105f26250>, 'Connection to localhost timed out. (connect timeout=None)')",1,2026-08-10T16:55:56Z,2026-08-10T16:55:56Z
GET,/api/v1/games/recent,"ConnectTimeoutError(<HTTPConnection(host='localhost', port=8000) at 0x10619b050>, 'Connection to localhost timed out. (connect timeout=None)')",1,2026-08-10T16:56:03Z,2026-08-10T16:56:03Z
GET,/api/v1/games/history,"ConnectTimeoutError(<HTTPConnection(host='localhost', port=8000) at 0x1056bfa50>, 'Connection to localhost timed out. (connect timeout=None)')",1,2026-08-10T16:55:40Z,2026-08-10T16:55:40Z
GET,/api/v1/users/leaderboard,"ConnectTimeoutError(<HTTPConnection(host='localhost', port=8000) at 0x105060c50>, 'Connection to localhost timed out. (connect timeout=None)')",1,2026-08-10T16:55:31Z,2026-08-10T16:55:31Z
GET,/api/v1/users/leaderboard,"ConnectTimeoutError(<HTTPConnection(host='localhost', port=8000) at 0x104a30e50>, 'Connection to localhost timed out. (connect timeout=None)')",1,2026-08-10T16:55:16Z,2026-08-10T16:55:16Z
GET,/api/v1/games/history,"ConnectTimeoutError(<HTTPConnection(host='localhost', port=8000) at 0x1052b0150>, 'Connection to localhost timed out. (connect timeout=None)')",1,2026-08-10T16:55:32Z,2026-08-10T16:55:32Z
GET,/api/v1/users/leaderboard,"ConnectTimeoutError(<HTTPConnection(host='localhost', port=8000) at 0x1058fd250>, 'Connection to localhost timed out. (connect timeout=None)')",1,2026-08-10T16:55:47Z,2026-08-10T16:55:47Z
GET,/api/v1/games/recent,"ConnectTimeoutError(<HTTPConnection(host='localhost', port=8000) at 0x104883650>, 'Connection to localhost timed out. (connect timeout=None)')",1,2026-08-10T16:55:16Z,2026-08-10T16:55:16Z
GET,/api/v1/games/recent,"ConnectTimeoutError(<HTTPConnection(host='localhost', port=8000) at 0x1057e3450>, 'Connection to localhost timed out. (connect timeout=None)')",1,2026-08-10T16:55:46Z,2026-08-10T16:55:46Z
GET,/api/v1/users/leaderboard,"ConnectTimeoutError(<HTTPConnection(host='localhost', port=8000) at 0x1060de850>, 'Connection to localhost timed out. (connect timeout=None)')",1,2026-08-10T16:56:02Z,2026-08-10T16:56:02Z
GET,/api/v1/games/recent,"ConnectTimeoutError(<HTTPConnection(host='localhost', port=8000) at 0x104fe8250>, 'Connection to localhost timed out. (connect timeout=None)')",1,2026-08-10T16:55:30Z,2026-08-10T16:55:30Z
GET,/api/v1/users/leaderboard,"ConnectTimeoutError(<HTTPConnection(host='localhost', port=8000) at 0x103a1a750>, 'Connection to localhost timed out. (connect timeout=None)')",1,2026-08-10T16:55:15Z,2026-08-10T16:55:15Z
GET,/api/v1/users/leaderboard,"ConnectTimeoutError(<HTTPConnection(host='localhost', port=8000) at 0x1061e5250>, 'Connection to localhost timed out. (connect timeout=None)')",1,2026-08-10T16:56:03Z,2026-08-10T16:56:03Z
GET,/api/v1/games/recent,"ConnectTimeoutError(<HTTPConnection(host='localhost', port=8000) at 0x104c4b950>, 'Connection to localhost timed out. (connect timeout=None)')",1,2026-08-10T16:55:23Z,2026-08-10T16:55:23Z
GET,/api/v1/users/leaderboard,"ConnectTimeoutError(<HTTPConnection(host='localhost', port=8000) at 0x104fbcc50>, 'Connection to localhost timed out. (connect timeout=None)')",1,2026-08-10T16:55:30Z,2026-08-10T16:55:30Z
GET,/api/v1/users/leaderboard,"ConnectTimeoutError(<HTTPConnection(host='localhost', port=8000) at 0x1054b8550>, 'Connection to localhost timed out. (connect timeout=None)')",1,2026-08-10T16:55:39Z,2026-08-10T16:55:39Z
GET,/api/v1/users/leaderboard,"ConnectTimeoutError(<HTTPConnection(host='localhost', port=8000) at 0x105d05050>, 'Connection to localhost timed out. (connect timeout=None)')",1,2026-08-10T16:55:55Z,2026-08-10T16:55:55Z
GET,/api/v1/games/history,"ConnectTimeoutError(<HTTPConnection(host='localhost', port=8000) at 0x105939650>, 'Connection to localhost timed out. (connect timeout=None)')",1,2026-08-10T16:55:47Z,2026-08-10T16:55:47Z
GET,/api/v1/users/leaderboard,"ConnectTimeoutError(<HTTPConnection(host='localhost', port=8000) at 0x1056bcd50>, 'Connection to localhost timed out. (connect timeout=None)')",1,2026-08-10T16:55:40Z,2026-08-10T16:55:40Z
GET,/api/v1/games/recent,"ConnectTimeoutError(<HTTPConnection(host='localhost', port=8000) at 0x10597a850>, 'Connection to localhost timed out. (connect timeout=None)')",1,2026-08-10T16:55:47Z,2026-08-10T16:55:47Z
GET,/api/v1/games/recent,"ConnectTimeoutError(<HTTPConnection(host='localhost', port=8000) at 0x10612ec50>, 'Connection to localhost timed out. (connect timeout=None)')",1,2026-08-10T16:56:03Z,2026-08-10T16:56:03Z
GET,/api/v1/users/leaderboard,"ConnectTimeoutError(<HTTPConnection(host='localhost', port=8000) at 0x105fc4650>, 'Connection to localhost timed out. (connect timeout=None)')",1,2026-08-10T16:55:56Z,2026-08-10T16:55:56Z
GET,/api/v1/users/leaderboard,"ConnectTimeoutError(<HTTPConnection(host='localhost', port=8000) at 0x104397050>, 'Connection to localhost timed out. (connect timeout=None)')",1,2026-08-10T16:55:15Z,2026-08-10T16:55:15Z
GET,/api/v1/users/leaderboard,"ConnectTimeoutError(<HTTPConnection(host='localhost', port=8000) at 0x104e2f950>, 'Connection to localhost timed out. (connect timeout=None)')",1,2026-08-10T16:55:24Z,2026-08-10T16:55:24Z
GET,/api/v1/users/leaderboard,"ConnectTimeoutError(<HTTPConnection(host='localhost', port=8000) at 0x104e16150>, 'Connection to localhost timed out. (connect timeout=None)')",1,2026-08-10T16:55:24Z,2026-08-10T16:55:24Z
GET,/api/v1/users/leaderboard,"ConnectTimeoutError(<HTTPConnection(host='localhost', port=8000) at 0x103a18e50>, 'Connection to localhost timed out. (connect timeout=None)')",1,2026-08-10T16:55:15Z,2026-08-10T16:55:15Z
GET,/api/v1/users/leaderboard,"ConnectTimeoutError(<HTTPConnection(host='localhost', port=8000) at 0x105f25350>, 'Connection to localhost timed out. (connect timeout=None)')",1,2026-08-10T16:55:56Z,2026-08-10T16:55:56Z
GET,/api/v1/games/history,"ConnectTimeoutError(<HTTPConnection(host='localhost', port=8000) at 0x104bdf250>, 'Connection to localhost timed out. (connect timeout=None)')",1,2026-08-10T16:55:23Z,2026-08-10T16:55:23Z
GET,/api/v1/games/recent,"ConnectTimeoutError(<HTTPConnection(host='localhost', port=8000) at 0x105f24d50>, 'Connection to localhost timed out. (connect timeout=None)')",1,2026-08-10T16:55:56Z,2026-08-10T16:55:56Z
GET,/api/v1/users/leaderboard,"ConnectTimeoutError(<HTTPConnection(host='localhost', port=8000) at 0x1056bd650>, 'Connection to localhost timed out. (connect timeout=None)')",1,2026-08-10T16:55:40Z,2026-08-10T16:55:40Z
GET,/api/v1/users/leaderboard,"ConnectTimeoutError(<HTTPConnection(host='localhost', port=8000) at 0x1049d9150>, 'Connection to localhost timed out. (connect timeout=None)')",1,2026-08-10T16:55:22Z,2026-08-10T16:55:22Z
GET,/api/v1/games/history,"ConnectTimeoutError(<HTTPConnection(host='localhost', port=8000) at 0x105eba450>, 'Connection to localhost timed out. (connect timeout=None)')",1,2026-08-10T16:55:56Z,2026-08-10T16:55:56Z
GET,/api/v1/games/recent,"ConnectTimeoutError(<HTTPConnection(host='localhost', port=8000) at 0x1049d9750>, 'Connection to localhost timed out. (connect timeout=None)')",1,2026-08-10T16:55:22Z,2026-08-10T16:55:22Z
GET,/api/v1/users/leaderboard,"ConnectTimeoutError(<HTTPConnection(host='localhost', port=8000) at 0x10508e550>, 'Connection to localhost timed out. (connect timeout=None)')",1,2026-08-10T16:55:31Z,2026-08-10T16:55:31Z
GET,/api/v1/games/recent,"ConnectTimeoutError(<HTTPConnection(host='localhost', port=8000) at 0x105237150>, 'Connection to localhost timed out. (connect timeout=None)')",1,2026-08-10T16:55:32Z,2026-08-10T16:55:32Z
GET,/api/v1/users/leaderboard,"ConnectTimeoutError(<HTTPConnection(host='localhost', port=8000) at 0x106057850>, 'Connection to localhost timed out. (connect timeout=None)')",1,2026-08-10T16:56:02Z,2026-08-10T16:56:02Z
GET,/api/v1/users/leaderboard,"ConnectTimeoutError(<HTTPConnection(host='localhost', port=8000) at 0x1046cde50>, 'Connection to localhost timed out. (connect timeout=None)')",1,2026-08-10T16:55:15Z,2026-08-10T16:55:15Z
GET,/api/v1/games/recent,"ConnectTimeoutError(<HTTPConnection(host='localhost', port=8000) at 0x104882f50>, 'Connection to localhost timed out. (connect timeout=None)')",1,2026-08-10T16:55:16Z,2026-08-10T16:55:16Z
GET,/api/v1/users/leaderboard,"ConnectTimeoutError(<HTTPConnection(host='localhost', port=8000) at 0x105c1a350>, 'Connection to localhost timed out. (connect timeout=None)')",1,2026-08-10T16:55:54Z,2026-08-10T16:55:54Z
GET,/api/v1/users/leaderboard,"ConnectTimeoutError(<HTTPConnection(host='localhost', port=8000) at 0x105f7c750>, 'Connection to localhost timed out. (connect timeout=None)')",1,2026-08-10T16:55:56Z,2026-08-10T16:55:56Z
GET,/api/v1/users/leaderboard,"ConnectTimeoutError(<HTTPConnection(host='localhost', port=8000) at 0x1049c4650>, 'Connection to localhost timed out. (connect timeout=None)')",1,2026-08-10T16:55:16Z,2026-08-10T16:55:16Z
GET,/api/v1/games/recent,"ConnectTimeoutError(<HTTPConnection(host='localhost', port=8000) at 0x1055f3550>, 'Connection to localhost timed out. (connect timeout=None)')",1,2026-08-10T16:55:40Z,2026-08-10T16:55:40Z
GET,/api/v1/games/history,"ConnectTimeoutError(<HTTPConnection(host='localhost', port=8000) at 0x105844e50>, 'Connection to localhost timed out. (connect timeout=None)')",1,2026-08-10T16:55:46Z,2026-08-10T16:55:46Z
GET,/api/v1/games/recent,"ConnectTimeoutError(<HTTPConnection(host='localhost', port=8000) at 0x105b45950>, 'Connection to localhost timed out. (connect timeout=None)')",1,2026-08-10T16:55:48Z,2026-08-10T16:55:48Z
GET,/api/v1/users/leaderboard,"ConnectTimeoutError(<HTTPConnection(host='localhost', port=8000) at 0x10612db50>, 'Connection to localhost timed out. (connect timeout=None)')",1,2026-08-10T16:56:02Z,2026-08-10T16:56:02Z
GET,/api/v1/games/recent,"ConnectTimeoutError(<HTTPConnection(host='localhost', port=8000) at 0x104e2db50>, 'Connection to localhost timed out. (connect timeout=None)')",1,2026-08-10T16:55:24Z,2026-08-10T16:55:24Z
GET,/api/v1/games/recent,"ConnectTimeoutError(<HTTPConnection(host='localhost', port=8000) at 0x104a30a50>, 'Connection to localhost timed out. (connect timeout=None)')",1,2026-08-10T16:55:16Z,2026-08-10T16:55:16Z
GET,/api/v1/users/leaderboard,"ConnectTimeoutError(<HTTPConnection(host='localhost', port=8000) at 0x1050b3350>, 'Connection to localhost timed out. (connect timeout=None)')",1,2026-08-10T16:55:31Z,2026-08-10T16:55:31Z
GET,/api/v1/users/leaderboard,"ConnectTimeoutError(<HTTPConnection(host='localhost', port=8000) at 0x104fbe450>, 'Connection to localhost timed out. (connect timeout=None)')",1,2026-08-10T16:55:30Z,2026-08-10T16:55:30Z
GET,/api/v1/games/recent,"ConnectTimeoutError(<HTTPConnection(host='localhost', port=8000) at 0x104fe8050>, 'Connection to localhost timed out. (connect timeout=None)')",1,2026-08-10T16:55:30Z,2026-08-10T16:55:30Z
GET,/api/v1/users/leaderboard,"ConnectTimeoutError(<HTTPConnection(host='localhost', port=8000) at 0x105844450>, 'Connection to localhost timed out. (connect timeout=None)')",1,2026-08-10T16:55:46Z,2026-08-10T16:55:46Z
GET,/api/v1/users/leaderboard,"ConnectTimeoutError(<HTTPConnection(host='localhost', port=8000) at 0x104e15b50>, 'Connection to localhost timed out. (connect timeout=None)')",1,2026-08-10T16:55:24Z,2026-08-10T16:55:24Z
GET,/api/v1/games/recent,"ConnectTimeoutError(<HTTPConnection(host='localhost', port=8000) at 0x105c19a50>, 'Connection to localhost timed out. (connect timeout=None)')",1,2026-08-10T16:55:54Z,2026-08-10T16:55:54Z
GET,/api/v1/games/history,"ConnectTimeoutError(<HTTPConnection(host='localhost', port=8000) at 0x106095d50>, 'Connection to localhost timed out. (connect timeout=None)')",1,2026-08-10T16:56:02Z,2026-08-10T16:56:02Z
GET,/api/v1/games/recent,"ConnectTimeoutError(<HTTPConnection(host='localhost', port=8000) at 0x1056bf750>, 'Connection to localhost timed out. (connect timeout=None)')",1,2026-08-10T16:55:40Z,2026-08-10T16:55:40Z
GET,/api/v1/users/leaderboard,"ConnectTimeoutError(<HTTPConnection(host='localhost', port=8000) at 0x10549a250>, 'Connection to localhost timed out. (connect timeout=None)')",1,2026-08-10T16:55:39Z,2026-08-10T16:55:39Z
GET,/api/v1/games/recent,"ConnectTimeoutError(<HTTPConnection(host='localhost', port=8000) at 0x10508f150>, 'Connection to localhost timed out. (connect timeout=None)')",1,2026-08-10T16:55:31Z,2026-08-10T16:55:31Z
GET,/api/v1/users/leaderboard,"ConnectTimeoutError(<HTTPConnection(host='localhost', port=8000) at 0x104a30750>, 'Connection to localhost timed out. (connect timeout=None)')",1,2026-08-10T16:55:16Z,2026-08-10T16:55:16Z
GET,/api/v1/games/history,"ConnectTimeoutError(<HTTPConnection(host='localhost', port=8000) at 0x105673750>, 'Connection to localhost timed out. (connect timeout=None)')",1,2026-08-10T16:55:40Z,2026-08-10T16:55:40Z
GET,/api/v1/users/leaderboard,"ConnectTimeoutError(<HTTPConnection(host='localhost', port=8000) at 0x105234050>, 'Connection to localhost timed out. (connect timeout=None)')",1,2026-08-10T16:55:32Z,2026-08-10T16:55:32Z
GET,/api/v1/games/history,"ConnectTimeoutError(<HTTPConnection(host='localhost', port=8000) at 0x105432450>, 'Connection to localhost timed out. (connect timeout=None)')",1,2026-08-10T16:55:38Z,2026-08-10T16:55:38Z
GET,/api/v1/games/history,"ConnectTimeoutError(<HTTPConnection(host='localhost', port=8000) at 0x105dbad50>, 'Connection to localhost timed out. (connect timeout=None)')",1,2026-08-10T16:55:55Z,2026-08-10T16:55:55Z
GET,/api/v1/users/leaderboard,"ConnectTimeoutError(<HTTPConnection(host='localhost', port=8000) at 0x10549b250>, 'Connection to localhost timed out. (connect timeout=None)')",1,2026-08-10T16:55:39Z,2026-08-10T16:55:39Z
GET,/api/v1/games/history,"ConnectTimeoutError(<HTTPConnection(host='localhost', port=8000) at 0x104882c50>, 'Connection to localhost timed out. (connect timeout=None)')",1,2026-08-10T16:55:16Z,2026-08-10T16:55:16Z
GET,/api/v1/users/leaderboard,"ConnectTimeoutError(<HTTPConnection(host='localhost', port=8000) at 0x105d5df50>, 'Connection to localhost timed out. (connect timeout=None)')",1,2026-08-10T16:55:55Z,2026-08-10T16:55:55Z
GET,/api/v1/games/history,"ConnectTimeoutError(<HTTPConnection(host='localhost', port=8000) at 0x104945250>, 'Connection to localhost timed out. (connect timeout=None)')",1,2026-08-10T16:55:16Z,2026-08-10T16:55:16Z
GET,/api/v1/users/leaderboard,"ConnectTimeoutError(<HTTPConnection(host='localhost', port=8000) at 0x104de8b50>, 'Connection to localhost timed out. (connect timeout=None)')",1,2026-08-10T16:55:24Z,2026-08-10T16:55:24Z
GET,/api/v1/users/leaderboard,"ConnectTimeoutError(<HTTPConnection(host='localhost', port=8000) at 0x104881150>, 'Connection to localhost timed out. (connect timeout=None)')",1,2026-08-10T16:55:16Z,2026-08-10T16:55:16Z
GET,/api/v1/games/history,"ConnectTimeoutError(<HTTPConnection(host='localhost', port=8000) at 0x105c69750>, 'Connection to localhost timed out. (connect timeout=None)')",1,2026-08-10T16:55:54Z,2026-08-10T16:55:54Z
GET,/api/v1/games/history,"ConnectTimeoutError(<HTTPConnection(host='localhost', port=8000) at 0x105f7d150>, 'Connection to localhost timed out. (connect timeout=None)')",1,2026-08-10T16:55:56Z,2026-08-10T16:55:56Z
GET,/api/v1/games/recent,"ConnectTimeoutError(<HTTPConnection(host='localhost', port=8000) at 0x1058fd650>, 'Connection to localhost timed out. (connect timeout=None)')",1,2026-08-10T16:55:47Z,2026-08-10T16:55:47Z
GET,/api/v1/games/recent,"ConnectTimeoutError(<HTTPConnection(host='localhost', port=8000) at 0x104e14c50>, 'Connection to localhost timed out. (connect timeout=None)')",1,2026-08-10T16:55:24Z,2026-08-10T16:55:24Z
GET,/api/v1/users/leaderboard,"ConnectTimeoutError(<HTTPConnection(host='localhost', port=8000) at 0x103f24650>, 'Connection to localhost timed out. (connect timeout=None)')",1,2026-08-10T16:55:15Z,2026-08-10T16:55:15Z
GET,/api/v1/games/recent,"ConnectTimeoutError(<HTTPConnection(host='localhost', port=8000) at 0x105279150>, 'Connection to localhost timed out. (connect timeout=None)')",1,2026-08-10T16:55:32Z,2026-08-10T16:55:32Z
GET,/api/v1/games/history,"ConnectTimeoutError(<HTTPConnection(host='localhost', port=8000) at 0x1061e5750>, 'Connection to localhost timed out. (connect timeout=None)')",1,2026-08-10T16:56:03Z,2026-08-10T16:56:03Z
GET,/api/v1/users/leaderboard,"ConnectTimeoutError(<HTTPConnection(host='localhost', port=8000) at 0x105060b50>, 'Connection to localhost timed out. (connect timeout=None)')",1,2026-08-10T16:55:31Z,2026-08-10T16:55:31Z
GET,/api/v1/games/history,"ConnectTimeoutError(<HTTPConnection(host='localhost', port=8000) at 0x1056be650>, 'Connection to localhost timed out. (connect timeout=None)')",1,2026-08-10T16:55:40Z,2026-08-10T16:55:40Z
GET,/api/v1/games/recent,"ConnectTimeoutError(<HTTPConnection(host='localhost', port=8000) at 0x1049c4950>, 'Connection to localhost timed out. (connect timeout=None)')",1,2026-08-10T16:55:16Z,2026-08-10T16:55:16Z
GET,/api/v1/users/leaderboard,"ConnectTimeoutError(<HTTPConnection(host='localhost', port=8000) at 0x105234f50>, 'Connection to localhost timed out. (connect timeout=None)')",1,2026-08-10T16:55:32Z,2026-08-10T16:55:32Z
GET,/api/v1/games/history,"ConnectTimeoutError(<HTTPConnection(host='localhost', port=8000) at 0x104591c50>, 'Connection to localhost timed out. (connect timeout=None)')",1,2026-08-10T16:55:15Z,2026-08-10T16:55:15Z
GET,/api/v1/games/recent,"ConnectTimeoutError(<HTTPConnection(host='localhost', port=8000) at 0x104c6a050>, 'Connection to localhost timed out. (connect timeout=None)')",1,2026-08-10T16:55:23Z,2026-08-10T16:55:23Z
GET,/api/v1/users/leaderboard,"ConnectTimeoutError(<HTTPConnection(host='localhost', port=8000) at 0x104883350>, 'Connection to localhost timed out. (connect timeout=None)')",1,2026-08-10T16:55:16Z,2026-08-10T16:55:16Z
GET,/api/v1/games/history,"ConnectTimeoutError(<HTTPConnection(host='localhost', port=8000) at 0x105845050>, 'Connection to localhost timed out. (connect timeout=None)')",1,2026-08-10T16:55:46Z,2026-08-10T16:55:46Z
GET,/api/v1/games/recent,"ConnectTimeoutError(<HTTPConnection(host='localhost', port=8000) at 0x1046cda50>, 'Connection to localhost timed out. (connect timeout=None)')",1,2026-08-10T16:55:15Z,2026-08-10T16:55:15Z
GET,/api/v1/games/history,"ConnectTimeoutError(<HTTPConnection(host='localhost', port=8000) at 0x1054bb950>, 'Connection to localhost timed out. (connect timeout=None)')",1,2026-08-10T16:55:39Z,2026-08-10T16:55:39Z
GET,/api/v1/games/history,"ConnectTimeoutError(<HTTPConnection(host='localhost', port=8000) at 0x105250c50>, 'Connection to localhost timed out. (connect timeout=None)')",1,2026-08-10T16:55:32Z,2026-08-10T16:55:32Z
GET,/api/v1/users/leaderboard,"ConnectTimeoutError(<HTTPConnection(host='localhost', port=8000) at 0x103a75650>, 'Connection to localhost timed out. (connect timeout=None)')",1,2026-08-10T16:55:14Z,2026-08-10T16:55:14Z
GET,/api/v1/games/history,"ConnectTimeoutError(<HTTPConnection(host='localhost', port=8000) at 0x105c68350>, 'Connection to localhost timed out. (connect timeout=None)')",1,2026-08-10T16:55:54Z,2026-08-10T16:55:54Z
GET,/api/v1/users/leaderboard,"ConnectTimeoutError(<HTTPConnection(host='localhost', port=8000) at 0x104881750>, 'Connection to localhost timed out. (connect timeout=None)')",1,2026-08-10T16:55:16Z,2026-08-10T16:55:16Z
GET,/api/v1/games/history,"ConnectTimeoutError(<HTTPConnection(host='localhost', port=8000) at 0x105235450>, 'Connection to localhost timed out. (connect timeout=None)')",1,2026-08-10T16:55:32Z,2026-08-10T16:55:32Z
GET,/api/v1/games/recent,"ConnectTimeoutError(<HTTPConnection(host='localhost', port=8000) at 0x105d25650>, 'Connection to localhost timed out. (connect timeout=None)')",1,2026-08-10T16:55:55Z,2026-08-10T16:55:55Z
GET,/api/v1/games/recent,"ConnectTimeoutError(<HTTPConnection(host='localhost', port=8000) at 0x103a76c50>, 'Connection to localhost timed out. (connect timeout=None)')",1,2026-08-10T16:55:14Z,2026-08-10T16:55:14Z
GET,/api/v1/users/leaderboard,"ConnectTimeoutError(<HTTPConnection(host='localhost', port=8000) at 0x10508c450>, 'Connection to localhost timed out. (connect timeout=None)')",1,2026-08-10T16:55:31Z,2026-08-10T16:55:31Z
GET,/api/v1/users/leaderboard,"ConnectTimeoutError(<HTTPConnection(host='localhost', port=8000) at 0x103bc7950>, 'Connection to localhost timed out. (connect timeout=None)')",1,2026-08-10T16:55:14Z,2026-08-10T16:55:14Z
GET,/api/v1/games/recent,"ConnectTimeoutError(<HTTPConnection(host='localhost', port=8000) at 0x105234650>, 'Connection to localhost timed out. (connect timeout=None)')",1,2026-08-10T16:55:32Z,2026-08-10T16:55:32Z
GET,/api/v1/games/history,"ConnectTimeoutError(<HTTPConnection(host='localhost', port=8000) at 0x106056950>, 'Connection to localhost timed out. (connect timeout=None)')",1,2026-08-10T16:56:01Z,2026-08-10T16:56:01Z
GET,/api/v1/games/recent,"ConnectTimeoutError(<HTTPConnection(host='localhost', port=8000) at 0x105060e50>, 'Connection to localhost timed out. (connect timeout=None)')",1,2026-08-10T16:55:31Z,2026-08-10T16:55:31Z
GET,/api/v1/users/leaderboard,"ConnectTimeoutError(<HTTPConnection(host='localhost', port=8000) at 0x105242950>, 'Connection to localhost timed out. (connect timeout=None)')",1,2026-08-10T16:55:47Z,2026-08-10T16:55:47Z
GET,/api/v1/users/leaderboard,"ConnectTimeoutError(<HTTPConnection(host='localhost', port=8000) at 0x105692b50>, 'Connection to localhost timed out. (connect timeout=None)')",1,2026-08-10T16:55:40Z,2026-08-10T16:55:40Z
GET,/api/v1/games/history,"ConnectTimeoutError(<HTTPConnection(host='localhost', port=8000) at 0x105430e50>, 'Connection to localhost timed out. (connect timeout=None)')",1,2026-08-10T16:55:38Z,2026-08-10T16:55:38Z
GET,/api/v1/users/leaderboard,"ConnectTimeoutError(<HTTPConnection(host='localhost', port=8000) at 0x10549b050>, 'Connection to localhost timed out. (connect timeout=None)')",1,2026-08-10T16:55:39Z,2026-08-10T16:55:39Z
GET,/api/v1/games/recent,"ConnectTimeoutError(<HTTPConnection(host='localhost', port=8000) at 0x104e17e50>, 'Connection to localhost timed out. (connect timeout=None)')",1,2026-08-10T16:55:24Z,2026-08-10T16:55:24Z
GET,/api/v1/users/leaderboard,"ConnectTimeoutError(<HTTPConnection(host='localhost', port=8000) at 0x1054ba550>, 'Connection to localhost timed out. (connect timeout=None)')",1,2026-08-10T16:55:39Z,2026-08-10T16:55:39Z
GET,/api/v1/users/leaderboard,"ConnectTimeoutError(<HTTPConnection(host='localhost', port=8000) at 0x1054ecb50>, 'Connection to localhost timed out. (connect timeout=None)')",1,2026-08-10T16:55:39Z,2026-08-10T16:55:39Z
GET,/api/v1/users/leaderboard,"ConnectTimeoutError(<HTTPConnection(host='localhost', port=8000) at 0x104fbf350>, 'Connection to localhost timed out. (connect timeout=None)')",1,2026-08-10T16:55:30Z,2026-08-10T16:55:30Z
GET,/api/v1/users/leaderboard,"ConnectTimeoutError(<HTTPConnection(host='localhost', port=8000) at 0x104c4a750>, 'Connection to localhost timed out. (connect timeout=None)')",1,2026-08-10T16:55:23Z,2026-08-10T16:55:23Z
GET,/api/v1/users/leaderboard,"ConnectTimeoutError(<HTTPConnection(host='localhost', port=8000) at 0x105a9f050>, 'Connection to localhost timed out. (connect timeout=None)')",1,2026-08-10T16:55:48Z,2026-08-10T16:55:48Z
GET,/api/v1/games/history,"ConnectTimeoutError(<HTTPConnection(host='localhost', port=8000) at 0x104590d50>, 'Connection to localhost timed out. (connect timeout=None)')",1,2026-08-10T16:55:15Z,2026-08-10T16:55:15Z
GET,/api/v1/games/history,"ConnectTimeoutError(<HTTPConnection(host='localhost', port=8000) at 0x104a31450>, 'Connection to localhost timed out. (connect timeout=None)')",1,2026-08-10T16:55:16Z,2026-08-10T16:55:16Z
GET,/api/v1/users/leaderboard,"ConnectTimeoutError(<HTTPConnection(host='localhost', port=8000) at 0x10538b550>, 'Connection to localhost timed out. (connect timeout=None)')",1,2026-08-10T16:55:38Z,2026-08-10T16:55:38Z
GET,/api/v1/users/leaderboard,"ConnectTimeoutError(<HTTPConnection(host='localhost', port=8000) at 0x1049d9a50>, 'Connection to localhost timed out. (connect timeout=None)')",1,2026-08-10T16:55:22Z,2026-08-10T16:55:22Z
GET,/api/v1/games/recent,"ConnectTimeoutError(<HTTPConnection(host='localhost', port=8000) at 0x105f7e850>, 'Connection to localhost timed out. (connect timeout=None)')",1,2026-08-10T16:55:56Z,2026-08-10T16:55:56Z
GET,/api/v1/users/leaderboard,"ConnectTimeoutError(<HTTPConnection(host='localhost', port=8000) at 0x105432050>, 'Connection to localhost timed out. (connect timeout=None)')",1,2026-08-10T16:55:38Z,2026-08-10T16:55:38Z
GET,/api/v1/users/leaderboard,"ConnectTimeoutError(<HTTPConnection(host='localhost', port=8000) at 0x104deb050>, 'Connection to localhost timed out. (connect timeout=None)')",1,2026-08-10T16:55:24Z,2026-08-10T16:55:24Z
GET,/api/v1/games/recent,"ConnectTimeoutError(<HTTPConnection(host='localhost', port=8000) at 0x10508ee50>, 'Connection to localhost timed out. (connect timeout=None)')",1,2026-08-10T16:55:31Z,2026-08-10T16:55:31Z
GET,/api/v1/users/leaderboard,"ConnectTimeoutError(<HTTPConnection(host='localhost', port=8000) at 0x104882050>, 'Connection to localhost timed out. (connect timeout=None)')",1,2026-08-10T16:55:16Z,2026-08-10T16:55:16Z
GET,/api/v1/games/recent,"ConnectTimeoutError(<HTTPConnection(host='localhost', port=8000) at 0x104397a50>, 'Connection to localhost timed out. (connect timeout=None)')",1,2026-08-10T16:55:15Z,2026-08-10T16:55:15Z
GET,/api/v1/games/recent,"ConnectTimeoutError(<HTTPConnection(host='localhost', port=8000) at 0x103f92a50>, 'Connection to localhost timed out. (connect timeout=None)')",1,2026-08-10T16:55:14Z,2026-08-10T16:55:14Z
GET,/api/v1/games/history,"ConnectTimeoutError(<HTTPConnection(host='localhost', port=8000) at 0x105498850>, 'Connection to localhost timed out. (connect timeout=None)')",1,2026-08-10T16:55:39Z,2026-08-10T16:55:39Z
GET,/api/v1/users/leaderboard,"ConnectTimeoutError(<HTTPConnection(host='localhost', port=8000) at 0x104e17250>, 'Connection to localhost timed out. (connect timeout=None)')",1,2026-08-10T16:55:24Z,2026-08-10T16:55:24Z
GET,/api/v1/games/recent,"ConnectTimeoutError(<HTTPConnection(host='localhost', port=8000) at 0x10527a950>, 'Connection to localhost timed out. (connect timeout=None)')",1,2026-08-10T16:55:32Z,2026-08-10T16:55:32Z
GET,/api/v1/users/leaderboard,"ConnectTimeoutError(<HTTPConnection(host='localhost', port=8000) at 0x105dba550>, 'Connection to localhost timed out. (connect timeout=None)')",1,2026-08-10T16:55:55Z,2026-08-10T16:55:55Z
GET,/api/v1/games/history,"ConnectTimeoutError(<HTTPConnection(host='localhost', port=8000) at 0x103ae2650>, 'Connection to localhost timed out. (connect timeout=None)')",1,2026-08-10T16:55:15Z,2026-08-10T16:55:15Z
GET,/api/v1/users/leaderboard,"ConnectTimeoutError(<HTTPConnection(host='localhost', port=8000) at 0x105672150>, 'Connection to localhost timed out. (connect timeout=None)')",1,2026-08-10T16:55:40Z,2026-08-10T16:55:40Z
GET,/api/v1/games/history,"ConnectTimeoutError(<HTTPConnection(host='localhost', port=8000) at 0x105243750>, 'Connection to localhost timed out. (connect timeout=None)')",1,2026-08-10T16:55:47Z,2026-08-10T16:55:47Z
GET,/api/v1/users/leaderboard,"ConnectTimeoutError(<HTTPConnection(host='localhost', port=8000) at 0x104e16b50>, 'Connection to localhost timed out. (connect timeout=None)')",1,2026-08-10T16:55:24Z,2026-08-10T16:55:24Z
GET,/api/v1/users/leaderboard,"ConnectTimeoutError(<HTTPConnection(host='localhost', port=8000) at 0x1053ee550>, 'Connection to localhost timed out. (connect timeout=None)')",1,2026-08-10T16:55:38Z,2026-08-10T16:55:38Z
GET,/api/v1/games/history,"ConnectTimeoutError(<HTTPConnection(host='localhost', port=8000) at 0x10527a550>, 'Connection to localhost timed out. (connect timeout=None)')",1,2026-08-10T16:55:32Z,2026-08-10T16:55:32Z
GET,/api/v1/games/recent,"ConnectTimeoutError(<HTTPConnection(host='localhost', port=8000) at 0x105c68b50>, 'Connection to localhost timed out. (connect timeout=None)')",1,2026-08-10T16:55:54Z,2026-08-10T16:55:54Z
GET,/api/v1/games/recent,"ConnectTimeoutError(<HTTPConnection(host='localhost', port=8000) at 0x105e76850>, 'Connection to localhost timed out. (connect timeout=None)')",1,2026-08-10T16:55:56Z,2026-08-10T16:55:56Z
GET,/api/v1/users/leaderboard,"ConnectTimeoutError(<HTTPConnection(host='localhost', port=8000) at 0x105235b50>, 'Connection to localhost timed out. (connect timeout=None)')",1,2026-08-10T16:55:32Z,2026-08-10T16:55:32Z
GET,/api/v1/games/recent,"ConnectTimeoutError(<HTTPConnection(host='localhost', port=8000) at 0x104c68450>, 'Connection to localhost timed out. (connect timeout=None)')",1,2026-08-10T16:55:23Z,2026-08-10T16:55:23Z
GET,/api/v1/games/history,"ConnectTimeoutError(<HTTPConnection(host='localhost', port=8000) at 0x104c68b50>, 'Connection to localhost timed out. (connect timeout=None)')",1,2026-08-10T16:55:23Z,2026-08-10T16:55:23Z
GET,/api/v1/users/leaderboard,"ConnectTimeoutError(<HTTPConnection(host='localhost', port=8000) at 0x106055a50>, 'Connection to localhost timed out. (connect timeout=None)')",1,2026-08-10T16:56:01Z,2026-08-10T16:56:01Z
GET,/api/v1/users/leaderboard,"ConnectTimeoutError(<HTTPConnection(host='localhost', port=8000) at 0x104e16550>, 'Connection to localhost timed out. (connect timeout=None)')",1,2026-08-10T16:55:24Z,2026-08-10T16:55:24Z
GET,/api/v1/games/recent,"ConnectTimeoutError(<HTTPConnection(host='localhost', port=8000) at 0x104a33c50>, 'Connection to localhost timed out. (connect timeout=None)')",1,2026-08-10T16:55:22Z,2026-08-10T16:55:22Z
GET,/api/v1/games/history,"ConnectTimeoutError(<HTTPConnection(host='localhost', port=8000) at 0x104de8f50>, 'Connection to localhost timed out. (connect timeout=None)')",1,2026-08-10T16:55:24Z,2026-08-10T16:55:24Z
GET,/api/v1/users/leaderboard,"ConnectTimeoutError(<HTTPConnection(host='localhost', port=8000) at 0x104e17b50>, 'Connection to localhost timed out. (connect timeout=None)')",1,2026-08-10T16:55:24Z,2026-08-10T16:55:24Z
GET,/api/v1/users/leaderboard,"ConnectTimeoutError(<HTTPConnection(host='localhost', port=8000) at 0x1049da650>, 'Connection to localhost timed out. (connect timeout=None)')",1,2026-08-10T16:55:22Z,2026-08-10T16:55:22Z
GET,/api/v1/users/leaderboard,"ConnectTimeoutError(<HTTPConnection(host='localhost', port=8000) at 0x104f4f550>, 'Connection to localhost timed out. (connect timeout=None)')",1,2026-08-10T16:55:30Z,2026-08-10T16:55:30Z
GET,/api/v1/games/history,"ConnectTimeoutError(<HTTPConnection(host='localhost', port=8000) at 0x10549bc50>, 'Connection to localhost timed out. (connect timeout=None)')",1,2026-08-10T16:55:39Z,2026-08-10T16:55:39Z
GET,/api/v1/games/history,"ConnectTimeoutError(<HTTPConnection(host='localhost', port=8000) at 0x1054ee850>, 'Connection to localhost timed out. (connect timeout=None)')",1,2026-08-10T16:55:39Z,2026-08-10T16:55:39Z
GET,/api/v1/games/history,"ConnectTimeoutError(<HTTPConnection(host='localhost', port=8000) at 0x104397750>, 'Connection to localhost timed out. (connect timeout=None)')",1,2026-08-10T16:55:15Z,2026-08-10T16:55:15Z
GET,/api/v1/users/leaderboard,"ConnectTimeoutError(<HTTPConnection(host='localhost', port=8000) at 0x105a9f750>, 'Connection to localhost timed out. (connect timeout=None)')",1,2026-08-10T16:55:48Z,2026-08-10T16:55:48Z
GET,/api/v1/users/leaderboard,"ConnectTimeoutError(<HTTPConnection(host='localhost', port=8000) at 0x104e16950>, 'Connection to localhost timed out. (connect timeout=None)')",1,2026-08-10T16:55:24Z,2026-08-10T16:55:24Z
GET,/api/v1/games/history,"ConnectTimeoutError(<HTTPConnection(host='localhost', port=8000) at 0x1054ed650>, 'Connection to localhost timed out. (connect timeout=None)')",1,2026-08-10T16:55:39Z,2026-08-10T16:55:39Z
GET,/api/v1/games/history,"ConnectTimeoutError(<HTTPConnection(host='localhost', port=8000) at 0x105a4fe50>, 'Connection to localhost timed out. (connect timeout=None)')",1,2026-08-10T16:55:48Z,2026-08-10T16:55:48Z
GET,/api/v1/games/history,"ConnectTimeoutError(<HTTPConnection(host='localhost', port=8000) at 0x105844950>, 'Connection to localhost timed out. (connect timeout=None)')",1,2026-08-10T16:55:46Z,2026-08-10T16:55:46Z
GET,/api/v1/users/leaderboard,"ConnectTimeoutError(<HTTPConnection(host='localhost', port=8000) at 0x104946950>, 'Connection to localhost timed out. (connect timeout=None)')",1,2026-08-10T16:55:16Z,2026-08-10T16:55:16Z
GET,/api/v1/games/recent,"ConnectTimeoutError(<HTTPConnection(host='localhost', port=8000) at 0x1054ef050>, 'Connection to localhost timed out. (connect timeout=None)')",1,2026-08-10T16:55:39Z,2026-08-10T16:55:39Z
GET,/api/v1/users/leaderboard,"ConnectTimeoutError(<HTTPConnection(host='localhost', port=8000) at 0x104de9150>, 'Connection to localhost timed out. (connect timeout=None)')",1,2026-08-10T16:55:24Z,2026-08-10T16:55:24Z
GET,/api/v1/users/leaderboard,"ConnectTimeoutError(<HTTPConnection(host='localhost', port=8000) at 0x105235650>, 'Connection to localhost timed out. (connect timeout=None)')",1,2026-08-10T16:55:32Z,2026-08-10T16:55:32Z
GET,/api/v1/users/leaderboard,"ConnectTimeoutError(<HTTPConnection(host='localhost', port=8000) at 0x104bdf450>, 'Connection to localhost timed out. (connect timeout=None)')",1,2026-08-10T16:55:23Z,2026-08-10T16:55:23Z
GET,/api/v1/users/leaderboard,"ConnectTimeoutError(<HTTPConnection(host='localhost', port=8000) at 0x104bdfb50>, 'Connection to localhost timed out. (connect timeout=None)')",1,2026-08-10T16:55:23Z,2026-08-10T16:55:23Z
GET,/api/v1/users/leaderboard,"ConnectTimeoutError(<HTTPConnection(host='localhost', port=8000) at 0x1049d8550>, 'Connection to localhost timed out. (connect timeout=None)')",1,2026-08-10T16:55:22Z,2026-08-10T16:55:22Z
GET,/api/v1/users/leaderboard,"ConnectTimeoutError(<HTTPConnection(host='localhost', port=8000) at 0x1038bf050>, 'Connection to localhost timed out. (connect timeout=None)')",1,2026-08-10T16:55:15Z,2026-08-10T16:55:15Z
GET,/api/v1/users/leaderboard,"ConnectTimeoutError(<HTTPConnection(host='localhost', port=8000) at 0x104591950>, 'Connection to localhost timed out. (connect timeout=None)')",1,2026-08-10T16:55:15Z,2026-08-10T16:55:15Z
GET,/api/v1/games/recent,"ConnectTimeoutError(<HTTPConnection(host='localhost', port=8000) at 0x104e2f750>, 'Connection to localhost timed out. (connect timeout=None)')",1,2026-08-10T16:55:24Z,2026-08-10T16:55:24Z
GET,/api/v1/games/recent,"ConnectTimeoutError(<HTTPConnection(host='localhost', port=8000) at 0x105a4e650>, 'Connection to localhost timed out. (connect timeout=None)')",1,2026-08-10T16:55:48Z,2026-08-10T16:55:48Z
GET,/api/v1/users/leaderboard,"ConnectTimeoutError(<HTTPConnection(host='localhost', port=8000) at 0x104dea650>, 'Connection to localhost timed out. (connect timeout=None)')",1,2026-08-10T16:55:24Z,2026-08-10T16:55:24Z
GET,/api/v1/users/leaderboard,"ConnectTimeoutError(<HTTPConnection(host='localhost', port=8000) at 0x105b45f50>, 'Connection to localhost timed out. (connect timeout=None)')",1,2026-08-10T16:55:48Z,2026-08-10T16:55:48Z
GET,/api/v1/games/history,"ConnectTimeoutError(<HTTPConnection(host='localhost', port=8000) at 0x105062f50>, 'Connection to localhost timed out. (connect timeout=None)')",1,2026-08-10T16:55:31Z,2026-08-10T16:55:31Z
GET,/api/v1/users/leaderboard,"ConnectTimeoutError(<HTTPConnection(host='localhost', port=8000) at 0x1054b9250>, 'Connection to localhost timed out. (connect timeout=None)')",1,2026-08-10T16:55:39Z,2026-08-10T16:55:39Z
GET,/api/v1/users/leaderboard,"ConnectTimeoutError(<HTTPConnection(host='localhost', port=8000) at 0x104881450>, 'Connection to localhost timed out. (connect timeout=None)')",1,2026-08-10T16:55:16Z,2026-08-10T16:55:16Z
GET,/api/v1/games/history,"ConnectTimeoutError(<HTTPConnection(host='localhost', port=8000) at 0x105a4f350>, 'Connection to localhost timed out. (connect timeout=None)')",1,2026-08-10T16:55:48Z,2026-08-10T16:55:48Z
GET,/api/v1/users/leaderboard,"ConnectTimeoutError(<HTTPConnection(host='localhost', port=8000) at 0x104bdea50>, 'Connection to localhost timed out. (connect timeout=None)')",1,2026-08-10T16:55:23Z,2026-08-10T16:55:23Z
GET,/api/v1/games/recent,"ConnectTimeoutError(<HTTPConnection(host='localhost', port=8000) at 0x1049c5450>, 'Connection to localhost timed out. (connect timeout=None)')",1,2026-08-10T16:55:16Z,2026-08-10T16:55:16Z
GET,/api/v1/games/history,"ConnectTimeoutError(<HTTPConnection(host='localhost', port=8000) at 0x1061e7250>, 'Connection to localhost timed out. (connect timeout=None)')",1,2026-08-10T16:56:03Z,2026-08-10T16:56:03Z
GET,/api/v1/games/history,"ConnectTimeoutError(<HTTPConnection(host='localhost', port=8000) at 0x106057550>, 'Connection to localhost timed out. (connect timeout=None)')",1,2026-08-10T16:56:02Z,2026-08-10T16:56:02Z
GET,/api/v1/users/leaderboard,"ConnectTimeoutError(<HTTPConnection(host='localhost', port=8000) at 0x105671f50>, 'Connection to localhost timed out. (connect timeout=None)')",1,2026-08-10T16:55:40Z,2026-08-10T16:55:40Z
GET,/api/v1/users/leaderboard,"ConnectTimeoutError(<HTTPConnection(host='localhost', port=8000) at 0x105240650>, 'Connection to localhost timed out. (connect timeout=None)')",1,2026-08-10T16:55:47Z,2026-08-10T16:55:47Z
GET,/api/v1/games/history,"ConnectTimeoutError(<HTTPConnection(host='localhost', port=8000) at 0x104592250>, 'Connection to localhost timed out. (connect timeout=None)')",1,2026-08-10T16:55:15Z,2026-08-10T16:55:15Z
GET,/api/v1/games/history,"ConnectTimeoutError(<HTTPConnection(host='localhost', port=8000) at 0x1058fe150>, 'Connection to localhost timed out. (connect timeout=None)')",1,2026-08-10T16:55:47Z,2026-08-10T16:55:47Z
GET,/api/v1/users/leaderboard,"ConnectTimeoutError(<HTTPConnection(host='localhost', port=8000) at 0x1053ec250>, 'Connection to localhost timed out. (connect timeout=None)')",1,2026-08-10T16:55:38Z,2026-08-10T16:55:38Z
GET,/api/v1/games/recent,"ConnectTimeoutError(<HTTPConnection(host='localhost', port=8000) at 0x1053ecc50>, 'Connection to localhost timed out. (connect timeout=None)')",1,2026-08-10T16:55:38Z,2026-08-10T16:55:38Z
GET,/api/v1/users/leaderboard,"ConnectTimeoutError(<HTTPConnection(host='localhost', port=8000) at 0x1054ec150>, 'Connection to localhost timed out. (connect timeout=None)')",1,2026-08-10T16:55:39Z,2026-08-10T16:55:39Z
GET,/api/v1/users/leaderboard,"ConnectTimeoutError(<HTTPConnection(host='localhost', port=8000) at 0x104c84250>, 'Connection to localhost timed out. (connect timeout=None)')",1,2026-08-10T16:55:23Z,2026-08-10T16:55:23Z
GET,/api/v1/users/leaderboard,"ConnectTimeoutError(<HTTPConnection(host='localhost', port=8000) at 0x104c49f50>, 'Connection to localhost timed out. (connect timeout=None)')",1,2026-08-10T16:55:23Z,2026-08-10T16:55:23Z
GET,/api/v1/users/leaderboard,"ConnectTimeoutError(<HTTPConnection(host='localhost', port=8000) at 0x105d26f50>, 'Connection to localhost timed out. (connect timeout=None)')",1,2026-08-10T16:55:55Z,2026-08-10T16:55:55Z
GET,/api/v1/games/recent,"ConnectTimeoutError(<HTTPConnection(host='localhost', port=8000) at 0x104dea250>, 'Connection to localhost timed out. (connect timeout=None)')",1,2026-08-10T16:55:24Z,2026-08-10T16:55:24Z
GET,/api/v1/games/recent,"ConnectTimeoutError(<HTTPConnection(host='localhost', port=8000) at 0x104c4b250>, 'Connection to localhost timed out. (connect timeout=None)')",1,2026-08-10T16:55:23Z,2026-08-10T16:55:23Z
GET,/api/v1/users/leaderboard,"ConnectTimeoutError(<HTTPConnection(host='localhost', port=8000) at 0x10508c850>, 'Connection to localhost timed out. (connect timeout=None)')",1,2026-08-10T16:55:31Z,2026-08-10T16:55:31Z
GET,/api/v1/users/leaderboard,"ConnectTimeoutError(<HTTPConnection(host='localhost', port=8000) at 0x1049d9e50>, 'Connection to localhost timed out. (connect timeout=None)')",1,2026-08-10T16:55:22Z,2026-08-10T16:55:22Z
GET,/api/v1/users/leaderboard,"ConnectTimeoutError(<HTTPConnection(host='localhost', port=8000) at 0x104e17950>, 'Connection to localhost timed out. (connect timeout=None)')",1,2026-08-10T16:55:24Z,2026-08-10T16:55:24Z
GET,/api/v1/users/leaderboard,"ConnectTimeoutError(<HTTPConnection(host='localhost', port=8000) at 0x10619b250>, 'Connection to localhost timed out. (connect timeout=None)')",1,2026-08-10T16:56:03Z,2026-08-10T16:56:03Z
GET,/api/v1/games/history,"ConnectTimeoutError(<HTTPConnection(host='localhost', port=8000) at 0x104c4b050>, 'Connection to localhost timed out. (connect timeout=None)')",1,2026-08-10T16:55:23Z,2026-08-10T16:55:23Z
GET,/api/v1/users/leaderboard,"ConnectTimeoutError(<HTTPConnection(host='localhost', port=8000) at 0x10612ee50>, 'Connection to localhost timed out. (connect timeout=None)')",1,2026-08-10T16:56:03Z,2026-08-10T16:56:03Z
GET,/api/v1/games/history,"ConnectTimeoutError(<HTTPConnection(host='localhost', port=8000) at 0x105d04150>, 'Connection to localhost timed out. (connect timeout=None)')",1,2026-08-10T16:55:55Z,2026-08-10T16:55:55Z
GET,/api/v1/games/recent,"ConnectTimeoutError(<HTTPConnection(host='localhost', port=8000) at 0x103a74f50>, 'Connection to localhost timed out. (connect timeout=None)')",1,2026-08-10T16:55:14Z,2026-08-10T16:55:14Z
GET,/api/v1/games/history,"ConnectTimeoutError(<HTTPConnection(host='localhost', port=8000) at 0x105703250>, 'Connection to localhost timed out. (connect timeout=None)')",1,2026-08-10T16:55:40Z,2026-08-10T16:55:40Z
GET,/api/v1/games/recent,"ConnectTimeoutError(<HTTPConnection(host='localhost', port=8000) at 0x104bddd50>, 'Connection to localhost timed out. (connect timeout=None)')",1,2026-08-10T16:55:23Z,2026-08-10T16:55:23Z
GET,/api/v1/users/leaderboard,"ConnectTimeoutError(<HTTPConnection(host='localhost', port=8000) at 0x105701e50>, 'Connection to localhost timed out. (connect timeout=None)')",1,2026-08-10T16:55:40Z,2026-08-10T16:55:40Z
GET,/api/v1/games/history,"ConnectTimeoutError(<HTTPConnection(host='localhost', port=8000) at 0x1053ed550>, 'Connection to localhost timed out. (connect timeout=None)')",1,2026-08-10T16:55:38Z,2026-08-10T16:55:38Z
GET,/api/v1/games/recent,"ConnectTimeoutError(<HTTPConnection(host='localhost', port=8000) at 0x105690e50>, 'Connection to localhost timed out. (connect timeout=None)')",1,2026-08-10T16:55:40Z,2026-08-10T16:55:40Z
GET,/api/v1/games/recent,"ConnectTimeoutError(<HTTPConnection(host='localhost', port=8000) at 0x1053eca50>, 'Connection to localhost timed out. (connect timeout=None)')",1,2026-08-10T16:55:38Z,2026-08-10T16:55:38Z
GET,/api/v1/users/leaderboard,"ConnectTimeoutError(<HTTPConnection(host='localhost', port=8000) at 0x103a76750>, 'Connection to localhost timed out. (connect timeout=None)')",1,2026-08-10T16:55:46Z,2026-08-10T16:55:46Z
GET,/api/v1/games/recent,"ConnectTimeoutError(<HTTPConnection(host='localhost', port=8000) at 0x1060dfc50>, 'Connection to localhost timed out. (connect timeout=None)')",1,2026-08-10T16:56:03Z,2026-08-10T16:56:03Z
GET,/api/v1/games/recent,"ConnectTimeoutError(<HTTPConnection(host='localhost', port=8000) at 0x105061950>, 'Connection to localhost timed out. (connect timeout=None)')",1,2026-08-10T16:55:31Z,2026-08-10T16:55:31Z
GET,/api/v1/games/recent,"ConnectTimeoutError(<HTTPConnection(host='localhost', port=8000) at 0x1058fdd50>, 'Connection to localhost timed out. (connect timeout=None)')",1,2026-08-10T16:55:47Z,2026-08-10T16:55:47Z
GET,/api/v1/games/recent,"ConnectTimeoutError(<HTTPConnection(host='localhost', port=8000) at 0x105939450>, 'Connection to localhost timed out. (connect timeout=None)')",1,2026-08-10T16:55:47Z,2026-08-10T16:55:47Z
GET,/api/v1/users/leaderboard,"ConnectTimeoutError(<HTTPConnection(host='localhost', port=8000) at 0x105061f50>, 'Connection to localhost timed out. (connect timeout=None)')",1,2026-08-10T16:55:31Z,2026-08-10T16:55:31Z
GET,/api/v1/games/recent,"ConnectTimeoutError(<HTTPConnection(host='localhost', port=8000) at 0x105693150>, 'Connection to localhost timed out. (connect timeout=None)')",1,2026-08-10T16:55:40Z,2026-08-10T16:55:40Z
GET,/api/v1/users/leaderboard,"ConnectTimeoutError(<HTTPConnection(host='localhost', port=8000) at 0x10612c250>, 'Connection to localhost timed out. (connect timeout=None)')",1,2026-08-10T16:56:03Z,2026-08-10T16:56:03Z
GET,/api/v1/games/history,"ConnectTimeoutError(<HTTPConnection(host='localhost', port=8000) at 0x10549a050>, 'Connection to localhost timed out. (connect timeout=None)')",1,2026-08-10T16:55:39Z,2026-08-10T16:55:39Z
GET,/api/v1/games/history,"ConnectTimeoutError(<HTTPConnection(host='localhost', port=8000) at 0x105671250>, 'Connection to localhost timed out. (connect timeout=None)')",1,2026-08-10T16:55:40Z,2026-08-10T16:55:40Z
GET,/api/v1/users/leaderboard,"ConnectTimeoutError(<HTTPConnection(host='localhost', port=8000) at 0x104deba50>, 'Connection to localhost timed out. (connect timeout=None)')",1,2026-08-10T16:55:24Z,2026-08-10T16:55:24Z
GET,/api/v1/games/recent,"ConnectTimeoutError(<HTTPConnection(host='localhost', port=8000) at 0x103f27e50>, 'Connection to localhost timed out. (connect timeout=None)')",1,2026-08-10T16:55:15Z,2026-08-10T16:55:15Z
GET,/api/v1/games/history,"ConnectTimeoutError(<HTTPConnection(host='localhost', port=8000) at 0x104882950>, 'Connection to localhost timed out. (connect timeout=None)')",1,2026-08-10T16:55:16Z,2026-08-10T16:55:16Z
GET,/api/v1/users/leaderboard,"ConnectTimeoutError(<HTTPConnection(host='localhost', port=8000) at 0x1049c6250>, 'Connection to localhost timed out. (connect timeout=None)')",1,2026-08-10T16:55:16Z,2026-08-10T16:55:16Z
GET,/api/v1/users/leaderboard,"ConnectTimeoutError(<HTTPConnection(host='localhost', port=8000) at 0x105061550>, 'Connection to localhost timed out. (connect timeout=None)')",1,2026-08-10T16:55:31Z,2026-08-10T16:55:31Z
GET,/api/v1/users/leaderboard,"ConnectTimeoutError(<HTTPConnection(host='localhost', port=8000) at 0x104880450>, 'Connection to localhost timed out. (connect timeout=None)')",1,2026-08-10T16:55:16Z,2026-08-10T16:55:16Z
GET,/api/v1/games/history,"ConnectTimeoutError(<HTTPConnection(host='localhost', port=8000) at 0x106097150>, 'Connection to localhost timed out. (connect timeout=None)')",1,2026-08-10T16:56:02Z,2026-08-10T16:56:02Z
GET,/api/v1/games/recent,"ConnectTimeoutError(<HTTPConnection(host='localhost', port=8000) at 0x104c6b750>, 'Connection to localhost timed out. (connect timeout=None)')",1,2026-08-10T16:55:23Z,2026-08-10T16:55:23Z
GET,/api/v1/games/history,"ConnectTimeoutError(<HTTPConnection(host='localhost', port=8000) at 0x1054bae50>, 'Connection to localhost timed out. (connect timeout=None)')",1,2026-08-10T16:55:39Z,2026-08-10T16:55:39Z
GET,/api/v1/users/leaderboard,"ConnectTimeoutError(<HTTPConnection(host='localhost', port=8000) at 0x105acd150>, 'Connection to localhost timed out. (connect timeout=None)')",1,2026-08-10T16:55:48Z,2026-08-10T16:55:48Z
GET,/api/v1/users/leaderboard,"ConnectTimeoutError(<HTTPConnection(host='localhost', port=8000) at 0x105d26b50>, 'Connection to localhost timed out. (connect timeout=None)')",1,2026-08-10T16:55:55Z,2026-08-10T16:55:55Z
GET,/api/v1/users/leaderboard,"ConnectTimeoutError(<HTTPConnection(host='localhost', port=8000) at 0x105acc050>, 'Connection to localhost timed out. (connect timeout=None)')",1,2026-08-10T16:55:48Z,2026-08-10T16:55:48Z
GET,/api/v1/users/leaderboard,"ConnectTimeoutError(<HTTPConnection(host='localhost', port=8000) at 0x1056bfc50>, 'Connection to localhost timed out. (connect timeout=None)')",1,2026-08-10T16:55:40Z,2026-08-10T16:55:40Z
GET,/api/v1/games/recent,"ConnectTimeoutError(<HTTPConnection(host='localhost', port=8000) at 0x105938050>, 'Connection to localhost timed out. (connect timeout=None)')",1,2026-08-10T16:55:47Z,2026-08-10T16:55:47Z
GET,/api/v1/games/history,"ConnectTimeoutError(<HTTPConnection(host='localhost', port=8000) at 0x105243550>, 'Connection to localhost timed out. (connect timeout=None)')",1,2026-08-10T16:55:47Z,2026-08-10T16:55:47Z
GET,/api/v1/users/leaderboard,"ConnectTimeoutError(<HTTPConnection(host='localhost', port=8000) at 0x104bdd950>, 'Connection to localhost timed out. (connect timeout=None)')",1,2026-08-10T16:55:23Z,2026-08-10T16:55:23Z
GET,/api/v1/games/history,"ConnectTimeoutError(<HTTPConnection(host='localhost', port=8000) at 0x103bc6150>, 'Connection to localhost timed out. (connect timeout=None)')",1,2026-08-10T16:55:14Z,2026-08-10T16:55:14Z
GET,/api/v1/users/leaderboard,"ConnectTimeoutError(<HTTPConnection(host='localhost', port=8000) at 0x105700a50>, 'Connection to localhost timed out. (connect timeout=None)')",1,2026-08-10T16:55:40Z,2026-08-10T16:55:40Z
GET,/api/v1/games/recent,"ConnectTimeoutError(<HTTPConnection(host='localhost', port=8000) at 0x1056bd050>, 'Connection to localhost timed out. (connect timeout=None)')",1,2026-08-10T16:55:40Z,2026-08-10T16:55:40Z
GET,/api/v1/users/leaderboard,"ConnectTimeoutError(<HTTPConnection(host='localhost', port=8000) at 0x105f24f50>, 'Connection to localhost timed out. (connect timeout=None)')",1,2026-08-10T16:55:56Z,2026-08-10T16:55:56Z
GET,/api/v1/games/recent,"ConnectTimeoutError(<HTTPConnection(host='localhost', port=8000) at 0x105847250>, 'Connection to localhost timed out. (connect timeout=None)')",1,2026-08-10T16:55:46Z,2026-08-10T16:55:46Z
GET,/api/v1/games/history,"ConnectTimeoutError(<HTTPConnection(host='localhost', port=8000) at 0x105875550>, 'Connection to localhost timed out. (connect timeout=None)')",1,2026-08-10T16:55:46Z,2026-08-10T16:55:46Z
GET,/api/v1/users/leaderboard,"ConnectTimeoutError(<HTTPConnection(host='localhost', port=8000) at 0x105252550>, 'Connection to localhost timed out. (connect timeout=None)')",1,2026-08-10T16:55:32Z,2026-08-10T16:55:32Z
GET,/api/v1/games/recent,"ConnectTimeoutError(<HTTPConnection(host='localhost', port=8000) at 0x1050b1650>, 'Connection to localhost timed out. (connect timeout=None)')",1,2026-08-10T16:55:31Z,2026-08-10T16:55:31Z
GET,/api/v1/games/recent,"ConnectTimeoutError(<HTTPConnection(host='localhost', port=8000) at 0x105692750>, 'Connection to localhost timed out. (connect timeout=None)')",1,2026-08-10T16:55:40Z,2026-08-10T16:55:40Z
GET,/api/v1/games/recent,"ConnectTimeoutError(<HTTPConnection(host='localhost', port=8000) at 0x105847450>, 'Connection to localhost timed out. (connect timeout=None)')",1,2026-08-10T16:55:46Z,2026-08-10T16:55:46Z
GET,/api/v1/users/leaderboard,"ConnectTimeoutError(<HTTPConnection(host='localhost', port=8000) at 0x1050b3750>, 'Connection to localhost timed out. (connect timeout=None)')",1,2026-08-10T16:55:31Z,2026-08-10T16:55:31Z
GET,/api/v1/users/leaderboard,"ConnectTimeoutError(<HTTPConnection(host='localhost', port=8000) at 0x105f7e450>, 'Connection to localhost timed out. (connect timeout=None)')",1,2026-08-10T16:55:56Z,2026-08-10T16:55:56Z
GET,/api/v1/games/history,"ConnectTimeoutError(<HTTPConnection(host='localhost', port=8000) at 0x1054bbe50>, 'Connection to localhost timed out. (connect timeout=None)')",1,2026-08-10T16:55:39Z,2026-08-10T16:55:39Z
GET,/api/v1/users/leaderboard,"ConnectTimeoutError(<HTTPConnection(host='localhost', port=8000) at 0x105a9c150>, 'Connection to localhost timed out. (connect timeout=None)')",1,2026-08-10T16:55:48Z,2026-08-10T16:55:48Z
GET,/api/v1/users/leaderboard,"ConnectTimeoutError(<HTTPConnection(host='localhost', port=8000) at 0x105845250>, 'Connection to localhost timed out. (connect timeout=None)')",1,2026-08-10T16:55:46Z,2026-08-10T16:55:46Z
GET,/api/v1/games/history,"ConnectTimeoutError(<HTTPConnection(host='localhost', port=8000) at 0x105a9d550>, 'Connection to localhost timed out. (connect timeout=None)')",1,2026-08-10T16:55:48Z,2026-08-10T16:55:48Z
GET,/api/v1/users/leaderboard,"ConnectTimeoutError(<HTTPConnection(host='localhost', port=8000) at 0x1050b3050>, 'Connection to localhost timed out. (connect timeout=None)')",1,2026-08-10T16:55:31Z,2026-08-10T16:55:31Z
GET,/api/v1/games/recent,"ConnectTimeoutError(<HTTPConnection(host='localhost', port=8000) at 0x1061e5d50>, 'Connection to localhost timed out. (connect timeout=None)')",1,2026-08-10T16:56:03Z,2026-08-10T16:56:03Z
GET,/api/v1/games/history,"ConnectTimeoutError(<HTTPConnection(host='localhost', port=8000) at 0x105240250>, 'Connection to localhost timed out. (connect timeout=None)')",1,2026-08-10T16:55:47Z,2026-08-10T16:55:47Z
GET,/api/v1/games/recent,"ConnectTimeoutError(<HTTPConnection(host='localhost', port=8000) at 0x105236550>, 'Connection to localhost timed out. (connect timeout=None)')",1,2026-08-10T16:55:32Z,2026-08-10T16:55:32Z
GET,/api/v1/games/history,"ConnectTimeoutError(<HTTPConnection(host='localhost', port=8000) at 0x1046cef50>, 'Connection to localhost timed out. (connect timeout=None)')",1,2026-08-10T16:55:15Z,2026-08-10T16:55:15Z
GET,/api/v1/games/history,"ConnectTimeoutError(<HTTPConnection(host='localhost', port=8000) at 0x106094c50>, 'Connection to localhost timed out. (connect timeout=None)')",1,2026-08-10T16:56:02Z,2026-08-10T16:56:02Z
GET,/api/v1/users/leaderboard,"ConnectTimeoutError(<HTTPConnection(host='localhost', port=8000) at 0x105d05c50>, 'Connection to localhost timed out. (connect timeout=None)')",1,2026-08-10T16:55:55Z,2026-08-10T16:55:55Z
GET,/api/v1/games/recent,"ConnectTimeoutError(<HTTPConnection(host='localhost', port=8000) at 0x10508e950>, 'Connection to localhost timed out. (connect timeout=None)')",1,2026-08-10T16:55:31Z,2026-08-10T16:55:31Z
GET,/api/v1/games/recent,"ConnectTimeoutError(<HTTPConnection(host='localhost', port=8000) at 0x1050e4f50>, 'Connection to localhost timed out. (connect timeout=None)')",1,2026-08-10T16:55:31Z,2026-08-10T16:55:31Z
GET,/api/v1/users/leaderboard,"ConnectTimeoutError(<HTTPConnection(host='localhost', port=8000) at 0x10597b750>, 'Connection to localhost timed out. (connect timeout=None)')",1,2026-08-10T16:55:47Z,2026-08-10T16:55:47Z
GET,/api/v1/games/history,"ConnectTimeoutError(<HTTPConnection(host='localhost', port=8000) at 0x105241950>, 'Connection to localhost timed out. (connect timeout=None)')",1,2026-08-10T16:55:47Z,2026-08-10T16:55:47Z
GET,/api/v1/games/recent,"ConnectTimeoutError(<HTTPConnection(host='localhost', port=8000) at 0x105c69b50>, 'Connection to localhost timed out. (connect timeout=None)')",1,2026-08-10T16:55:54Z,2026-08-10T16:55:54Z
GET,/api/v1/games/recent,"ConnectTimeoutError(<HTTPConnection(host='localhost', port=8000) at 0x1058ff750>, 'Connection to localhost timed out. (connect timeout=None)')",1,2026-08-10T16:55:47Z,2026-08-10T16:55:47Z
GET,/api/v1/users/leaderboard,"ConnectTimeoutError(<HTTPConnection(host='localhost', port=8000) at 0x10552bd50>, 'Connection to localhost timed out. (connect timeout=None)')",1,2026-08-10T16:55:39Z,2026-08-10T16:55:39Z
GET,/api/v1/users/leaderboard,"ConnectTimeoutError(<HTTPConnection(host='localhost', port=8000) at 0x105874750>, 'Connection to localhost timed out. (connect timeout=None)')",1,2026-08-10T16:55:46Z,2026-08-10T16:55:46Z
GET,/api/v1/users/leaderboard,"ConnectTimeoutError(<HTTPConnection(host='localhost', port=8000) at 0x1049da150>, 'Connection to localhost timed out. (connect timeout=None)')",1,2026-08-10T16:55:22Z,2026-08-10T16:55:22Z
GET,/api/v1/users/leaderboard,"ConnectTimeoutError(<HTTPConnection(host='localhost', port=8000) at 0x106095150>, 'Connection to localhost timed out. (connect timeout=None)')",1,2026-08-10T16:56:02Z,2026-08-10T16:56:02Z
GET,/api/v1/users/leaderboard,"ConnectTimeoutError(<HTTPConnection(host='localhost', port=8000) at 0x103f27850>, 'Connection to localhost timed out. (connect timeout=None)')",1,2026-08-10T16:55:15Z,2026-08-10T16:55:15Z
GET,/api/v1/users/leaderboard,"ConnectTimeoutError(<HTTPConnection(host='localhost', port=8000) at 0x104deae50>, 'Connection to localhost timed out. (connect timeout=None)')",1,2026-08-10T16:55:24Z,2026-08-10T16:55:24Z
GET,/api/v1/games/history,"ConnectTimeoutError(<HTTPConnection(host='localhost', port=8000) at 0x1054b8050>, 'Connection to localhost timed out. (connect timeout=None)')",1,2026-08-10T16:55:39Z,2026-08-10T16:55:39Z
GET,/api/v1/users/leaderboard,"ConnectTimeoutError(<HTTPConnection(host='localhost', port=8000) at 0x105252250>, 'Connection to localhost timed out. (connect timeout=None)')",1,2026-08-10T16:55:32Z,2026-08-10T16:55:32Z
GET,/api/v1/users/leaderboard,"ConnectTimeoutError(<HTTPConnection(host='localhost', port=8000) at 0x105702250>, 'Connection to localhost timed out. (connect timeout=None)')",1,2026-08-10T16:55:40Z,2026-08-10T16:55:40Z
GET,/api/v1/users/leaderboard,"ConnectTimeoutError(<HTTPConnection(host='localhost', port=8000) at 0x104a31750>, 'Connection to localhost timed out. (connect timeout=None)')",1,2026-08-10T16:55:16Z,2026-08-10T16:55:16Z
GET,/api/v1/users/leaderboard,"ConnectTimeoutError(<HTTPConnection(host='localhost', port=8000) at 0x1050e6750>, 'Connection to localhost timed out. (connect timeout=None)')",1,2026-08-10T16:55:31Z,2026-08-10T16:55:31Z
GET,/api/v1/users/leaderboard,"ConnectTimeoutError(<HTTPConnection(host='localhost', port=8000) at 0x104880e50>, 'Connection to localhost timed out. (connect timeout=None)')",1,2026-08-10T16:55:16Z,2026-08-10T16:55:16Z
GET,/api/v1/users/leaderboard,"ConnectTimeoutError(<HTTPConnection(host='localhost', port=8000) at 0x105670550>, 'Connection to localhost timed out. (connect timeout=None)')",1,2026-08-10T16:55:40Z,2026-08-10T16:55:40Z
GET,/api/v1/users/leaderboard,"ConnectTimeoutError(<HTTPConnection(host='localhost', port=8000) at 0x10612e250>, 'Connection to localhost timed out. (connect timeout=None)')",1,2026-08-10T16:56:03Z,2026-08-10T16:56:03Z
GET,/api/v1/users/leaderboard,"ConnectTimeoutError(<HTTPConnection(host='localhost', port=8000) at 0x105c6ac50>, 'Connection to localhost timed out. (connect timeout=None)')",1,2026-08-10T16:55:54Z,2026-08-10T16:55:54Z
GET,/api/v1/games/recent,"ConnectTimeoutError(<HTTPConnection(host='localhost', port=8000) at 0x1054b9750>, 'Connection to localhost timed out. (connect timeout=None)')",1,2026-08-10T16:55:39Z,2026-08-10T16:55:39Z
GET,/api/v1/users/leaderboard,"ConnectTimeoutError(<HTTPConnection(host='localhost', port=8000) at 0x104394650>, 'Connection to localhost timed out. (connect timeout=None)')",1,2026-08-10T16:55:14Z,2026-08-10T16:55:14Z
GET,/api/v1/games/history,"ConnectTimeoutError(<HTTPConnection(host='localhost', port=8000) at 0x10527b150>, 'Connection to localhost timed out. (connect timeout=None)')",1,2026-08-10T16:55:32Z,2026-08-10T16:55:32Z
GET,/api/v1/games/recent,"ConnectTimeoutError(<HTTPConnection(host='localhost', port=8000) at 0x104592850>, 'Connection to localhost timed out. (connect timeout=None)')",1,2026-08-10T16:55:15Z,2026-08-10T16:55:15Z
GET,/api/v1/users/leaderboard,"ConnectTimeoutError(<HTTPConnection(host='localhost', port=8000) at 0x105242550>, 'Connection to localhost timed out. (connect timeout=None)')",1,2026-08-10T16:55:47Z,2026-08-10T16:55:47Z
GET,/api/v1/games/history,"ConnectTimeoutError(<HTTPConnection(host='localhost', port=8000) at 0x105240a50>, 'Connection to localhost timed out. (connect timeout=None)')",1,2026-08-10T16:55:47Z,2026-08-10T16:55:47Z
GET,/api/v1/users/leaderboard,"ConnectTimeoutError(<HTTPConnection(host='localhost', port=8000) at 0x10549a450>, 'Connection to localhost timed out. (connect timeout=None)')",1,2026-08-10T16:55:39Z,2026-08-10T16:55:39Z
GET,/api/v1/users/leaderboard,"ConnectTimeoutError(<HTTPConnection(host='localhost', port=8000) at 0x104593550>, 'Connection to localhost timed out. (connect timeout=None)')",1,2026-08-10T16:55:15Z,2026-08-10T16:55:15Z
GET,/api/v1/users/leaderboard,"ConnectTimeoutError(<HTTPConnection(host='localhost', port=8000) at 0x105f25a50>, 'Connection to localhost timed out. (connect timeout=None)')",1,2026-08-10T16:55:56Z,2026-08-10T16:55:56Z
GET,/api/v1/users/leaderboard,"ConnectTimeoutError(<HTTPConnection(host='localhost', port=8000) at 0x1057e3550>, 'Connection to localhost timed out. (connect timeout=None)')",1,2026-08-10T16:55:46Z,2026-08-10T16:55:46Z
GET,/api/v1/games/recent,"ConnectTimeoutError(<HTTPConnection(host='localhost', port=8000) at 0x105acd850>, 'Connection to localhost timed out. (connect timeout=None)')",1,2026-08-10T16:55:48Z,2026-08-10T16:55:48Z
GET,/api/v1/games/recent,"ConnectTimeoutError(<HTTPConnection(host='localhost', port=8000) at 0x105671750>, 'Connection to localhost timed out. (connect timeout=None)')",1,2026-08-10T16:55:40Z,2026-08-10T16:55:40Z
GET,/api/v1/users/leaderboard,"ConnectTimeoutError(<HTTPConnection(host='localhost', port=8000) at 0x1046ce850>, 'Connection to localhost timed out. (connect timeout=None)')",1,2026-08-10T16:55:15Z,2026-08-10T16:55:15Z
GET,/api/v1/users/leaderboard,"ConnectTimeoutError(<HTTPConnection(host='localhost', port=8000) at 0x10597a250>, 'Connection to localhost timed out. (connect timeout=None)')",1,2026-08-10T16:55:47Z,2026-08-10T16:55:47Z
GET,/api/v1/games/recent,"ConnectTimeoutError(<HTTPConnection(host='localhost', port=8000) at 0x103f93850>, 'Connection to localhost timed out. (connect timeout=None)')",1,2026-08-10T16:55:14Z,2026-08-10T16:55:14Z
GET,/api/v1/games/recent,"ConnectTimeoutError(<HTTPConnection(host='localhost', port=8000) at 0x105eb8550>, 'Connection to localhost timed out. (connect timeout=None)')",1,2026-08-10T16:55:56Z,2026-08-10T16:55:56Z
GET,/api/v1/games/recent,"ConnectTimeoutError(<HTTPConnection(host='localhost', port=8000) at 0x105f27a50>, 'Connection to localhost timed out. (connect timeout=None)')",1,2026-08-10T16:55:56Z,2026-08-10T16:55:56Z
GET,/api/v1/users/leaderboard,"ConnectTimeoutError(<HTTPConnection(host='localhost', port=8000) at 0x10593ab50>, 'Connection to localhost timed out. (connect timeout=None)')",1,2026-08-10T16:55:47Z,2026-08-10T16:55:47Z
GET,/api/v1/games/history,"ConnectTimeoutError(<HTTPConnection(host='localhost', port=8000) at 0x105f7d650>, 'Connection to localhost timed out. (connect timeout=None)')",1,2026-08-10T16:55:56Z,2026-08-10T16:55:56Z
GET,/api/v1/games/history,"ConnectTimeoutError(<HTTPConnection(host='localhost', port=8000) at 0x105d5f450>, 'Connection to localhost timed out. (connect timeout=None)')",1,2026-08-10T16:55:55Z,2026-08-10T16:55:55Z
GET,/api/v1/users/leaderboard,"ConnectTimeoutError(<HTTPConnection(host='localhost', port=8000) at 0x105a9c750>, 'Connection to localhost timed out. (connect timeout=None)')",1,2026-08-10T16:55:48Z,2026-08-10T16:55:48Z
GET,/api/v1/users/leaderboard,"ConnectTimeoutError(<HTTPConnection(host='localhost', port=8000) at 0x105253c50>, 'Connection to localhost timed out. (connect timeout=None)')",1,2026-08-10T16:55:32Z,2026-08-10T16:55:32Z
GET,/api/v1/users/leaderboard,"ConnectTimeoutError(<HTTPConnection(host='localhost', port=8000) at 0x104394050>, 'Connection to localhost timed out. (connect timeout=None)')",1,2026-08-10T16:55:14Z,2026-08-10T16:55:14Z
GET,/api/v1/users/leaderboard,"ConnectTimeoutError(<HTTPConnection(host='localhost', port=8000) at 0x104c48f50>, 'Connection to localhost timed out. (connect timeout=None)')",1,2026-08-10T16:55:23Z,2026-08-10T16:55:23Z
GET,/api/v1/games/history,"ConnectTimeoutError(<HTTPConnection(host='localhost', port=8000) at 0x10508c250>, 'Connection to localhost timed out. (connect timeout=None)')",1,2026-08-10T16:55:31Z,2026-08-10T16:55:31Z
GET,/api/v1/games/recent,"ConnectTimeoutError(<HTTPConnection(host='localhost', port=8000) at 0x103f91950>, 'Connection to localhost timed out. (connect timeout=None)')",1,2026-08-10T16:55:14Z,2026-08-10T16:55:14Z
GET,/api/v1/users/leaderboard,"ConnectTimeoutError(<HTTPConnection(host='localhost', port=8000) at 0x1054b9050>, 'Connection to localhost timed out. (connect timeout=None)')",1,2026-08-10T16:55:39Z,2026-08-10T16:55:39Z
GET,/api/v1/users/leaderboard,"ConnectTimeoutError(<HTTPConnection(host='localhost', port=8000) at 0x104945850>, 'Connection to localhost timed out. (connect timeout=None)')",1,2026-08-10T16:55:16Z,2026-08-10T16:55:16Z
GET,/api/v1/games/history,"ConnectTimeoutError(<HTTPConnection(host='localhost', port=8000) at 0x1058ff550>, 'Connection to localhost timed out. (connect timeout=None)')",1,2026-08-10T16:55:47Z,2026-08-10T16:55:47Z
GET,/api/v1/users/leaderboard,"ConnectTimeoutError(<HTTPConnection(host='localhost', port=8000) at 0x105a4f550>, 'Connection to localhost timed out. (connect timeout=None)')",1,2026-08-10T16:55:48Z,2026-08-10T16:55:48Z
GET,/api/v1/games/history,"ConnectTimeoutError(<HTTPConnection(host='localhost', port=8000) at 0x104593250>, 'Connection to localhost timed out. (connect timeout=None)')",1,2026-08-10T16:55:15Z,2026-08-10T16:55:15Z
GET,/api/v1/users/leaderboard,"ConnectTimeoutError(<HTTPConnection(host='localhost', port=8000) at 0x105c68f50>, 'Connection to localhost timed out. (connect timeout=None)')",1,2026-08-10T16:55:54Z,2026-08-10T16:55:54Z
GET,/api/v1/games/history,"ConnectTimeoutError(<HTTPConnection(host='localhost', port=8000) at 0x1054ee150>, 'Connection to localhost timed out. (connect timeout=None)')",1,2026-08-10T16:55:39Z,2026-08-10T16:55:39Z
GET,/api/v1/games/recent,"ConnectTimeoutError(<HTTPConnection(host='localhost', port=8000) at 0x1057e3e50>, 'Connection to localhost timed out. (connect timeout=None)')",1,2026-08-10T16:55:46Z,2026-08-10T16:55:46Z
GET,/api/v1/users/leaderboard,"ConnectTimeoutError(<HTTPConnection(host='localhost', port=8000) at 0x1053ec650>, 'Connection to localhost timed out. (connect timeout=None)')",1,2026-08-10T16:55:38Z,2026-08-10T16:55:38Z
GET,/api/v1/games/history,"ConnectTimeoutError(<HTTPConnection(host='localhost', port=8000) at 0x103f25450>, 'Connection to localhost timed out. (connect timeout=None)')",1,2026-08-10T16:55:15Z,2026-08-10T16:55:15Z
GET,/api/v1/games/recent,"ConnectTimeoutError(<HTTPConnection(host='localhost', port=8000) at 0x104e14650>, 'Connection to localhost timed out. (connect timeout=None)')",1,2026-08-10T16:55:24Z,2026-08-10T16:55:24Z
GET,/api/v1/games/recent,"ConnectTimeoutError(<HTTPConnection(host='localhost', port=8000) at 0x1051b7d50>, 'Connection to localhost timed out. (connect timeout=None)')",1,2026-08-10T16:55:32Z,2026-08-10T16:55:32Z
GET,/api/v1/games/recent,"ConnectTimeoutError(<HTTPConnection(host='localhost', port=8000) at 0x104bde750>, 'Connection to localhost timed out. (connect timeout=None)')",1,2026-08-10T16:55:23Z,2026-08-10T16:55:23Z
GET,/api/v1/games/recent,"ConnectTimeoutError(<HTTPConnection(host='localhost', port=8000) at 0x106198350>, 'Connection to localhost timed out. (connect timeout=None)')",1,2026-08-10T16:56:03Z,2026-08-10T16:56:03Z
GET,/api/v1/users/leaderboard,"ConnectTimeoutError(<HTTPConnection(host='localhost', port=8000) at 0x106057d50>, 'Connection to localhost timed out. (connect timeout=None)')",1,2026-08-10T16:56:02Z,2026-08-10T16:56:02Z
GET,/api/v1/games/recent,"ConnectTimeoutError(<HTTPConnection(host='localhost', port=8000) at 0x105c1ab50>, 'Connection to localhost timed out. (connect timeout=None)')",1,2026-08-10T16:55:54Z,2026-08-10T16:55:54Z
GET,/api/v1/users/leaderboard,"ConnectTimeoutError(<HTTPConnection(host='localhost', port=8000) at 0x105237850>, 'Connection to localhost timed out. (connect timeout=None)')",1,2026-08-10T16:55:32Z,2026-08-10T16:55:32Z
GET,/api/v1/users/leaderboard,"ConnectTimeoutError(<HTTPConnection(host='localhost', port=8000) at 0x105f27250>, 'Connection to localhost timed out. (connect timeout=None)')",1,2026-08-10T16:55:56Z,2026-08-10T16:55:56Z
GET,/api/v1/users/leaderboard,"ConnectTimeoutError(<HTTPConnection(host='localhost', port=8000) at 0x105939e50>, 'Connection to localhost timed out. (connect timeout=None)')",1,2026-08-10T16:55:47Z,2026-08-10T16:55:47Z
GET,/api/v1/games/recent,"ConnectTimeoutError(<HTTPConnection(host='localhost', port=8000) at 0x105875750>, 'Connection to localhost timed out. (connect timeout=None)')",1,2026-08-10T16:55:46Z,2026-08-10T16:55:46Z
GET,/api/v1/users/leaderboard,"ConnectTimeoutError(<HTTPConnection(host='localhost', port=8000) at 0x104944f50>, 'Connection to localhost timed out. (connect timeout=None)')",1,2026-08-10T16:55:16Z,2026-08-10T16:55:16Z
GET,/api/v1/games/recent,"ConnectTimeoutError(<HTTPConnection(host='localhost', port=8000) at 0x104c68f50>, 'Connection to localhost timed out. (connect timeout=None)')",1,2026-08-10T16:55:23Z,2026-08-10T16:55:23Z
GET,/api/v1/games/history,"ConnectTimeoutError(<HTTPConnection(host='localhost', port=8000) at 0x106198050>, 'Connection to localhost timed out. (connect timeout=None)')",1,2026-08-10T16:56:03Z,2026-08-10T16:56:03Z
GET,/api/v1/users/leaderboard,"ConnectTimeoutError(<HTTPConnection(host='localhost', port=8000) at 0x105252750>, 'Connection to localhost timed out. (connect timeout=None)')",1,2026-08-10T16:55:32Z,2026-08-10T16:55:32Z
GET,/api/v1/games/recent,"ConnectTimeoutError(<HTTPConnection(host='localhost', port=8000) at 0x105b1b150>, 'Connection to localhost timed out. (connect timeout=None)')",1,2026-08-10T16:55:48Z,2026-08-10T16:55:48Z
GET,/api/v1/users/leaderboard,"ConnectTimeoutError(<HTTPConnection(host='localhost', port=8000) at 0x103f27250>, 'Connection to localhost timed out. (connect timeout=None)')",1,2026-08-10T16:55:15Z,2026-08-10T16:55:15Z
GET,/api/v1/users/leaderboard,"ConnectTimeoutError(<HTTPConnection(host='localhost', port=8000) at 0x105ebae50>, 'Connection to localhost timed out. (connect timeout=None)')",1,2026-08-10T16:55:56Z,2026-08-10T16:55:56Z
GET,/api/v1/users/leaderboard,"ConnectTimeoutError(<HTTPConnection(host='localhost', port=8000) at 0x103bc7a50>, 'Connection to localhost timed out. (connect timeout=None)')",1,2026-08-10T16:55:14Z,2026-08-10T16:55:14Z
GET,/api/v1/users/leaderboard,"ConnectTimeoutError(<HTTPConnection(host='localhost', port=8000) at 0x104c68950>, 'Connection to localhost timed out. (connect timeout=None)')",1,2026-08-10T16:55:23Z,2026-08-10T16:55:23Z
GET,/api/v1/users/leaderboard,"ConnectTimeoutError(<HTTPConnection(host='localhost', port=8000) at 0x105b1a750>, 'Connection to localhost timed out. (connect timeout=None)')",1,2026-08-10T16:55:48Z,2026-08-10T16:55:48Z
GET,/api/v1/games/recent,"ConnectTimeoutError(<HTTPConnection(host='localhost', port=8000) at 0x103a74a50>, 'Connection to localhost timed out. (connect timeout=None)')",1,2026-08-10T16:55:15Z,2026-08-10T16:55:15Z
GET,/api/v1/users/leaderboard,"ConnectTimeoutError(<HTTPConnection(host='localhost', port=8000) at 0x105c1a750>, 'Connection to localhost timed out. (connect timeout=None)')",1,2026-08-10T16:55:54Z,2026-08-10T16:55:54Z
GET,/api/v1/users/leaderboard,"ConnectTimeoutError(<HTTPConnection(host='localhost', port=8000) at 0x105f7ca50>, 'Connection to localhost timed out. (connect timeout=None)')",1,2026-08-10T16:55:56Z,2026-08-10T16:55:56Z
GET,/api/v1/users/leaderboard,"ConnectTimeoutError(<HTTPConnection(host='localhost', port=8000) at 0x105d27950>, 'Connection to localhost timed out. (connect timeout=None)')",1,2026-08-10T16:55:55Z,2026-08-10T16:55:55Z
GET,/api/v1/games/recent,"ConnectTimeoutError(<HTTPConnection(host='localhost', port=8000) at 0x105c6af50>, 'Connection to localhost timed out. (connect timeout=None)')",1,2026-08-10T16:55:54Z,2026-08-10T16:55:54Z
GET,/api/v1/users/leaderboard,"ConnectTimeoutError(<HTTPConnection(host='localhost', port=8000) at 0x1052b1750>, 'Connection to localhost timed out. (connect timeout=None)')",1,2026-08-10T16:55:32Z,2026-08-10T16:55:32Z
GET,/api/v1/users/leaderboard,"ConnectTimeoutError(<HTTPConnection(host='localhost', port=8000) at 0x105845650>, 'Connection to localhost timed out. (connect timeout=None)')",1,2026-08-10T16:55:46Z,2026-08-10T16:55:46Z
GET,/api/v1/users/leaderboard,"ConnectTimeoutError(<HTTPConnection(host='localhost', port=8000) at 0x105b44350>, 'Connection to localhost timed out. (connect timeout=None)')",1,2026-08-10T16:55:48Z,2026-08-10T16:55:48Z
GET,/api/v1/users/leaderboard,"ConnectTimeoutError(<HTTPConnection(host='localhost', port=8000) at 0x104c84650>, 'Connection to localhost timed out. (connect timeout=None)')",1,2026-08-10T16:55:23Z,2026-08-10T16:55:23Z
GET,/api/v1/games/history,"ConnectTimeoutError(<HTTPConnection(host='localhost', port=8000) at 0x105234250>, 'Connection to localhost timed out. (connect timeout=None)')",1,2026-08-10T16:55:32Z,2026-08-10T16:55:32Z
GET,/api/v1/users/leaderboard,"ConnectTimeoutError(<HTTPConnection(host='localhost', port=8000) at 0x1054ec450>, 'Connection to localhost timed out. (connect timeout=None)')",1,2026-08-10T16:55:39Z,2026-08-10T16:55:39Z
GET,/api/v1/users/leaderboard,"ConnectTimeoutError(<HTTPConnection(host='localhost', port=8000) at 0x105673e50>, 'Connection to localhost timed out. (connect timeout=None)')",1,2026-08-10T16:55:40Z,2026-08-10T16:55:40Z
GET,/api/v1/users/leaderboard,"ConnectTimeoutError(<HTTPConnection(host='localhost', port=8000) at 0x105d25850>, 'Connection to localhost timed out. (connect timeout=None)')",1,2026-08-10T16:55:55Z,2026-08-10T16:55:55Z
GET,/api/v1/games/recent,"ConnectTimeoutError(<HTTPConnection(host='localhost', port=8000) at 0x105ebb350>, 'Connection to localhost timed out. (connect timeout=None)')",1,2026-08-10T16:55:56Z,2026-08-10T16:55:56Z
GET,/api/v1/games/recent,"ConnectTimeoutError(<HTTPConnection(host='localhost', port=8000) at 0x105700350>, 'Connection to localhost timed out. (connect timeout=None)')",1,2026-08-10T16:55:40Z,2026-08-10T16:55:40Z
GET,/api/v1/games/history,"ConnectTimeoutError(<HTTPConnection(host='localhost', port=8000) at 0x105673950>, 'Connection to localhost timed out. (connect timeout=None)')",1,2026-08-10T16:55:40Z,2026-08-10T16:55:40Z
GET,/api/v1/users/leaderboard,"ConnectTimeoutError(<HTTPConnection(host='localhost', port=8000) at 0x105d5c450>, 'Connection to localhost timed out. (connect timeout=None)')",1,2026-08-10T16:55:55Z,2026-08-10T16:55:55Z
GET,/api/v1/games/history,"ConnectTimeoutError(<HTTPConnection(host='localhost', port=8000) at 0x106153a50>, 'Connection to localhost timed out. (connect timeout=None)')",1,2026-08-10T16:56:03Z,2026-08-10T16:56:03Z
GET,/api/v1/users/leaderboard,"ConnectTimeoutError(<HTTPConnection(host='localhost', port=8000) at 0x1049dbe50>, 'Connection to localhost timed out. (connect timeout=None)')",1,2026-08-10T16:55:22Z,2026-08-10T16:55:22Z
GET,/api/v1/games/history,"ConnectTimeoutError(<HTTPConnection(host='localhost', port=8000) at 0x104c49d50>, 'Connection to localhost timed out. (connect timeout=None)')",1,2026-08-10T16:55:23Z,2026-08-10T16:55:23Z
GET,/api/v1/users/leaderboard,"ConnectTimeoutError(<HTTPConnection(host='localhost', port=8000) at 0x103f92050>, 'Connection to localhost timed out. (connect timeout=None)')",1,2026-08-10T16:55:14Z,2026-08-10T16:55:14Z
GET,/api/v1/games/history,"ConnectTimeoutError(<HTTPConnection(host='localhost', port=8000) at 0x106153550>, 'Connection to localhost timed out. (connect timeout=None)')",1,2026-08-10T16:56:03Z,2026-08-10T16:56:03Z
GET,/api/v1/games/recent,"ConnectTimeoutError(<HTTPConnection(host='localhost', port=8000) at 0x105693a50>, 'Connection to localhost timed out. (connect timeout=None)')",1,2026-08-10T16:55:40Z,2026-08-10T16:55:40Z
GET,/api/v1/games/recent,"ConnectTimeoutError(<HTTPConnection(host='localhost', port=8000) at 0x105a9e250>, 'Connection to localhost timed out. (connect timeout=None)')",1,2026-08-10T16:55:48Z,2026-08-10T16:55:48Z
GET,/api/v1/users/leaderboard,"ConnectTimeoutError(<HTTPConnection(host='localhost', port=8000) at 0x105f27050>, 'Connection to localhost timed out. (connect timeout=None)')",1,2026-08-10T16:55:56Z,2026-08-10T16:55:56Z
GET,/api/v1/users/leaderboard,"ConnectTimeoutError(<HTTPConnection(host='localhost', port=8000) at 0x104c4a550>, 'Connection to localhost timed out. (connect timeout=None)')",1,2026-08-10T16:55:23Z,2026-08-10T16:55:23Z
GET,/api/v1/users/leaderboard,"ConnectTimeoutError(<HTTPConnection(host='localhost', port=8000) at 0x105acc250>, 'Connection to localhost timed out. (connect timeout=None)')",1,2026-08-10T16:55:48Z,2026-08-10T16:55:48Z
GET,/api/v1/games/recent,"ConnectTimeoutError(<HTTPConnection(host='localhost', port=8000) at 0x105f7c550>, 'Connection to localhost timed out. (connect timeout=None)')",1,2026-08-10T16:55:56Z,2026-08-10T16:55:56Z
GET,/api/v1/games/history,"ConnectTimeoutError(<HTTPConnection(host='localhost', port=8000) at 0x105250750>, 'Connection to localhost timed out. (connect timeout=None)')",1,2026-08-10T16:55:32Z,2026-08-10T16:55:32Z
GET,/api/v1/games/history,"ConnectTimeoutError(<HTTPConnection(host='localhost', port=8000) at 0x105279750>, 'Connection to localhost timed out. (connect timeout=None)')",1,2026-08-10T16:55:32Z,2026-08-10T16:55:32Z
GET,/api/v1/games/recent,"ConnectTimeoutError(<HTTPConnection(host='localhost', port=8000) at 0x105b1bd50>, 'Connection to localhost timed out. (connect timeout=None)')",1,2026-08-10T16:55:48Z,2026-08-10T16:55:48Z
GET,/api/v1/games/recent,"ConnectTimeoutError(<HTTPConnection(host='localhost', port=8000) at 0x104fbe150>, 'Connection to localhost timed out. (connect timeout=None)')",1,2026-08-10T16:55:30Z,2026-08-10T16:55:30Z
GET,/api/v1/games/recent,"ConnectTimeoutError(<HTTPConnection(host='localhost', port=8000) at 0x105a9f550>, 'Connection to localhost timed out. (connect timeout=None)')",1,2026-08-10T16:55:48Z,2026-08-10T16:55:48Z
GET,/api/v1/users/leaderboard,"ConnectTimeoutError(<HTTPConnection(host='localhost', port=8000) at 0x105063b50>, 'Connection to localhost timed out. (connect timeout=None)')",1,2026-08-10T16:55:31Z,2026-08-10T16:55:31Z
GET,/api/v1/users/leaderboard,"ConnectTimeoutError(<HTTPConnection(host='localhost', port=8000) at 0x1054b9e50>, 'Connection to localhost timed out. (connect timeout=None)')",1,2026-08-10T16:55:39Z,2026-08-10T16:55:39Z
GET,/api/v1/users/leaderboard,"ConnectTimeoutError(<HTTPConnection(host='localhost', port=8000) at 0x105235d50>, 'Connection to localhost timed out. (connect timeout=None)')",1,2026-08-10T16:55:32Z,2026-08-10T16:55:32Z
GET,/api/v1/games/recent,"ConnectTimeoutError(<HTTPConnection(host='localhost', port=8000) at 0x1049c7b50>, 'Connection to localhost timed out. (connect timeout=None)')",1,2026-08-10T16:55:16Z,2026-08-10T16:55:16Z
GET,/api/v1/users/leaderboard,"ConnectTimeoutError(<HTTPConnection(host='localhost', port=8000) at 0x104c4ad50>, 'Connection to localhost timed out. (connect timeout=None)')",1,2026-08-10T16:55:23Z,2026-08-10T16:55:23Z
GET,/api/v1/games/recent,"ConnectTimeoutError(<HTTPConnection(host='localhost', port=8000) at 0x104e15d50>, 'Connection to localhost timed out. (connect timeout=None)')",1,2026-08-10T16:55:24Z,2026-08-10T16:55:24Z
GET,/api/v1/users/leaderboard,"ConnectTimeoutError(<HTTPConnection(host='localhost', port=8000) at 0x1060de750>, 'Connection to localhost timed out. (connect timeout=None)')",1,2026-08-10T16:56:02Z,2026-08-10T16:56:02Z
GET,/api/v1/users/leaderboard,"ConnectTimeoutError(<HTTPConnection(host='localhost', port=8000) at 0x104e2e450>, 'Connection to localhost timed out. (connect timeout=None)')",1,2026-08-10T16:55:24Z,2026-08-10T16:55:24Z
GET,/api/v1/games/history,"ConnectTimeoutError(<HTTPConnection(host='localhost', port=8000) at 0x105b44750>, 'Connection to localhost timed out. (connect timeout=None)')",1,2026-08-10T16:55:48Z,2026-08-10T16:55:48Z
GET,/api/v1/games/recent,"ConnectTimeoutError(<HTTPConnection(host='localhost', port=8000) at 0x105c1b850>, 'Connection to localhost timed out. (connect timeout=None)')",1,2026-08-10T16:55:54Z,2026-08-10T16:55:54Z
GET,/api/v1/games/history,"ConnectTimeoutError(<HTTPConnection(host='localhost', port=8000) at 0x105d05550>, 'Connection to localhost timed out. (connect timeout=None)')",1,2026-08-10T16:55:55Z,2026-08-10T16:55:55Z
GET,/api/v1/games/history,"ConnectTimeoutError(<HTTPConnection(host='localhost', port=8000) at 0x10619b650>, 'Connection to localhost timed out. (connect timeout=None)')",1,2026-08-10T16:56:03Z,2026-08-10T16:56:03Z
GET,/api/v1/users/leaderboard,"ConnectTimeoutError(<HTTPConnection(host='localhost', port=8000) at 0x1050e4350>, 'Connection to localhost timed out. (connect timeout=None)')",1,2026-08-10T16:55:31Z,2026-08-10T16:55:31Z
GET,/api/v1/users/leaderboard,"ConnectTimeoutError(<HTTPConnection(host='localhost', port=8000) at 0x105061250>, 'Connection to localhost timed out. (connect timeout=None)')",1,2026-08-10T16:55:31Z,2026-08-10T16:55:31Z
GET,/api/v1/users/leaderboard,"ConnectTimeoutError(<HTTPConnection(host='localhost', port=8000) at 0x1049c4d50>, 'Connection to localhost timed out. (connect timeout=None)')",1,2026-08-10T16:55:16Z,2026-08-10T16:55:16Z
GET,/api/v1/users/leaderboard,"ConnectTimeoutError(<HTTPConnection(host='localhost', port=8000) at 0x1046cf450>, 'Connection to localhost timed out. (connect timeout=None)')",1,2026-08-10T16:55:16Z,2026-08-10T16:55:16Z
GET,/api/v1/users/leaderboard,"ConnectTimeoutError(<HTTPConnection(host='localhost', port=8000) at 0x105062b50>, 'Connection to localhost timed out. (connect timeout=None)')",1,2026-08-10T16:55:31Z,2026-08-10T16:55:31Z
GET,/api/v1/users/leaderboard,"ConnectTimeoutError(<HTTPConnection(host='localhost', port=8000) at 0x104e14450>, 'Connection to localhost timed out. (connect timeout=None)')",1,2026-08-10T16:55:24Z,2026-08-10T16:55:24Z
GET,/api/v1/users/leaderboard,"ConnectTimeoutError(<HTTPConnection(host='localhost', port=8000) at 0x105eb9350>, 'Connection to localhost timed out. (connect timeout=None)')",1,2026-08-10T16:55:56Z,2026-08-10T16:55:56Z
GET,/api/v1/games/recent,"ConnectTimeoutError(<HTTPConnection(host='localhost', port=8000) at 0x1046cd250>, 'Connection to localhost timed out. (connect timeout=None)')",1,2026-08-10T16:55:15Z,2026-08-10T16:55:15Z
GET,/api/v1/users/leaderboard,"ConnectTimeoutError(<HTTPConnection(host='localhost', port=8000) at 0x106150050>, 'Connection to localhost timed out. (connect timeout=None)')",1,2026-08-10T16:56:03Z,2026-08-10T16:56:03Z
GET,/api/v1/games/history,"ConnectTimeoutError(<HTTPConnection(host='localhost', port=8000) at 0x104e14250>, 'Connection to localhost timed out. (connect timeout=None)')",1,2026-08-10T16:55:24Z,2026-08-10T16:55:24Z
GET,/api/v1/games/recent,"ConnectTimeoutError(<HTTPConnection(host='localhost', port=8000) at 0x10612e750>, 'Connection to localhost timed out. (connect timeout=None)')",1,2026-08-10T16:56:03Z,2026-08-10T16:56:03Z
GET,/api/v1/games/recent,"ConnectTimeoutError(<HTTPConnection(host='localhost', port=8000) at 0x10508fe50>, 'Connection to localhost timed out. (connect timeout=None)')",1,2026-08-10T16:55:31Z,2026-08-10T16:55:31Z
GET,/api/v1/games/recent,"ConnectTimeoutError(<HTTPConnection(host='localhost', port=8000) at 0x105a9de50>, 'Connection to localhost timed out. (connect timeout=None)')",1,2026-08-10T16:55:48Z,2026-08-10T16:55:48Z
GET,/api/v1/games/history,"ConnectTimeoutError(<HTTPConnection(host='localhost', port=8000) at 0x106198550>, 'Connection to localhost timed out. (connect timeout=None)')",1,2026-08-10T16:56:03Z,2026-08-10T16:56:03Z
GET,/api/v1/games/recent,"ConnectTimeoutError(<HTTPConnection(host='localhost', port=8000) at 0x105d05350>, 'Connection to localhost timed out. (connect timeout=None)')",1,2026-08-10T16:55:55Z,2026-08-10T16:55:55Z
GET,/api/v1/games/recent,"ConnectTimeoutError(<HTTPConnection(host='localhost', port=8000) at 0x105241250>, 'Connection to localhost timed out. (connect timeout=None)')",1,2026-08-10T16:55:47Z,2026-08-10T16:55:47Z
GET,/api/v1/games/recent,"ConnectTimeoutError(<HTTPConnection(host='localhost', port=8000) at 0x105062950>, 'Connection to localhost timed out. (connect timeout=None)')",1,2026-08-10T16:55:31Z,2026-08-10T16:55:31Z
GET,/api/v1/games/recent,"ConnectTimeoutError(<HTTPConnection(host='localhost', port=8000) at 0x104de8950>, 'Connection to localhost timed out. (connect timeout=None)')",1,2026-08-10T16:55:24Z,2026-08-10T16:55:24Z
GET,/api/v1/users/leaderboard,"ConnectTimeoutError(<HTTPConnection(host='localhost', port=8000) at 0x105c6a450>, 'Connection to localhost timed out. (connect timeout=None)')",1,2026-08-10T16:55:54Z,2026-08-10T16:55:54Z
GET,/api/v1/games/history,"ConnectTimeoutError(<HTTPConnection(host='localhost', port=8000) at 0x1050e4950>, 'Connection to localhost timed out. (connect timeout=None)')",1,2026-08-10T16:55:31Z,2026-08-10T16:55:31Z
GET,/api/v1/users/leaderboard,"ConnectTimeoutError(<HTTPConnection(host='localhost', port=8000) at 0x1049c4050>, 'Connection to localhost timed out. (connect timeout=None)')",1,2026-08-10T16:55:16Z,2026-08-10T16:55:16Z
GET,/api/v1/games/recent,"ConnectTimeoutError(<HTTPConnection(host='localhost', port=8000) at 0x1061e5950>, 'Connection to localhost timed out. (connect timeout=None)')",1,2026-08-10T16:56:03Z,2026-08-10T16:56:03Z
GET,/api/v1/users/leaderboard,"ConnectTimeoutError(<HTTPConnection(host='localhost', port=8000) at 0x106198950>, 'Connection to localhost timed out. (connect timeout=None)')",1,2026-08-10T16:56:03Z,2026-08-10T16:56:03Z
GET,/api/v1/users/leaderboard,"ConnectTimeoutError(<HTTPConnection(host='localhost', port=8000) at 0x105063150>, 'Connection to localhost timed out. (connect timeout=None)')",1,2026-08-10T16:55:31Z,2026-08-10T16:55:31Z
GET,/api/v1/users/leaderboard,"ConnectTimeoutError(<HTTPConnection(host='localhost', port=8000) at 0x104c6bb50>, 'Connection to localhost timed out. (connect timeout=None)')",1,2026-08-10T16:55:23Z,2026-08-10T16:55:23Z
GET,/api/v1/games/history,"ConnectTimeoutError(<HTTPConnection(host='localhost', port=8000) at 0x103a18050>, 'Connection to localhost timed out. (connect timeout=None)')",1,2026-08-10T16:55:15Z,2026-08-10T16:55:15Z
GET,/api/v1/games/recent,"ConnectTimeoutError(<HTTPConnection(host='localhost', port=8000) at 0x104880750>, 'Connection to localhost timed out. (connect timeout=None)')",1,2026-08-10T16:55:16Z,2026-08-10T16:55:16Z
GET,/api/v1/games/recent,"ConnectTimeoutError(<HTTPConnection(host='localhost', port=8000) at 0x105b18e50>, 'Connection to localhost timed out. (connect timeout=None)')",1,2026-08-10T16:55:48Z,2026-08-10T16:55:48Z
GET,/api/v1/games/recent,"ConnectTimeoutError(<HTTPConnection(host='localhost', port=8000) at 0x1049c5b50>, 'Connection to localhost timed out. (connect timeout=None)')",1,2026-08-10T16:55:16Z,2026-08-10T16:55:16Z
GET,/api/v1/games/recent,"ConnectTimeoutError(<HTTPConnection(host='localhost', port=8000) at 0x105c1af50>, 'Connection to localhost timed out. (connect timeout=None)')",1,2026-08-10T16:55:54Z,2026-08-10T16:55:54Z
GET,/api/v1/users/leaderboard,"ConnectTimeoutError(<HTTPConnection(host='localhost', port=8000) at 0x105b47150>, 'Connection to localhost timed out. (connect timeout=None)')",1,2026-08-10T16:55:48Z,2026-08-10T16:55:48Z
GET,/api/v1/games/history,"ConnectTimeoutError(<HTTPConnection(host='localhost', port=8000) at 0x103bc4d50>, 'Connection to localhost timed out. (connect timeout=None)')",1,2026-08-10T16:55:14Z,2026-08-10T16:55:14Z
GET,/api/v1/games/recent,"ConnectTimeoutError(<HTTPConnection(host='localhost', port=8000) at 0x105670350>, 'Connection to localhost timed out. (connect timeout=None)')",1,2026-08-10T16:55:40Z,2026-08-10T16:55:40Z
GET,/api/v1/users/leaderboard,"ConnectTimeoutError(<HTTPConnection(host='localhost', port=8000) at 0x105062d50>, 'Connection to localhost timed out. (connect timeout=None)')",1,2026-08-10T16:55:31Z,2026-08-10T16:55:31Z
GET,/api/v1/games/recent,"ConnectTimeoutError(<HTTPConnection(host='localhost', port=8000) at 0x105acca50>, 'Connection to localhost timed out. (connect timeout=None)')",1,2026-08-10T16:55:48Z,2026-08-10T16:55:48Z
GET,/api/v1/users/leaderboard,"ConnectTimeoutError(<HTTPConnection(host='localhost', port=8000) at 0x1046cfd50>, 'Connection to localhost timed out. (connect timeout=None)')",1,2026-08-10T16:55:16Z,2026-08-10T16:55:16Z
GET,/api/v1/users/leaderboard,"ConnectTimeoutError(<HTTPConnection(host='localhost', port=8000) at 0x105b1ae50>, 'Connection to localhost timed out. (connect timeout=None)')",1,2026-08-10T16:55:48Z,2026-08-10T16:55:48Z
GET,/api/v1/users/leaderboard,"ConnectTimeoutError(<HTTPConnection(host='localhost', port=8000) at 0x104395e50>, 'Connection to localhost timed out. (connect timeout=None)')",1,2026-08-10T16:55:15Z,2026-08-10T16:55:15Z
GET,/api/v1/users/leaderboard,"ConnectTimeoutError(<HTTPConnection(host='localhost', port=8000) at 0x105dbba50>, 'Connection to localhost timed out. (connect timeout=None)')",1,2026-08-10T16:55:55Z,2026-08-10T16:55:55Z
GET,/api/v1/games/recent,"ConnectTimeoutError(<HTTPConnection(host='localhost', port=8000) at 0x106198b50>, 'Connection to localhost timed out. (connect timeout=None)')",1,2026-08-10T16:56:03Z,2026-08-10T16:56:03Z
GET,/api/v1/users/leaderboard,"ConnectTimeoutError(<HTTPConnection(host='localhost', port=8000) at 0x106151450>, 'Connection to localhost timed out. (connect timeout=None)')",1,2026-08-10T16:56:03Z,2026-08-10T16:56:03Z
GET,/api/v1/users/leaderboard,"ConnectTimeoutError(<HTTPConnection(host='localhost', port=8000) at 0x1061e6e50>, 'Connection to localhost timed out. (connect timeout=None)')",1,2026-08-10T16:56:03Z,2026-08-10T16:56:03Z
GET,/api/v1/users/leaderboard,"ConnectTimeoutError(<HTTPConnection(host='localhost', port=8000) at 0x104a32050>, 'Connection to localhost timed out. (connect timeout=None)')",1,2026-08-10T16:55:16Z,2026-08-10T16:55:16Z
GET,/api/v1/users/leaderboard,"ConnectTimeoutError(<HTTPConnection(host='localhost', port=8000) at 0x105a9ec50>, 'Connection to localhost timed out. (connect timeout=None)')",1,2026-08-10T16:55:48Z,2026-08-10T16:55:48Z
GET,/api/v1/users/leaderboard,"ConnectTimeoutError(<HTTPConnection(host='localhost', port=8000) at 0x104c48650>, 'Connection to localhost timed out. (connect timeout=None)')",1,2026-08-10T16:55:23Z,2026-08-10T16:55:23Z
GET,/api/v1/games/recent,"ConnectTimeoutError(<HTTPConnection(host='localhost', port=8000) at 0x105e76350>, 'Connection to localhost timed out. (connect timeout=None)')",1,2026-08-10T16:55:55Z,2026-08-10T16:55:55Z
GET,/api/v1/games/recent,"ConnectTimeoutError(<HTTPConnection(host='localhost', port=8000) at 0x103f26b50>, 'Connection to localhost timed out. (connect timeout=None)')",1,2026-08-10T16:55:15Z,2026-08-10T16:55:15Z
GET,/api/v1/games/recent,"ConnectTimeoutError(<HTTPConnection(host='localhost', port=8000) at 0x104397350>, 'Connection to localhost timed out. (connect timeout=None)')",1,2026-08-10T16:55:15Z,2026-08-10T16:55:15Z
GET,/api/v1/games/recent,"ConnectTimeoutError(<HTTPConnection(host='localhost', port=8000) at 0x103f93450>, 'Connection to localhost timed out. (connect timeout=None)')",1,2026-08-10T16:55:14Z,2026-08-10T16:55:14Z
GET,/api/v1/users/leaderboard,"ConnectTimeoutError(<HTTPConnection(host='localhost', port=8000) at 0x105db8750>, 'Connection to localhost timed out. (connect timeout=None)')",1,2026-08-10T16:55:55Z,2026-08-10T16:55:55Z
GET,/api/v1/users/leaderboard,"ConnectTimeoutError(<HTTPConnection(host='localhost', port=8000) at 0x105a4f150>, 'Connection to localhost timed out. (connect timeout=None)')",1,2026-08-10T16:55:48Z,2026-08-10T16:55:48Z
GET,/api/v1/games/recent,"ConnectTimeoutError(<HTTPConnection(host='localhost', port=8000) at 0x10612d750>, 'Connection to localhost timed out. (connect timeout=None)')",1,2026-08-10T16:56:02Z,2026-08-10T16:56:02Z
GET,/api/v1/users/leaderboard,"ConnectTimeoutError(<HTTPConnection(host='localhost', port=8000) at 0x10612c750>, 'Connection to localhost timed out. (connect timeout=None)')",1,2026-08-10T16:56:02Z,2026-08-10T16:56:02Z
GET,/api/v1/users/leaderboard,"ConnectTimeoutError(<HTTPConnection(host='localhost', port=8000) at 0x1053ec450>, 'Connection to localhost timed out. (connect timeout=None)')",1,2026-08-10T16:55:38Z,2026-08-10T16:55:38Z
GET,/api/v1/users/leaderboard,"ConnectTimeoutError(<HTTPConnection(host='localhost', port=8000) at 0x105939a50>, 'Connection to localhost timed out. (connect timeout=None)')",1,2026-08-10T16:55:47Z,2026-08-10T16:55:47Z
GET,/api/v1/games/recent,"ConnectTimeoutError(<HTTPConnection(host='localhost', port=8000) at 0x10508de50>, 'Connection to localhost timed out. (connect timeout=None)')",1,2026-08-10T16:55:31Z,2026-08-10T16:55:31Z
GET,/api/v1/users/leaderboard,"ConnectTimeoutError(<HTTPConnection(host='localhost', port=8000) at 0x1049c7850>, 'Connection to localhost timed out. (connect timeout=None)')",1,2026-08-10T16:55:16Z,2026-08-10T16:55:16Z
GET,/api/v1/users/leaderboard,"ConnectTimeoutError(<HTTPConnection(host='localhost', port=8000) at 0x106234a50>, 'Connection to localhost timed out. (connect timeout=None)')",1,2026-08-10T16:56:03Z,2026-08-10T16:56:03Z
GET,/api/v1/users/leaderboard,"ConnectTimeoutError(<HTTPConnection(host='localhost', port=8000) at 0x1049d9550>, 'Connection to localhost timed out. (connect timeout=None)')",1,2026-08-10T16:55:22Z,2026-08-10T16:55:22Z
GET,/api/v1/games/recent,"ConnectTimeoutError(<HTTPConnection(host='localhost', port=8000) at 0x105a4e550>, 'Connection to localhost timed out. (connect timeout=None)')",1,2026-08-10T16:55:48Z,2026-08-10T16:55:48Z
GET,/api/v1/games/history,"ConnectTimeoutError(<HTTPConnection(host='localhost', port=8000) at 0x103f93c50>, 'Connection to localhost timed out. (connect timeout=None)')",1,2026-08-10T16:55:14Z,2026-08-10T16:55:14Z
GET,/api/v1/users/leaderboard,"ConnectTimeoutError(<HTTPConnection(host='localhost', port=8000) at 0x105673c50>, 'Connection to localhost timed out. (connect timeout=None)')",1,2026-08-10T16:55:40Z,2026-08-10T16:55:40Z
GET,/api/v1/games/recent,"ConnectTimeoutError(<HTTPConnection(host='localhost', port=8000) at 0x105eba650>, 'Connection to localhost timed out. (connect timeout=None)')",1,2026-08-10T16:55:56Z,2026-08-10T16:55:56Z
GET,/api/v1/games/recent,"ConnectTimeoutError(<HTTPConnection(host='localhost', port=8000) at 0x10508eb50>, 'Connection to localhost timed out. (connect timeout=None)')",1,2026-08-10T16:55:31Z,2026-08-10T16:55:31Z
GET,/api/v1/games/history,"ConnectTimeoutError(<HTTPConnection(host='localhost', port=8000) at 0x104c6a950>, 'Connection to localhost timed out. (connect timeout=None)')",1,2026-08-10T16:55:23Z,2026-08-10T16:55:23Z
GET,/api/v1/users/leaderboard,"ConnectTimeoutError(<HTTPConnection(host='localhost', port=8000) at 0x10619ac50>, 'Connection to localhost timed out. (connect timeout=None)')",1,2026-08-10T16:56:03Z,2026-08-10T16:56:03Z
GET,/api/v1/games/recent,"ConnectTimeoutError(<HTTPConnection(host='localhost', port=8000) at 0x104c6ab50>, 'Connection to localhost timed out. (connect timeout=None)')",1,2026-08-10T16:55:23Z,2026-08-10T16:55:23Z
GET,/api/v1/games/recent,"ConnectTimeoutError(<HTTPConnection(host='localhost', port=8000) at 0x105eea250>, 'Connection to localhost timed out. (connect timeout=None)')",1,2026-08-10T16:55:56Z,2026-08-10T16:55:56Z
GET,/api/v1/users/leaderboard,"ConnectTimeoutError(<HTTPConnection(host='localhost', port=8000) at 0x1053eda50>, 'Connection to localhost timed out. (connect timeout=None)')",1,2026-08-10T16:55:38Z,2026-08-10T16:55:38Z
GET,/api/v1/users/leaderboard,"ConnectTimeoutError(<HTTPConnection(host='localhost', port=8000) at 0x105d27e50>, 'Connection to localhost timed out. (connect timeout=None)')",1,2026-08-10T16:55:55Z,2026-08-10T16:55:55Z
GET,/api/v1/users/leaderboard,"ConnectTimeoutError(<HTTPConnection(host='localhost', port=8000) at 0x1058fc750>, 'Connection to localhost timed out. (connect timeout=None)')",1,2026-08-10T16:55:47Z,2026-08-10T16:55:47Z
GET,/api/v1/games/recent,"ConnectTimeoutError(<HTTPConnection(host='localhost', port=8000) at 0x105eea650>, 'Connection to localhost timed out. (connect timeout=None)')",1,2026-08-10T16:55:56Z,2026-08-10T16:55:56Z
GET,/api/v1/games/recent,"ConnectTimeoutError(<HTTPConnection(host='localhost', port=8000) at 0x10612ce50>, 'Connection to localhost timed out. (connect timeout=None)')",1,2026-08-10T16:56:02Z,2026-08-10T16:56:02Z
GET,/api/v1/users/leaderboard,"ConnectTimeoutError(<HTTPConnection(host='localhost', port=8000) at 0x104881a50>, 'Connection to localhost timed out. (connect timeout=None)')",1,2026-08-10T16:55:16Z,2026-08-10T16:55:16Z
GET,/api/v1/users/leaderboard,"ConnectTimeoutError(<HTTPConnection(host='localhost', port=8000) at 0x105a4ef50>, 'Connection to localhost timed out. (connect timeout=None)')",1,2026-08-10T16:55:48Z,2026-08-10T16:55:48Z
GET,/api/v1/games/history,"ConnectTimeoutError(<HTTPConnection(host='localhost', port=8000) at 0x104c4b550>, 'Connection to localhost timed out. (connect timeout=None)')",1,2026-08-10T16:55:23Z,2026-08-10T16:55:23Z
GET,/api/v1/games/history,"ConnectTimeoutError(<HTTPConnection(host='localhost', port=8000) at 0x104e2c350>, 'Connection to localhost timed out. (connect timeout=None)')",1,2026-08-10T16:55:24Z,2026-08-10T16:55:24Z
GET,/api/v1/games/history,"ConnectTimeoutError(<HTTPConnection(host='localhost', port=8000) at 0x10508c650>, 'Connection to localhost timed out. (connect timeout=None)')",1,2026-08-10T16:55:31Z,2026-08-10T16:55:31Z
GET,/api/v1/users/leaderboard,"ConnectTimeoutError(<HTTPConnection(host='localhost', port=8000) at 0x105252050>, 'Connection to localhost timed out. (connect timeout=None)')",1,2026-08-10T16:55:32Z,2026-08-10T16:55:32Z
GET,/api/v1/games/recent,"ConnectTimeoutError(<HTTPConnection(host='localhost', port=8000) at 0x104fbfd50>, 'Connection to localhost timed out. (connect timeout=None)')",1,2026-08-10T16:55:30Z,2026-08-10T16:55:30Z
GET,/api/v1/users/leaderboard,"ConnectTimeoutError(<HTTPConnection(host='localhost', port=8000) at 0x1050b0750>, 'Connection to localhost timed out. (connect timeout=None)')",1,2026-08-10T16:55:31Z,2026-08-10T16:55:31Z
GET,/api/v1/users/leaderboard,"ConnectTimeoutError(<HTTPConnection(host='localhost', port=8000) at 0x105499350>, 'Connection to localhost timed out. (connect timeout=None)')",1,2026-08-10T16:55:39Z,2026-08-10T16:55:39Z
GET,/api/v1/users/leaderboard,"ConnectTimeoutError(<HTTPConnection(host='localhost', port=8000) at 0x104a33250>, 'Connection to localhost timed out. (connect timeout=None)')",1,2026-08-10T16:55:16Z,2026-08-10T16:55:16Z
GET,/api/v1/users/leaderboard,"ConnectTimeoutError(<HTTPConnection(host='localhost', port=8000) at 0x104394350>, 'Connection to localhost timed out. (connect timeout=None)')",1,2026-08-10T16:55:14Z,2026-08-10T16:55:14Z
GET,/api/v1/users/leaderboard,"ConnectTimeoutError(<HTTPConnection(host='localhost', port=8000) at 0x105d07850>, 'Connection to localhost timed out. (connect timeout=None)')",1,2026-08-10T16:55:55Z,2026-08-10T16:55:55Z
GET,/api/v1/users/leaderboard,"ConnectTimeoutError(<HTTPConnection(host='localhost', port=8000) at 0x105e77050>, 'Connection to localhost timed out. (connect timeout=None)')",1,2026-08-10T16:55:56Z,2026-08-10T16:55:56Z
GET,/api/v1/games/history,"ConnectTimeoutError(<HTTPConnection(host='localhost', port=8000) at 0x106153050>, 'Connection to localhost timed out. (connect timeout=None)')",1,2026-08-10T16:56:03Z,2026-08-10T16:56:03Z
GET,/api/v1/users/leaderboard,"ConnectTimeoutError(<HTTPConnection(host='localhost', port=8000) at 0x104946f50>, 'Connection to localhost timed out. (connect timeout=None)')",1,2026-08-10T16:55:16Z,2026-08-10T16:55:16Z
GET,/api/v1/games/recent,"ConnectTimeoutError(<HTTPConnection(host='localhost', port=8000) at 0x10508da50>, 'Connection to localhost timed out. (connect timeout=None)')",1,2026-08-10T16:55:31Z,2026-08-10T16:55:31Z
GET,/api/v1/games/history,"ConnectTimeoutError(<HTTPConnection(host='localhost', port=8000) at 0x104c69750>, 'Connection to localhost timed out. (connect timeout=None)')",1,2026-08-10T16:55:23Z,2026-08-10T16:55:23Z
GET,/api/v1/games/history,"ConnectTimeoutError(<HTTPConnection(host='localhost', port=8000) at 0x105a9cb50>, 'Connection to localhost timed out. (connect timeout=None)')",1,2026-08-10T16:55:48Z,2026-08-10T16:55:48Z
GET,/api/v1/games/recent,"ConnectTimeoutError(<HTTPConnection(host='localhost', port=8000) at 0x105e75e50>, 'Connection to localhost timed out. (connect timeout=None)')",1,2026-08-10T16:55:56Z,2026-08-10T16:55:56Z
GET,/api/v1/users/leaderboard,"ConnectTimeoutError(<HTTPConnection(host='localhost', port=8000) at 0x104bdd750>, 'Connection to localhost timed out. (connect timeout=None)')",1,2026-08-10T16:55:23Z,2026-08-10T16:55:23Z
GET,/api/v1/users/leaderboard,"ConnectTimeoutError(<HTTPConnection(host='localhost', port=8000) at 0x104c6bd50>, 'Connection to localhost timed out. (connect timeout=None)')",1,2026-08-10T16:55:23Z,2026-08-10T16:55:23Z
GET,/api/v1/games/history,"ConnectTimeoutError(<HTTPConnection(host='localhost', port=8000) at 0x106057150>, 'Connection to localhost timed out. (connect timeout=None)')",1,2026-08-10T16:56:02Z,2026-08-10T16:56:02Z
GET,/api/v1/users/leaderboard,"ConnectTimeoutError(<HTTPConnection(host='localhost', port=8000) at 0x105ee9f50>, 'Connection to localhost timed out. (connect timeout=None)')",1,2026-08-10T16:55:56Z,2026-08-10T16:55:56Z
GET,/api/v1/users/leaderboard,"ConnectTimeoutError(<HTTPConnection(host='localhost', port=8000) at 0x105528350>, 'Connection to localhost timed out. (connect timeout=None)')",1,2026-08-10T16:55:39Z,2026-08-10T16:55:39Z
GET,/api/v1/users/leaderboard,"ConnectTimeoutError(<HTTPConnection(host='localhost', port=8000) at 0x1060de650>, 'Connection to localhost timed out. (connect timeout=None)')",1,2026-08-10T16:56:02Z,2026-08-10T16:56:02Z
GET,/api/v1/users/leaderboard,"ConnectTimeoutError(<HTTPConnection(host='localhost', port=8000) at 0x104590450>, 'Connection to localhost timed out. (connect timeout=None)')",1,2026-08-10T16:55:15Z,2026-08-10T16:55:15Z
GET,/api/v1/users/leaderboard,"ConnectTimeoutError(<HTTPConnection(host='localhost', port=8000) at 0x10549ac50>, 'Connection to localhost timed out. (connect timeout=None)')",1,2026-08-10T16:55:39Z,2026-08-10T16:55:39Z
GET,/api/v1/users/leaderboard,"ConnectTimeoutError(<HTTPConnection(host='localhost', port=8000) at 0x104e2e050>, 'Connection to localhost timed out. (connect timeout=None)')",1,2026-08-10T16:55:24Z,2026-08-10T16:55:24Z
GET,/api/v1/users/leaderboard,"ConnectTimeoutError(<HTTPConnection(host='localhost', port=8000) at 0x104395550>, 'Connection to localhost timed out. (connect timeout=None)')",1,2026-08-10T16:55:14Z,2026-08-10T16:55:14Z
GET,/api/v1/users/leaderboard,"ConnectTimeoutError(<HTTPConnection(host='localhost', port=8000) at 0x1054b8750>, 'Connection to localhost timed out. (connect timeout=None)')",1,2026-08-10T16:55:39Z,2026-08-10T16:55:39Z
GET,/api/v1/users/leaderboard,"ConnectTimeoutError(<HTTPConnection(host='localhost', port=8000) at 0x104590a50>, 'Connection to localhost timed out. (connect timeout=None)')",1,2026-08-10T16:55:15Z,2026-08-10T16:55:15Z
GET,/api/v1/users/leaderboard,"ConnectTimeoutError(<HTTPConnection(host='localhost', port=8000) at 0x105d04b50>, 'Connection to localhost timed out. (connect timeout=None)')",1,2026-08-10T16:55:55Z,2026-08-10T16:55:55Z
GET,/api/v1/users/leaderboard,"ConnectTimeoutError(<HTTPConnection(host='localhost', port=8000) at 0x105a9e950>, 'Connection to localhost timed out. (connect timeout=None)')",1,2026-08-10T16:55:48Z,2026-08-10T16:55:48Z
GET,/api/v1/users/leaderboard,"ConnectTimeoutError(<HTTPConnection(host='localhost', port=8000) at 0x1049d8050>, 'Connection to localhost timed out. (connect timeout=None)')",1,2026-08-10T16:55:22Z,2026-08-10T16:55:22Z
GET,/api/v1/users/leaderboard,"ConnectTimeoutError(<HTTPConnection(host='localhost', port=8000) at 0x104e2cf50>, 'Connection to localhost timed out. (connect timeout=None)')",1,2026-08-10T16:55:24Z,2026-08-10T16:55:24Z
GET,/api/v1/games/history,"ConnectTimeoutError(<HTTPConnection(host='localhost', port=8000) at 0x10597b350>, 'Connection to localhost timed out. (connect timeout=None)')",1,2026-08-10T16:55:47Z,2026-08-10T16:55:47Z
GET,/api/v1/games/history,"ConnectTimeoutError(<HTTPConnection(host='localhost', port=8000) at 0x104592c50>, 'Connection to localhost timed out. (connect timeout=None)')",1,2026-08-10T16:55:15Z,2026-08-10T16:55:15Z
GET,/api/v1/users/leaderboard,"ConnectTimeoutError(<HTTPConnection(host='localhost', port=8000) at 0x104a32650>, 'Connection to localhost timed out. (connect timeout=None)')",1,2026-08-10T16:55:16Z,2026-08-10T16:55:16Z
GET,/api/v1/users/leaderboard,"ConnectTimeoutError(<HTTPConnection(host='localhost', port=8000) at 0x104deb250>, 'Connection to localhost timed out. (connect timeout=None)')",1,2026-08-10T16:55:24Z,2026-08-10T16:55:24Z
GET,/api/v1/games/history,"ConnectTimeoutError(<HTTPConnection(host='localhost', port=8000) at 0x105499950>, 'Connection to localhost timed out. (connect timeout=None)')",1,2026-08-10T16:55:39Z,2026-08-10T16:55:39Z
GET,/api/v1/games/recent,"ConnectTimeoutError(<HTTPConnection(host='localhost', port=8000) at 0x104e14050>, 'Connection to localhost timed out. (connect timeout=None)')",1,2026-08-10T16:55:24Z,2026-08-10T16:55:24Z
GET,/api/v1/games/history,"ConnectTimeoutError(<HTTPConnection(host='localhost', port=8000) at 0x1052b1950>, 'Connection to localhost timed out. (connect timeout=None)')",1,2026-08-10T16:55:32Z,2026-08-10T16:55:32Z
GET,/api/v1/games/history,"ConnectTimeoutError(<HTTPConnection(host='localhost', port=8000) at 0x1056bd250>, 'Connection to localhost timed out. (connect timeout=None)')",1,2026-08-10T16:55:40Z,2026-08-10T16:55:40Z
GET,/api/v1/users/leaderboard,"ConnectTimeoutError(<HTTPConnection(host='localhost', port=8000) at 0x105ebbb50>, 'Connection to localhost timed out. (connect timeout=None)')",1,2026-08-10T16:55:56Z,2026-08-10T16:55:56Z
GET,/api/v1/users/leaderboard,"ConnectTimeoutError(<HTTPConnection(host='localhost', port=8000) at 0x104881d50>, 'Connection to localhost timed out. (connect timeout=None)')",1,2026-08-10T16:55:16Z,2026-08-10T16:55:16Z
GET,/api/v1/games/recent,"ConnectTimeoutError(<HTTPConnection(host='localhost', port=8000) at 0x1049db650>, 'Connection to localhost timed out. (connect timeout=None)')",1,2026-08-10T16:55:22Z,2026-08-10T16:55:22Z
GET,/api/v1/games/history,"ConnectTimeoutError(<HTTPConnection(host='localhost', port=8000) at 0x10597b550>, 'Connection to localhost timed out. (connect timeout=None)')",1,2026-08-10T16:55:47Z,2026-08-10T16:55:47Z
GET,/api/v1/games/recent,"ConnectTimeoutError(<HTTPConnection(host='localhost', port=8000) at 0x105498c50>, 'Connection to localhost timed out. (connect timeout=None)')",1,2026-08-10T16:55:39Z,2026-08-10T16:55:39Z
GET,/api/v1/users/leaderboard,"ConnectTimeoutError(<HTTPConnection(host='localhost', port=8000) at 0x105672b50>, 'Connection to localhost timed out. (connect timeout=None)')",1,2026-08-10T16:55:40Z,2026-08-10T16:55:40Z
GET,/api/v1/users/leaderboard,"ConnectTimeoutError(<HTTPConnection(host='localhost', port=8000) at 0x106199c50>, 'Connection to localhost timed out. (connect timeout=None)')",1,2026-08-10T16:56:03Z,2026-08-10T16:56:03Z
GET,/api/v1/games/recent,"ConnectTimeoutError(<HTTPConnection(host='localhost', port=8000) at 0x105c1ba50>, 'Connection to localhost timed out. (connect timeout=None)')",1,2026-08-10T16:55:54Z,2026-08-10T16:55:54Z
GET,/api/v1/users/leaderboard,"ConnectTimeoutError(<HTTPConnection(host='localhost', port=8000) at 0x1046ce550>, 'Connection to localhost timed out. (connect timeout=None)')",1,2026-08-10T16:55:15Z,2026-08-10T16:55:15Z
GET,/api/v1/users/leaderboard,"ConnectTimeoutError(<HTTPConnection(host='localhost', port=8000) at 0x10549a850>, 'Connection to localhost timed out. (connect timeout=None)')",1,2026-08-10T16:55:39Z,2026-08-10T16:55:39Z
GET,/api/v1/games/history,"ConnectTimeoutError(<HTTPConnection(host='localhost', port=8000) at 0x105d05f50>, 'Connection to localhost timed out. (connect timeout=None)')",1,2026-08-10T16:55:55Z,2026-08-10T16:55:55Z
GET,/api/v1/games/recent,"ConnectTimeoutError(<HTTPConnection(host='localhost', port=8000) at 0x105060d50>, 'Connection to localhost timed out. (connect timeout=None)')",1,2026-08-10T16:55:31Z,2026-08-10T16:55:31Z
GET,/api/v1/games/history,"ConnectTimeoutError(<HTTPConnection(host='localhost', port=8000) at 0x105690150>, 'Connection to localhost timed out. (connect timeout=None)')",1,2026-08-10T16:55:40Z,2026-08-10T16:55:40Z
GET,/api/v1/users/leaderboard,"ConnectTimeoutError(<HTTPConnection(host='localhost', port=8000) at 0x105242d50>, 'Connection to localhost timed out. (connect timeout=None)')",1,2026-08-10T16:55:47Z,2026-08-10T16:55:47Z
GET,/api/v1/games/history,"ConnectTimeoutError(<HTTPConnection(host='localhost', port=8000) at 0x105c6b350>, 'Connection to localhost timed out. (connect timeout=None)')",1,2026-08-10T16:55:54Z,2026-08-10T16:55:54Z
GET,/api/v1/games/history,"ConnectTimeoutError(<HTTPConnection(host='localhost', port=8000) at 0x104e2ef50>, 'Connection to localhost timed out. (connect timeout=None)')",1,2026-08-10T16:55:24Z,2026-08-10T16:55:24Z
GET,/api/v1/games/history,"ConnectTimeoutError(<HTTPConnection(host='localhost', port=8000) at 0x10508e750>, 'Connection to localhost timed out. (connect timeout=None)')",1,2026-08-10T16:55:31Z,2026-08-10T16:55:31Z
GET,/api/v1/users/leaderboard,"ConnectTimeoutError(<HTTPConnection(host='localhost', port=8000) at 0x105c1a950>, 'Connection to localhost timed out. (connect timeout=None)')",1,2026-08-10T16:55:54Z,2026-08-10T16:55:54Z
GET,/api/v1/games/recent,"ConnectTimeoutError(<HTTPConnection(host='localhost', port=8000) at 0x105253750>, 'Connection to localhost timed out. (connect timeout=None)')",1,2026-08-10T16:55:32Z,2026-08-10T16:55:32Z
GET,/api/v1/games/history,"ConnectTimeoutError(<HTTPConnection(host='localhost', port=8000) at 0x10593b350>, 'Connection to localhost timed out. (connect timeout=None)')",1,2026-08-10T16:55:47Z,2026-08-10T16:55:47Z
GET,/api/v1/users/leaderboard,"ConnectTimeoutError(<HTTPConnection(host='localhost', port=8000) at 0x105237b50>, 'Connection to localhost timed out. (connect timeout=None)')",1,2026-08-10T16:55:32Z,2026-08-10T16:55:32Z
GET,/api/v1/games/recent,"ConnectTimeoutError(<HTTPConnection(host='localhost', port=8000) at 0x1056beb50>, 'Connection to localhost timed out. (connect timeout=None)')",1,2026-08-10T16:55:40Z,2026-08-10T16:55:40Z
GET,/api/v1/users/leaderboard,"ConnectTimeoutError(<HTTPConnection(host='localhost', port=8000) at 0x105240c50>, 'Connection to localhost timed out. (connect timeout=None)')",1,2026-08-10T16:55:47Z,2026-08-10T16:55:47Z
GET,/api/v1/games/recent,"ConnectTimeoutError(<HTTPConnection(host='localhost', port=8000) at 0x106153750>, 'Connection to localhost timed out. (connect timeout=None)')",1,2026-08-10T16:56:03Z,2026-08-10T16:56:03Z
GET,/api/v1/users/leaderboard,"ConnectTimeoutError(<HTTPConnection(host='localhost', port=8000) at 0x1055f3750>, 'Connection to localhost timed out. (connect timeout=None)')",1,2026-08-10T16:55:40Z,2026-08-10T16:55:40Z
GET,/api/v1/games/history,"ConnectTimeoutError(<HTTPConnection(host='localhost', port=8000) at 0x1058fd450>, 'Connection to localhost timed out. (connect timeout=None)')",1,2026-08-10T16:55:47Z,2026-08-10T16:55:47Z
GET,/api/v1/users/leaderboard,"ConnectTimeoutError(<HTTPConnection(host='localhost', port=8000) at 0x104c6ae50>, 'Connection to localhost timed out. (connect timeout=None)')",1,2026-08-10T16:55:23Z,2026-08-10T16:55:23Z
GET,/api/v1/games/history,"ConnectTimeoutError(<HTTPConnection(host='localhost', port=8000) at 0x105b44050>, 'Connection to localhost timed out. (connect timeout=None)')",1,2026-08-10T16:55:48Z,2026-08-10T16:55:48Z
GET,/api/v1/users/leaderboard,"ConnectTimeoutError(<HTTPConnection(host='localhost', port=8000) at 0x105279e50>, 'Connection to localhost timed out. (connect timeout=None)')",1,2026-08-10T16:55:32Z,2026-08-10T16:55:32Z
GET,/api/v1/users/leaderboard,"ConnectTimeoutError(<HTTPConnection(host='localhost', port=8000) at 0x104882350>, 'Connection to localhost timed out. (connect timeout=None)')",1,2026-08-10T16:55:16Z,2026-08-10T16:55:16Z
GET,/api/v1/games/history,"ConnectTimeoutError(<HTTPConnection(host='localhost', port=8000) at 0x104945e50>, 'Connection to localhost timed out. (connect timeout=None)')",1,2026-08-10T16:55:16Z,2026-08-10T16:55:16Z
GET,/api/v1/users/leaderboard,"ConnectTimeoutError(<HTTPConnection(host='localhost', port=8000) at 0x103ae0450>, 'Connection to localhost timed out. (connect timeout=None)')",1,2026-08-10T16:55:15Z,2026-08-10T16:55:15Z
GET,/api/v1/games/recent,"ConnectTimeoutError(<HTTPConnection(host='localhost', port=8000) at 0x103f90e50>, 'Connection to localhost timed out. (connect timeout=None)')",1,2026-08-10T16:55:15Z,2026-08-10T16:55:15Z
GET,/api/v1/users/leaderboard,"ConnectTimeoutError(<HTTPConnection(host='localhost', port=8000) at 0x105585750>, 'Connection to localhost timed out. (connect timeout=None)')",1,2026-08-10T16:55:39Z,2026-08-10T16:55:39Z
GET,/api/v1/games/history,"ConnectTimeoutError(<HTTPConnection(host='localhost', port=8000) at 0x105b1b450>, 'Connection to localhost timed out. (connect timeout=None)')",1,2026-08-10T16:55:48Z,2026-08-10T16:55:48Z
GET,/api/v1/games/recent,"ConnectTimeoutError(<HTTPConnection(host='localhost', port=8000) at 0x106056550>, 'Connection to localhost timed out. (connect timeout=None)')",1,2026-08-10T16:56:01Z,2026-08-10T16:56:01Z
GET,/api/v1/games/recent,"ConnectTimeoutError(<HTTPConnection(host='localhost', port=8000) at 0x1049dbc50>, 'Connection to localhost timed out. (connect timeout=None)')",1,2026-08-10T16:55:22Z,2026-08-10T16:55:22Z
GET,/api/v1/users/leaderboard,"ConnectTimeoutError(<HTTPConnection(host='localhost', port=8000) at 0x10527bd50>, 'Connection to localhost timed out. (connect timeout=None)')",1,2026-08-10T16:55:32Z,2026-08-10T16:55:32Z
GET,/api/v1/users/leaderboard,"ConnectTimeoutError(<HTTPConnection(host='localhost', port=8000) at 0x106096c50>, 'Connection to localhost timed out. (connect timeout=None)')",1,2026-08-10T16:56:02Z,2026-08-10T16:56:02Z
GET,/api/v1/games/history,"ConnectTimeoutError(<HTTPConnection(host='localhost', port=8000) at 0x1054bbb50>, 'Connection to localhost timed out. (connect timeout=None)')",1,2026-08-10T16:55:39Z,2026-08-10T16:55:39Z
GET,/api/v1/games/history,"ConnectTimeoutError(<HTTPConnection(host='localhost', port=8000) at 0x1050b0450>, 'Connection to localhost timed out. (connect timeout=None)')",1,2026-08-10T16:55:31Z,2026-08-10T16:55:31Z
GET,/api/v1/games/history,"ConnectTimeoutError(<HTTPConnection(host='localhost', port=8000) at 0x104947250>, 'Connection to localhost timed out. (connect timeout=None)')",1,2026-08-10T16:55:16Z,2026-08-10T16:55:16Z
GET,/api/v1/games/recent,"ConnectTimeoutError(<HTTPConnection(host='localhost', port=8000) at 0x105dbb150>, 'Connection to localhost timed out. (connect timeout=None)')",1,2026-08-10T16:55:55Z,2026-08-10T16:55:55Z
GET,/api/v1/users/leaderboard,"ConnectTimeoutError(<HTTPConnection(host='localhost', port=8000) at 0x10508f550>, 'Connection to localhost timed out. (connect timeout=None)')",1,2026-08-10T16:55:31Z,2026-08-10T16:55:31Z
GET,/api/v1/games/recent,"ConnectTimeoutError(<HTTPConnection(host='localhost', port=8000) at 0x105236c50>, 'Connection to localhost timed out. (connect timeout=None)')",1,2026-08-10T16:55:32Z,2026-08-10T16:55:32Z
GET,/api/v1/games/recent,"ConnectTimeoutError(<HTTPConnection(host='localhost', port=8000) at 0x105938750>, 'Connection to localhost timed out. (connect timeout=None)')",1,2026-08-10T16:55:47Z,2026-08-10T16:55:47Z
GET,/api/v1/users/leaderboard,"ConnectTimeoutError(<HTTPConnection(host='localhost', port=8000) at 0x105242b50>, 'Connection to localhost timed out. (connect timeout=None)')",1,2026-08-10T16:55:47Z,2026-08-10T16:55:47Z
GET,/api/v1/users/leaderboard,"ConnectTimeoutError(<HTTPConnection(host='localhost', port=8000) at 0x105c9f450>, 'Connection to localhost timed out. (connect timeout=None)')",1,2026-08-10T16:55:55Z,2026-08-10T16:55:55Z
GET,/api/v1/games/recent,"ConnectTimeoutError(<HTTPConnection(host='localhost', port=8000) at 0x10527b450>, 'Connection to localhost timed out. (connect timeout=None)')",1,2026-08-10T16:55:32Z,2026-08-10T16:55:32Z
GET,/api/v1/games/recent,"ConnectTimeoutError(<HTTPConnection(host='localhost', port=8000) at 0x105279350>, 'Connection to localhost timed out. (connect timeout=None)')",1,2026-08-10T16:55:32Z,2026-08-10T16:55:32Z
GET,/api/v1/users/leaderboard,"ConnectTimeoutError(<HTTPConnection(host='localhost', port=8000) at 0x105d5da50>, 'Connection to localhost timed out. (connect timeout=None)')",1,2026-08-10T16:55:55Z,2026-08-10T16:55:55Z
GET,/api/v1/users/leaderboard,"ConnectTimeoutError(<HTTPConnection(host='localhost', port=8000) at 0x105a9d950>, 'Connection to localhost timed out. (connect timeout=None)')",1,2026-08-10T16:55:48Z,2026-08-10T16:55:48Z
GET,/api/v1/games/history,"ConnectTimeoutError(<HTTPConnection(host='localhost', port=8000) at 0x104c69e50>, 'Connection to localhost timed out. (connect timeout=None)')",1,2026-08-10T16:55:23Z,2026-08-10T16:55:23Z
GET,/api/v1/games/history,"ConnectTimeoutError(<HTTPConnection(host='localhost', port=8000) at 0x104fbdd50>, 'Connection to localhost timed out. (connect timeout=None)')",1,2026-08-10T16:55:30Z,2026-08-10T16:55:30Z
GET,/api/v1/games/recent,"ConnectTimeoutError(<HTTPConnection(host='localhost', port=8000) at 0x105250f50>, 'Connection to localhost timed out. (connect timeout=None)')",1,2026-08-10T16:55:32Z,2026-08-10T16:55:32Z
GET,/api/v1/users/leaderboard,"ConnectTimeoutError(<HTTPConnection(host='localhost', port=8000) at 0x106152850>, 'Connection to localhost timed out. (connect timeout=None)')",1,2026-08-10T16:56:03Z,2026-08-10T16:56:03Z
GET,/api/v1/users/leaderboard,"ConnectTimeoutError(<HTTPConnection(host='localhost', port=8000) at 0x105061b50>, 'Connection to localhost timed out. (connect timeout=None)')",1,2026-08-10T16:55:31Z,2026-08-10T16:55:31Z
GET,/api/v1/users/leaderboard,"ConnectTimeoutError(<HTTPConnection(host='localhost', port=8000) at 0x104fbee50>, 'Connection to localhost timed out. (connect timeout=None)')",1,2026-08-10T16:55:30Z,2026-08-10T16:55:30Z
GET,/api/v1/games/recent,"ConnectTimeoutError(<HTTPConnection(host='localhost', port=8000) at 0x105671b50>, 'Connection to localhost timed out. (connect timeout=None)')",1,2026-08-10T16:55:40Z,2026-08-10T16:55:40Z
GET,/api/v1/games/history,"ConnectTimeoutError(<HTTPConnection(host='localhost', port=8000) at 0x1056bc350>, 'Connection to localhost timed out. (connect timeout=None)')",1,2026-08-10T16:55:40Z,2026-08-10T16:55:40Z
GET,/api/v1/games/history,"ConnectTimeoutError(<HTTPConnection(host='localhost', port=8000) at 0x10527a750>, 'Connection to localhost timed out. (connect timeout=None)')",1,2026-08-10T16:55:32Z,2026-08-10T16:55:32Z
GET,/api/v1/users/leaderboard,"ConnectTimeoutError(<HTTPConnection(host='localhost', port=8000) at 0x105d04350>, 'Connection to localhost timed out. (connect timeout=None)')",1,2026-08-10T16:55:55Z,2026-08-10T16:55:55Z
GET,/api/v1/games/history,"ConnectTimeoutError(<HTTPConnection(host='localhost', port=8000) at 0x106199250>, 'Connection to localhost timed out. (connect timeout=None)')",1,2026-08-10T16:56:03Z,2026-08-10T16:56:03Z
GET,/api/v1/users/leaderboard,"ConnectTimeoutError(<HTTPConnection(host='localhost', port=8000) at 0x106153250>, 'Connection to localhost timed out. (connect timeout=None)')",1,2026-08-10T16:56:03Z,2026-08-10T16:56:03Z
GET,/api/v1/users/leaderboard,"ConnectTimeoutError(<HTTPConnection(host='localhost', port=8000) at 0x1055f3050>, 'Connection to localhost timed out. (connect timeout=None)')",1,2026-08-10T16:55:46Z,2026-08-10T16:55:46Z
GET,/api/v1/games/history,"ConnectTimeoutError(<HTTPConnection(host='localhost', port=8000) at 0x103bc4850>, 'Connection to localhost timed out. (connect timeout=None)')",1,2026-08-10T16:55:14Z,2026-08-10T16:55:14Z
GET,/api/v1/games/recent,"ConnectTimeoutError(<HTTPConnection(host='localhost', port=8000) at 0x105529d50>, 'Connection to localhost timed out. (connect timeout=None)')",1,2026-08-10T16:55:39Z,2026-08-10T16:55:39Z
GET,/api/v1/games/recent,"ConnectTimeoutError(<HTTPConnection(host='localhost', port=8000) at 0x104e2ca50>, 'Connection to localhost timed out. (connect timeout=None)')",1,2026-08-10T16:55:24Z,2026-08-10T16:55:24Z
GET,/api/v1/games/recent,"ConnectTimeoutError(<HTTPConnection(host='localhost', port=8000) at 0x104c48d50>, 'Connection to localhost timed out. (connect timeout=None)')",1,2026-08-10T16:55:23Z,2026-08-10T16:55:23Z
GET,/api/v1/users/leaderboard,"ConnectTimeoutError(<HTTPConnection(host='localhost', port=8000) at 0x105b1a050>, 'Connection to localhost timed out. (connect timeout=None)')",1,2026-08-10T16:55:48Z,2026-08-10T16:55:48Z
GET,/api/v1/games/history,"ConnectTimeoutError(<HTTPConnection(host='localhost', port=8000) at 0x105c19850>, 'Connection to localhost timed out. (connect timeout=None)')",1,2026-08-10T16:55:54Z,2026-08-10T16:55:54Z
GET,/api/v1/users/leaderboard,"ConnectTimeoutError(<HTTPConnection(host='localhost', port=8000) at 0x1060dec50>, 'Connection to localhost timed out. (connect timeout=None)')",1,2026-08-10T16:56:02Z,2026-08-10T16:56:02Z
GET,/api/v1/users/leaderboard,"ConnectTimeoutError(<HTTPConnection(host='localhost', port=8000) at 0x105f26850>, 'Connection to localhost timed out. (connect timeout=None)')",1,2026-08-10T16:55:56Z,2026-08-10T16:55:56Z
GET,/api/v1/users/leaderboard,"ConnectTimeoutError(<HTTPConnection(host='localhost', port=8000) at 0x104e16d50>, 'Connection to localhost timed out. (connect timeout=None)')",1,2026-08-10T16:55:24Z,2026-08-10T16:55:24Z
GET,/api/v1/games/recent,"ConnectTimeoutError(<HTTPConnection(host='localhost', port=8000) at 0x1058fee50>, 'Connection to localhost timed out. (connect timeout=None)')",1,2026-08-10T16:55:47Z,2026-08-10T16:55:47Z
GET,/api/v1/games/recent,"ConnectTimeoutError(<HTTPConnection(host='localhost', port=8000) at 0x104fbd750>, 'Connection to localhost timed out. (connect timeout=None)')",1,2026-08-10T16:55:30Z,2026-08-10T16:55:30Z
GET,/api/v1/games/recent,"ConnectTimeoutError(<HTTPConnection(host='localhost', port=8000) at 0x106096050>, 'Connection to localhost timed out. (connect timeout=None)')",1,2026-08-10T16:56:02Z,2026-08-10T16:56:02Z
GET,/api/v1/games/history,"ConnectTimeoutError(<HTTPConnection(host='localhost', port=8000) at 0x105234450>, 'Connection to localhost timed out. (connect timeout=None)')",1,2026-08-10T16:55:32Z,2026-08-10T16:55:32Z
GET,/api/v1/users/leaderboard,"ConnectTimeoutError(<HTTPConnection(host='localhost', port=8000) at 0x105673450>, 'Connection to localhost timed out. (connect timeout=None)')",1,2026-08-10T16:55:40Z,2026-08-10T16:55:40Z
GET,/api/v1/games/history,"ConnectTimeoutError(<HTTPConnection(host='localhost', port=8000) at 0x104c6b950>, 'Connection to localhost timed out. (connect timeout=None)')",1,2026-08-10T16:55:23Z,2026-08-10T16:55:23Z
GET,/api/v1/games/recent,"ConnectTimeoutError(<HTTPConnection(host='localhost', port=8000) at 0x105253950>, 'Connection to localhost timed out. (connect timeout=None)')",1,2026-08-10T16:55:32Z,2026-08-10T16:55:32Z
GET,/api/v1/users/leaderboard,"ConnectTimeoutError(<HTTPConnection(host='localhost', port=8000) at 0x105d24450>, 'Connection to localhost timed out. (connect timeout=None)')",1,2026-08-10T16:55:55Z,2026-08-10T16:55:55Z
GET,/api/v1/games/recent,"ConnectTimeoutError(<HTTPConnection(host='localhost', port=8000) at 0x105d26a50>, 'Connection to localhost timed out. (connect timeout=None)')",1,2026-08-10T16:55:55Z,2026-08-10T16:55:55Z
GET,/api/v1/users/leaderboard,"ConnectTimeoutError(<HTTPConnection(host='localhost', port=8000) at 0x103f93150>, 'Connection to localhost timed out. (connect timeout=None)')",1,2026-08-10T16:55:14Z,2026-08-10T16:55:14Z
GET,/api/v1/users/leaderboard,"ConnectTimeoutError(<HTTPConnection(host='localhost', port=8000) at 0x1050b1c50>, 'Connection to localhost timed out. (connect timeout=None)')",1,2026-08-10T16:55:31Z,2026-08-10T16:55:31Z
GET,/api/v1/users/leaderboard,"ConnectTimeoutError(<HTTPConnection(host='localhost', port=8000) at 0x105243b50>, 'Connection to localhost timed out. (connect timeout=None)')",1,2026-08-10T16:55:47Z,2026-08-10T16:55:47Z
GET,/api/v1/users/leaderboard,"ConnectTimeoutError(<HTTPConnection(host='localhost', port=8000) at 0x105ee9150>, 'Connection to localhost timed out. (connect timeout=None)')",1,2026-08-10T16:55:56Z,2026-08-10T16:55:56Z
GET,/api/v1/games/history,"ConnectTimeoutError(<HTTPConnection(host='localhost', port=8000) at 0x104395250>, 'Connection to localhost timed out. (connect timeout=None)')",1,2026-08-10T16:55:14Z,2026-08-10T16:55:14Z
GET,/api/v1/games/recent,"ConnectTimeoutError(<HTTPConnection(host='localhost', port=8000) at 0x105d5ca50>, 'Connection to localhost timed out. (connect timeout=None)')",1,2026-08-10T16:55:55Z,2026-08-10T16:55:55Z
GET,/api/v1/games/history,"ConnectTimeoutError(<HTTPConnection(host='localhost', port=8000) at 0x105844750>, 'Connection to localhost timed out. (connect timeout=None)')",1,2026-08-10T16:55:46Z,2026-08-10T16:55:46Z
GET,/api/v1/users/leaderboard,"ConnectTimeoutError(<HTTPConnection(host='localhost', port=8000) at 0x105f7e250>, 'Connection to localhost timed out. (connect timeout=None)')",1,2026-08-10T16:55:56Z,2026-08-10T16:55:56Z
GET,/api/v1/users/leaderboard,"ConnectTimeoutError(<HTTPConnection(host='localhost', port=8000) at 0x105b1a450>, 'Connection to localhost timed out. (connect timeout=None)')",1,2026-08-10T16:55:48Z,2026-08-10T16:55:48Z
GET,/api/v1/games/recent,"ConnectTimeoutError(<HTTPConnection(host='localhost', port=8000) at 0x103bc6350>, 'Connection to localhost timed out. (connect timeout=None)')",1,2026-08-10T16:55:15Z,2026-08-10T16:55:15Z
GET,/api/v1/users/leaderboard,"ConnectTimeoutError(<HTTPConnection(host='localhost', port=8000) at 0x103a76050>, 'Connection to localhost timed out. (connect timeout=None)')",1,2026-08-10T16:55:15Z,2026-08-10T16:55:15Z
GET,/api/v1/games/history,"ConnectTimeoutError(<HTTPConnection(host='localhost', port=8000) at 0x103ae0150>, 'Connection to localhost timed out. (connect timeout=None)')",1,2026-08-10T16:55:15Z,2026-08-10T16:55:15Z
GET,/api/v1/users/leaderboard,"ConnectTimeoutError(<HTTPConnection(host='localhost', port=8000) at 0x10619bb50>, 'Connection to localhost timed out. (connect timeout=None)')",1,2026-08-10T16:56:03Z,2026-08-10T16:56:03Z
GET,/api/v1/games/recent,"ConnectTimeoutError(<HTTPConnection(host='localhost', port=8000) at 0x10549b450>, 'Connection to localhost timed out. (connect timeout=None)')",1,2026-08-10T16:55:39Z,2026-08-10T16:55:39Z
GET,/api/v1/users/leaderboard,"ConnectTimeoutError(<HTTPConnection(host='localhost', port=8000) at 0x104a31a50>, 'Connection to localhost timed out. (connect timeout=None)')",1,2026-08-10T16:55:16Z,2026-08-10T16:55:16Z
GET,/api/v1/games/recent,"ConnectTimeoutError(<HTTPConnection(host='localhost', port=8000) at 0x1054ef450>, 'Connection to localhost timed out. (connect timeout=None)')",1,2026-08-10T16:55:39Z,2026-08-10T16:55:39Z
GET,/api/v1/games/recent,"ConnectTimeoutError(<HTTPConnection(host='localhost', port=8000) at 0x105701350>, 'Connection to localhost timed out. (connect timeout=None)')",1,2026-08-10T16:55:40Z,2026-08-10T16:55:40Z
GET,/api/v1/games/history,"ConnectTimeoutError(<HTTPConnection(host='localhost', port=8000) at 0x104a32f50>, 'Connection to localhost timed out. (connect timeout=None)')",1,2026-08-10T16:55:16Z,2026-08-10T16:55:16Z
GET,/api/v1/games/history,"ConnectTimeoutError(<HTTPConnection(host='localhost', port=8000) at 0x105a4ed50>, 'Connection to localhost timed out. (connect timeout=None)')",1,2026-08-10T16:55:48Z,2026-08-10T16:55:48Z
GET,/api/v1/users/leaderboard,"ConnectTimeoutError(<HTTPConnection(host='localhost', port=8000) at 0x104f4f750>, 'Connection to localhost timed out. (connect timeout=None)')",1,2026-08-10T16:55:30Z,2026-08-10T16:55:30Z
GET,/api/v1/users/leaderboard,"ConnectTimeoutError(<HTTPConnection(host='localhost', port=8000) at 0x105279950>, 'Connection to localhost timed out. (connect timeout=None)')",1,2026-08-10T16:55:32Z,2026-08-10T16:55:32Z
GET,/api/v1/users/leaderboard,"ConnectTimeoutError(<HTTPConnection(host='localhost', port=8000) at 0x10508d750>, 'Connection to localhost timed out. (connect timeout=None)')",1,2026-08-10T16:55:31Z,2026-08-10T16:55:31Z
GET,/api/v1/games/recent,"ConnectTimeoutError(<HTTPConnection(host='localhost', port=8000) at 0x104debd50>, 'Connection to localhost timed out. (connect timeout=None)')",1,2026-08-10T16:55:24Z,2026-08-10T16:55:24Z
GET,/api/v1/games/history,"ConnectTimeoutError(<HTTPConnection(host='localhost', port=8000) at 0x1058fe550>, 'Connection to localhost timed out. (connect timeout=None)')",1,2026-08-10T16:55:47Z,2026-08-10T16:55:47Z
GET,/api/v1/users/leaderboard,"ConnectTimeoutError(<HTTPConnection(host='localhost', port=8000) at 0x105f25f50>, 'Connection to localhost timed out. (connect timeout=None)')",1,2026-08-10T16:55:56Z,2026-08-10T16:55:56Z
GET,/api/v1/users/leaderboard,"ConnectTimeoutError(<HTTPConnection(host='localhost', port=8000) at 0x105939c50>, 'Connection to localhost timed out. (connect timeout=None)')",1,2026-08-10T16:55:47Z,2026-08-10T16:55:47Z
GET,/api/v1/users/leaderboard,"ConnectTimeoutError(<HTTPConnection(host='localhost', port=8000) at 0x10612d950>, 'Connection to localhost timed out. (connect timeout=None)')",1,2026-08-10T16:56:03Z,2026-08-10T16:56:03Z
GET,/api/v1/users/leaderboard,"ConnectTimeoutError(<HTTPConnection(host='localhost', port=8000) at 0x104deab50>, 'Connection to localhost timed out. (connect timeout=None)')",1,2026-08-10T16:55:24Z,2026-08-10T16:55:24Z
GET,/api/v1/games/recent,"ConnectTimeoutError(<HTTPConnection(host='localhost', port=8000) at 0x10575a150>, 'Connection to localhost timed out. (connect timeout=None)')",1,2026-08-10T16:55:40Z,2026-08-10T16:55:40Z
GET,/api/v1/users/leaderboard,"ConnectTimeoutError(<HTTPConnection(host='localhost', port=8000) at 0x104fbc850>, 'Connection to localhost timed out. (connect timeout=None)')",1,2026-08-10T16:55:30Z,2026-08-10T16:55:30Z
GET,/api/v1/users/leaderboard,"ConnectTimeoutError(<HTTPConnection(host='localhost', port=8000) at 0x1055f3850>, 'Connection to localhost timed out. (connect timeout=None)')",1,2026-08-10T16:55:40Z,2026-08-10T16:55:40Z
GET,/api/v1/games/recent,"ConnectTimeoutError(<HTTPConnection(host='localhost', port=8000) at 0x1038bfa50>, 'Connection to localhost timed out. (connect timeout=None)')",1,2026-08-10T16:55:15Z,2026-08-10T16:55:15Z
GET,/api/v1/games/history,"ConnectTimeoutError(<HTTPConnection(host='localhost', port=8000) at 0x1053eec50>, 'Connection to localhost timed out. (connect timeout=None)')",1,2026-08-10T16:55:38Z,2026-08-10T16:55:38Z
GET,/api/v1/games/history,"ConnectTimeoutError(<HTTPConnection(host='localhost', port=8000) at 0x1046cfa50>, 'Connection to localhost timed out. (connect timeout=None)')",1,2026-08-10T16:55:16Z,2026-08-10T16:55:16Z
GET,/api/v1/users/leaderboard,"ConnectTimeoutError(<HTTPConnection(host='localhost', port=8000) at 0x105f7e650>, 'Connection to localhost timed out. (connect timeout=None)')",1,2026-08-10T16:55:56Z,2026-08-10T16:55:56Z
GET,/api/v1/users/leaderboard,"ConnectTimeoutError(<HTTPConnection(host='localhost', port=8000) at 0x103a1a450>, 'Connection to localhost timed out. (connect timeout=None)')",1,2026-08-10T16:55:15Z,2026-08-10T16:55:15Z
GET,/api/v1/games/recent,"ConnectTimeoutError(<HTTPConnection(host='localhost', port=8000) at 0x104c6a750>, 'Connection to localhost timed out. (connect timeout=None)')",1,2026-08-10T16:55:23Z,2026-08-10T16:55:23Z
GET,/api/v1/games/history,"ConnectTimeoutError(<HTTPConnection(host='localhost', port=8000) at 0x1056be050>, 'Connection to localhost timed out. (connect timeout=None)')",1,2026-08-10T16:55:40Z,2026-08-10T16:55:40Z
GET,/api/v1/users/leaderboard,"ConnectTimeoutError(<HTTPConnection(host='localhost', port=8000) at 0x104bde350>, 'Connection to localhost timed out. (connect timeout=None)')",1,2026-08-10T16:55:23Z,2026-08-10T16:55:23Z
GET,/api/v1/users/leaderboard,"ConnectTimeoutError(<HTTPConnection(host='localhost', port=8000) at 0x105a4f850>, 'Connection to localhost timed out. (connect timeout=None)')",1,2026-08-10T16:55:48Z,2026-08-10T16:55:48Z
GET,/api/v1/users/leaderboard,"ConnectTimeoutError(<HTTPConnection(host='localhost', port=8000) at 0x105a9c450>, 'Connection to localhost timed out. (connect timeout=None)')",1,2026-08-10T16:55:48Z,2026-08-10T16:55:48Z
GET,/api/v1/users/leaderboard,"ConnectTimeoutError(<HTTPConnection(host='localhost', port=8000) at 0x1057e3150>, 'Connection to localhost timed out. (connect timeout=None)')",1,2026-08-10T16:55:46Z,2026-08-10T16:55:46Z
GET,/api/v1/users/leaderboard,"ConnectTimeoutError(<HTTPConnection(host='localhost', port=8000) at 0x104c6a250>, 'Connection to localhost timed out. (connect timeout=None)')",1,2026-08-10T16:55:23Z,2026-08-10T16:55:23Z
GET,/api/v1/games/history,"ConnectTimeoutError(<HTTPConnection(host='localhost', port=8000) at 0x105f25150>, 'Connection to localhost timed out. (connect timeout=None)')",1,2026-08-10T16:55:56Z,2026-08-10T16:55:56Z
GET,/api/v1/users/leaderboard,"ConnectTimeoutError(<HTTPConnection(host='localhost', port=8000) at 0x1053ec050>, 'Connection to localhost timed out. (connect timeout=None)')",1,2026-08-10T16:55:38Z,2026-08-10T16:55:38Z
GET,/api/v1/games/history,"ConnectTimeoutError(<HTTPConnection(host='localhost', port=8000) at 0x105acc450>, 'Connection to localhost timed out. (connect timeout=None)')",1,2026-08-10T16:55:48Z,2026-08-10T16:55:48Z
GET,/api/v1/games/history,"ConnectTimeoutError(<HTTPConnection(host='localhost', port=8000) at 0x105b1ac50>, 'Connection to localhost timed out. (connect timeout=None)')",1,2026-08-10T16:55:48Z,2026-08-10T16:55:48Z
GET,/api/v1/games/recent,"ConnectTimeoutError(<HTTPConnection(host='localhost', port=8000) at 0x1060dee50>, 'Connection to localhost timed out. (connect timeout=None)')",1,2026-08-10T16:56:02Z,2026-08-10T16:56:02Z
GET,/api/v1/games/history,"ConnectTimeoutError(<HTTPConnection(host='localhost', port=8000) at 0x105d5c650>, 'Connection to localhost timed out. (connect timeout=None)')",1,2026-08-10T16:55:55Z,2026-08-10T16:55:55Z
GET,/api/v1/games/history,"ConnectTimeoutError(<HTTPConnection(host='localhost', port=8000) at 0x104f4fe50>, 'Connection to localhost timed out. (connect timeout=None)')",1,2026-08-10T16:55:30Z,2026-08-10T16:55:30Z
GET,/api/v1/games/recent,"ConnectTimeoutError(<HTTPConnection(host='localhost', port=8000) at 0x105a9cf50>, 'Connection to localhost timed out. (connect timeout=None)')",1,2026-08-10T16:55:48Z,2026-08-10T16:55:48Z
GET,/api/v1/games/history,"ConnectTimeoutError(<HTTPConnection(host='localhost', port=8000) at 0x1054ec850>, 'Connection to localhost timed out. (connect timeout=None)')",1,2026-08-10T16:55:39Z,2026-08-10T16:55:39Z
GET,/api/v1/users/leaderboard,"ConnectTimeoutError(<HTTPConnection(host='localhost', port=8000) at 0x1052b1c50>, 'Connection to localhost timed out. (connect timeout=None)')",1,2026-08-10T16:55:32Z,2026-08-10T16:55:32Z
GET,/api/v1/games/history,"ConnectTimeoutError(<HTTPConnection(host='localhost', port=8000) at 0x10549ae50>, 'Connection to localhost timed out. (connect timeout=None)')",1,2026-08-10T16:55:39Z,2026-08-10T16:55:39Z
GET,/api/v1/users/leaderboard,"ConnectTimeoutError(<HTTPConnection(host='localhost', port=8000) at 0x1049c5850>, 'Connection to localhost timed out. (connect timeout=None)')",1,2026-08-10T16:55:16Z,2026-08-10T16:55:16Z
GET,/api/v1/users/leaderboard,"ConnectTimeoutError(<HTTPConnection(host='localhost', port=8000) at 0x106236050>, 'Connection to localhost timed out. (connect timeout=None)')",1,2026-08-10T16:56:03Z,2026-08-10T16:56:03Z
GET,/api/v1/games/history,"ConnectTimeoutError(<HTTPConnection(host='localhost', port=8000) at 0x104fbc150>, 'Connection to localhost timed out. (connect timeout=None)')",1,2026-08-10T16:55:30Z,2026-08-10T16:55:30Z
GET,/api/v1/users/leaderboard,"ConnectTimeoutError(<HTTPConnection(host='localhost', port=8000) at 0x106094750>, 'Connection to localhost timed out. (connect timeout=None)')",1,2026-08-10T16:56:02Z,2026-08-10T16:56:02Z
GET,/api/v1/games/recent,"ConnectTimeoutError(<HTTPConnection(host='localhost', port=8000) at 0x103f92350>, 'Connection to localhost timed out. (connect timeout=None)')",1,2026-08-10T16:55:14Z,2026-08-10T16:55:14Z
GET,/api/v1/games/recent,"ConnectTimeoutError(<HTTPConnection(host='localhost', port=8000) at 0x1052b2050>, 'Connection to localhost timed out. (connect timeout=None)')",1,2026-08-10T16:55:32Z,2026-08-10T16:55:32Z
GET,/api/v1/users/leaderboard,"ConnectTimeoutError(<HTTPConnection(host='localhost', port=8000) at 0x105978550>, 'Connection to localhost timed out. (connect timeout=None)')",1,2026-08-10T16:55:47Z,2026-08-10T16:55:47Z
GET,/api/v1/games/history,"ConnectTimeoutError(<HTTPConnection(host='localhost', port=8000) at 0x1050e5750>, 'Connection to localhost timed out. (connect timeout=None)')",1,2026-08-10T16:55:31Z,2026-08-10T16:55:31Z
GET,/api/v1/users/leaderboard,"ConnectTimeoutError(<HTTPConnection(host='localhost', port=8000) at 0x1054ecd50>, 'Connection to localhost timed out. (connect timeout=None)')",1,2026-08-10T16:55:39Z,2026-08-10T16:55:39Z
GET,/api/v1/games/recent,"ConnectTimeoutError(<HTTPConnection(host='localhost', port=8000) at 0x1061e6c50>, 'Connection to localhost timed out. (connect timeout=None)')",1,2026-08-10T16:56:03Z,2026-08-10T16:56:03Z
GET,/api/v1/users/leaderboard,"ConnectTimeoutError(<HTTPConnection(host='localhost', port=8000) at 0x1049d8350>, 'Connection to localhost timed out. (connect timeout=None)')",1,2026-08-10T16:55:22Z,2026-08-10T16:55:22Z
GET,/api/v1/games/history,"ConnectTimeoutError(<HTTPConnection(host='localhost', port=8000) at 0x10597b050>, 'Connection to localhost timed out. (connect timeout=None)')",1,2026-08-10T16:55:47Z,2026-08-10T16:55:47Z
GET,/api/v1/users/leaderboard,"ConnectTimeoutError(<HTTPConnection(host='localhost', port=8000) at 0x104c48450>, 'Connection to localhost timed out. (connect timeout=None)')",1,2026-08-10T16:55:23Z,2026-08-10T16:55:23Z
GET,/api/v1/games/history,"ConnectTimeoutError(<HTTPConnection(host='localhost', port=8000) at 0x104396d50>, 'Connection to localhost timed out. (connect timeout=None)')",1,2026-08-10T16:55:15Z,2026-08-10T16:55:15Z
GET,/api/v1/games/recent,"ConnectTimeoutError(<HTTPConnection(host='localhost', port=8000) at 0x1046ce150>, 'Connection to localhost timed out. (connect timeout=None)')",1,2026-08-10T16:55:15Z,2026-08-10T16:55:15Z
GET,/api/v1/games/history,"ConnectTimeoutError(<HTTPConnection(host='localhost', port=8000) at 0x103f92750>, 'Connection to localhost timed out. (connect timeout=None)')",1,2026-08-10T16:55:14Z,2026-08-10T16:55:14Z
GET,/api/v1/users/leaderboard,"ConnectTimeoutError(<HTTPConnection(host='localhost', port=8000) at 0x106199750>, 'Connection to localhost timed out. (connect timeout=None)')",1,2026-08-10T16:56:03Z,2026-08-10T16:56:03Z
GET,/api/v1/users/leaderboard,"ConnectTimeoutError(<HTTPConnection(host='localhost', port=8000) at 0x105a9d750>, 'Connection to localhost timed out. (connect timeout=None)')",1,2026-08-10T16:55:48Z,2026-08-10T16:55:48Z
GET,/api/v1/games/recent,"ConnectTimeoutError(<HTTPConnection(host='localhost', port=8000) at 0x1050e4050>, 'Connection to localhost timed out. (connect timeout=None)')",1,2026-08-10T16:55:31Z,2026-08-10T16:55:31Z
GET,/api/v1/users/leaderboard,"ConnectTimeoutError(<HTTPConnection(host='localhost', port=8000) at 0x104fbd050>, 'Connection to localhost timed out. (connect timeout=None)')",1,2026-08-10T16:55:30Z,2026-08-10T16:55:30Z
GET,/api/v1/users/leaderboard,"ConnectTimeoutError(<HTTPConnection(host='localhost', port=8000) at 0x105f24950>, 'Connection to localhost timed out. (connect timeout=None)')",1,2026-08-10T16:55:56Z,2026-08-10T16:55:56Z
GET,/api/v1/games/history,"ConnectTimeoutError(<HTTPConnection(host='localhost', port=8000) at 0x10508fa50>, 'Connection to localhost timed out. (connect timeout=None)')",1,2026-08-10T16:55:31Z,2026-08-10T16:55:31Z
GET,/api/v1/users/leaderboard,"ConnectTimeoutError(<HTTPConnection(host='localhost', port=8000) at 0x104395850>, 'Connection to localhost timed out. (connect timeout=None)')",1,2026-08-10T16:55:15Z,2026-08-10T16:55:15Z
GET,/api/v1/users/leaderboard,"ConnectTimeoutError(<HTTPConnection(host='localhost', port=8000) at 0x104fbfb50>, 'Connection to localhost timed out. (connect timeout=None)')",1,2026-08-10T16:55:30Z,2026-08-10T16:55:30Z
GET,/api/v1/users/leaderboard,"ConnectTimeoutError(<HTTPConnection(host='localhost', port=8000) at 0x105672650>, 'Connection to localhost timed out. (connect timeout=None)')",1,2026-08-10T16:55:40Z,2026-08-10T16:55:40Z
GET,/api/v1/games/history,"ConnectTimeoutError(<HTTPConnection(host='localhost', port=8000) at 0x1058ffb50>, 'Connection to localhost timed out. (connect timeout=None)')",1,2026-08-10T16:55:47Z,2026-08-10T16:55:47Z
GET,/api/v1/users/leaderboard,"ConnectTimeoutError(<HTTPConnection(host='localhost', port=8000) at 0x105939250>, 'Connection to localhost timed out. (connect timeout=None)')",1,2026-08-10T16:55:47Z,2026-08-10T16:55:47Z
GET,/api/v1/games/history,"ConnectTimeoutError(<HTTPConnection(host='localhost', port=8000) at 0x10508f350>, 'Connection to localhost timed out. (connect timeout=None)')",1,2026-08-10T16:55:31Z,2026-08-10T16:55:31Z
GET,/api/v1/users/leaderboard,"ConnectTimeoutError(<HTTPConnection(host='localhost', port=8000) at 0x1049db150>, 'Connection to localhost timed out. (connect timeout=None)')",1,2026-08-10T16:55:22Z,2026-08-10T16:55:22Z
GET,/api/v1/games/history,"ConnectTimeoutError(<HTTPConnection(host='localhost', port=8000) at 0x105e77950>, 'Connection to localhost timed out. (connect timeout=None)')",1,2026-08-10T16:55:56Z,2026-08-10T16:55:56Z
GET,/api/v1/games/recent,"ConnectTimeoutError(<HTTPConnection(host='localhost', port=8000) at 0x1060dc450>, 'Connection to localhost timed out. (connect timeout=None)')",1,2026-08-10T16:56:02Z,2026-08-10T16:56:02Z
GET,/api/v1/users/leaderboard,"ConnectTimeoutError(<HTTPConnection(host='localhost', port=8000) at 0x104c68250>, 'Connection to localhost timed out. (connect timeout=None)')",1,2026-08-10T16:55:23Z,2026-08-10T16:55:23Z
GET,/api/v1/users/leaderboard,"ConnectTimeoutError(<HTTPConnection(host='localhost', port=8000) at 0x1054ee650>, 'Connection to localhost timed out. (connect timeout=None)')",1,2026-08-10T16:55:39Z,2026-08-10T16:55:39Z
GET,/api/v1/games/recent,"ConnectTimeoutError(<HTTPConnection(host='localhost', port=8000) at 0x1060df750>, 'Connection to localhost timed out. (connect timeout=None)')",1,2026-08-10T16:56:02Z,2026-08-10T16:56:02Z
GET,/api/v1/games/recent,"ConnectTimeoutError(<HTTPConnection(host='localhost', port=8000) at 0x105846350>, 'Connection to localhost timed out. (connect timeout=None)')",1,2026-08-10T16:55:46Z,2026-08-10T16:55:46Z
GET,/api/v1/games/recent,"ConnectTimeoutError(<HTTPConnection(host='localhost', port=8000) at 0x105978150>, 'Connection to localhost timed out. (connect timeout=None)')",1,2026-08-10T16:55:47Z,2026-08-10T16:55:47Z
GET,/api/v1/games/history,"ConnectTimeoutError(<HTTPConnection(host='localhost', port=8000) at 0x105690c50>, 'Connection to localhost timed out. (connect timeout=None)')",1,2026-08-10T16:55:40Z,2026-08-10T16:55:40Z
GET,/api/v1/users/leaderboard,"ConnectTimeoutError(<HTTPConnection(host='localhost', port=8000) at 0x1046ccf50>, 'Connection to localhost timed out. (connect timeout=None)')",1,2026-08-10T16:55:15Z,2026-08-10T16:55:15Z
GET,/api/v1/users/leaderboard,"ConnectTimeoutError(<HTTPConnection(host='localhost', port=8000) at 0x104fbf650>, 'Connection to localhost timed out. (connect timeout=None)')",1,2026-08-10T16:55:30Z,2026-08-10T16:55:30Z
GET,/api/v1/games/recent,"ConnectTimeoutError(<HTTPConnection(host='localhost', port=8000) at 0x105237d50>, 'Connection to localhost timed out. (connect timeout=None)')",1,2026-08-10T16:55:32Z,2026-08-10T16:55:32Z
GET,/api/v1/users/leaderboard,"ConnectTimeoutError(<HTTPConnection(host='localhost', port=8000) at 0x103bc5750>, 'Connection to localhost timed out. (connect timeout=None)')",1,2026-08-10T16:55:14Z,2026-08-10T16:55:14Z
GET,/api/v1/games/recent,"ConnectTimeoutError(<HTTPConnection(host='localhost', port=8000) at 0x104bdf750>, 'Connection to localhost timed out. (connect timeout=None)')",1,2026-08-10T16:55:23Z,2026-08-10T16:55:23Z
GET,/api/v1/users/leaderboard,"ConnectTimeoutError(<HTTPConnection(host='localhost', port=8000) at 0x105691f50>, 'Connection to localhost timed out. (connect timeout=None)')",1,2026-08-10T16:55:40Z,2026-08-10T16:55:40Z
GET,/api/v1/games/recent,"ConnectTimeoutError(<HTTPConnection(host='localhost', port=8000) at 0x1054ba350>, 'Connection to localhost timed out. (connect timeout=None)')",1,2026-08-10T16:55:39Z,2026-08-10T16:55:39Z
GET,/api/v1/users/leaderboard,"ConnectTimeoutError(<HTTPConnection(host='localhost', port=8000) at 0x104883a50>, 'Connection to localhost timed out. (connect timeout=None)')",1,2026-08-10T16:55:16Z,2026-08-10T16:55:16Z
GET,/api/v1/games/history,"ConnectTimeoutError(<HTTPConnection(host='localhost', port=8000) at 0x104c48b50>, 'Connection to localhost timed out. (connect timeout=None)')",1,2026-08-10T16:55:23Z,2026-08-10T16:55:23Z
GET,/api/v1/users/leaderboard,"ConnectTimeoutError(<HTTPConnection(host='localhost', port=8000) at 0x105701950>, 'Connection to localhost timed out. (connect timeout=None)')",1,2026-08-10T16:55:40Z,2026-08-10T16:55:40Z
GET,/api/v1/games/history,"ConnectTimeoutError(<HTTPConnection(host='localhost', port=8000) at 0x105242350>, 'Connection to localhost timed out. (connect timeout=None)')",1,2026-08-10T16:55:47Z,2026-08-10T16:55:47Z
GET,/api/v1/games/recent,"ConnectTimeoutError(<HTTPConnection(host='localhost', port=8000) at 0x104fbce50>, 'Connection to localhost timed out. (connect timeout=None)')",1,2026-08-10T16:55:30Z,2026-08-10T16:55:30Z
GET,/api/v1/games/recent,"ConnectTimeoutError(<HTTPConnection(host='localhost', port=8000) at 0x105b1b650>, 'Connection to localhost timed out. (connect timeout=None)')",1,2026-08-10T16:55:48Z,2026-08-10T16:55:48Z
GET,/api/v1/games/recent,"ConnectTimeoutError(<HTTPConnection(host='localhost', port=8000) at 0x10549aa50>, 'Connection to localhost timed out. (connect timeout=None)')",1,2026-08-10T16:55:39Z,2026-08-10T16:55:39Z
GET,/api/v1/games/recent,"ConnectTimeoutError(<HTTPConnection(host='localhost', port=8000) at 0x105670050>, 'Connection to localhost timed out. (connect timeout=None)')",1,2026-08-10T16:55:40Z,2026-08-10T16:55:40Z
GET,/api/v1/users/leaderboard,"ConnectTimeoutError(<HTTPConnection(host='localhost', port=8000) at 0x105eb8f50>, 'Connection to localhost timed out. (connect timeout=None)')",1,2026-08-10T16:55:56Z,2026-08-10T16:55:56Z
GET,/api/v1/games/recent,"ConnectTimeoutError(<HTTPConnection(host='localhost', port=8000) at 0x104947550>, 'Connection to localhost timed out. (connect timeout=None)')",1,2026-08-10T16:55:16Z,2026-08-10T16:55:16Z
GET,/api/v1/games/recent,"ConnectTimeoutError(<HTTPConnection(host='localhost', port=8000) at 0x1060dfe50>, 'Connection to localhost timed out. (connect timeout=None)')",1,2026-08-10T16:56:03Z,2026-08-10T16:56:03Z
GET,/api/v1/games/history,"ConnectTimeoutError(<HTTPConnection(host='localhost', port=8000) at 0x105499d50>, 'Connection to localhost timed out. (connect timeout=None)')",1,2026-08-10T16:55:39Z,2026-08-10T16:55:39Z
GET,/api/v1/games/history,"ConnectTimeoutError(<HTTPConnection(host='localhost', port=8000) at 0x105d07a50>, 'Connection to localhost timed out. (connect timeout=None)')",1,2026-08-10T16:55:55Z,2026-08-10T16:55:55Z
GET,/api/v1/games/recent,"ConnectTimeoutError(<HTTPConnection(host='localhost', port=8000) at 0x104e16350>, 'Connection to localhost timed out. (connect timeout=None)')",1,2026-08-10T16:55:24Z,2026-08-10T16:55:24Z
GET,/api/v1/games/recent,"ConnectTimeoutError(<HTTPConnection(host='localhost', port=8000) at 0x105242750>, 'Connection to localhost timed out. (connect timeout=None)')",1,2026-08-10T16:55:47Z,2026-08-10T16:55:47Z
GET,/api/v1/games/recent,"ConnectTimeoutError(<HTTPConnection(host='localhost', port=8000) at 0x104e14850>, 'Connection to localhost timed out. (connect timeout=None)')",1,2026-08-10T16:55:24Z,2026-08-10T16:55:24Z
GET,/api/v1/users/leaderboard,"ConnectTimeoutError(<HTTPConnection(host='localhost', port=8000) at 0x1053ef650>, 'Connection to localhost timed out. (connect timeout=None)')",1,2026-08-10T16:55:38Z,2026-08-10T16:55:38Z
GET,/api/v1/users/leaderboard,"ConnectTimeoutError(<HTTPConnection(host='localhost', port=8000) at 0x105e76650>, 'Connection to localhost timed out. (connect timeout=None)')",1,2026-08-10T16:55:56Z,2026-08-10T16:55:56Z
GET,/api/v1/users/leaderboard,"ConnectTimeoutError(<HTTPConnection(host='localhost', port=8000) at 0x104e2e250>, 'Connection to localhost timed out. (connect timeout=None)')",1,2026-08-10T16:55:24Z,2026-08-10T16:55:24Z
GET,/api/v1/users/leaderboard,"ConnectTimeoutError(<HTTPConnection(host='localhost', port=8000) at 0x105874950>, 'Connection to localhost timed out. (connect timeout=None)')",1,2026-08-10T16:55:46Z,2026-08-10T16:55:46Z
GET,/api/v1/users/leaderboard,"ConnectTimeoutError(<HTTPConnection(host='localhost', port=8000) at 0x103f92e50>, 'Connection to localhost timed out. (connect timeout=None)')",1,2026-08-10T16:55:14Z,2026-08-10T16:55:14Z
GET,/api/v1/users/leaderboard,"ConnectTimeoutError(<HTTPConnection(host='localhost', port=8000) at 0x104c6a550>, 'Connection to localhost timed out. (connect timeout=None)')",1,2026-08-10T16:55:23Z,2026-08-10T16:55:23Z
GET,/api/v1/users/leaderboard,"ConnectTimeoutError(<HTTPConnection(host='localhost', port=8000) at 0x105499b50>, 'Connection to localhost timed out. (connect timeout=None)')",1,2026-08-10T16:55:39Z,2026-08-10T16:55:39Z
GET,/api/v1/users/leaderboard,"ConnectTimeoutError(<HTTPConnection(host='localhost', port=8000) at 0x105ee9450>, 'Connection to localhost timed out. (connect timeout=None)')",1,2026-08-10T16:55:56Z,2026-08-10T16:55:56Z
GET,/api/v1/games/recent,"ConnectTimeoutError(<HTTPConnection(host='localhost', port=8000) at 0x1061e5550>, 'Connection to localhost timed out. (connect timeout=None)')",1,2026-08-10T16:56:03Z,2026-08-10T16:56:03Z
GET,/api/v1/users/leaderboard,"ConnectTimeoutError(<HTTPConnection(host='localhost', port=8000) at 0x106152d50>, 'Connection to localhost timed out. (connect timeout=None)')",1,2026-08-10T16:56:03Z,2026-08-10T16:56:03Z
GET,/api/v1/users/leaderboard,"ConnectTimeoutError(<HTTPConnection(host='localhost', port=8000) at 0x105063950>, 'Connection to localhost timed out. (connect timeout=None)')",1,2026-08-10T16:55:31Z,2026-08-10T16:55:31Z
GET,/api/v1/games/history,"ConnectTimeoutError(<HTTPConnection(host='localhost', port=8000) at 0x1046cc950>, 'Connection to localhost timed out. (connect timeout=None)')",1,2026-08-10T16:55:15Z,2026-08-10T16:55:15Z
GET,/api/v1/users/leaderboard,"ConnectTimeoutError(<HTTPConnection(host='localhost', port=8000) at 0x104395b50>, 'Connection to localhost timed out. (connect timeout=None)')",1,2026-08-10T16:55:15Z,2026-08-10T16:55:15Z
GET,/api/v1/users/leaderboard,"ConnectTimeoutError(<HTTPConnection(host='localhost', port=8000) at 0x104e14a50>, 'Connection to localhost timed out. (connect timeout=None)')",1,2026-08-10T16:55:24Z,2026-08-10T16:55:24Z
GET,/api/v1/games/history,"ConnectTimeoutError(<HTTPConnection(host='localhost', port=8000) at 0x104bdef50>, 'Connection to localhost timed out. (connect timeout=None)')",1,2026-08-10T16:55:23Z,2026-08-10T16:55:23Z
GET,/api/v1/users/leaderboard,"ConnectTimeoutError(<HTTPConnection(host='localhost', port=8000) at 0x1050e6450>, 'Connection to localhost timed out. (connect timeout=None)')",1,2026-08-10T16:55:31Z,2026-08-10T16:55:31Z
GET,/api/v1/users/leaderboard,"ConnectTimeoutError(<HTTPConnection(host='localhost', port=8000) at 0x104fbda50>, 'Connection to localhost timed out. (connect timeout=None)')",1,2026-08-10T16:55:30Z,2026-08-10T16:55:30Z
GET,/api/v1/users/leaderboard,"ConnectTimeoutError(<HTTPConnection(host='localhost', port=8000) at 0x104fe9150>, 'Connection to localhost timed out. (connect timeout=None)')",1,2026-08-10T16:55:30Z,2026-08-10T16:55:30Z
GET,/api/v1/games/recent,"ConnectTimeoutError(<HTTPConnection(host='localhost', port=8000) at 0x106152450>, 'Connection to localhost timed out. (connect timeout=None)')",1,2026-08-10T16:56:03Z,2026-08-10T16:56:03Z
GET,/api/v1/users/leaderboard,"ConnectTimeoutError(<HTTPConnection(host='localhost', port=8000) at 0x105d06850>, 'Connection to localhost timed out. (connect timeout=None)')",1,2026-08-10T16:55:55Z,2026-08-10T16:55:55Z
GET,/api/v1/games/history,"ConnectTimeoutError(<HTTPConnection(host='localhost', port=8000) at 0x1049c7550>, 'Connection to localhost timed out. (connect timeout=None)')",1,2026-08-10T16:55:16Z,2026-08-10T16:55:16Z
GET,/api/v1/users/leaderboard,"ConnectTimeoutError(<HTTPConnection(host='localhost', port=8000) at 0x105d24950>, 'Connection to localhost timed out. (connect timeout=None)')",1,2026-08-10T16:55:55Z,2026-08-10T16:55:55Z
GET,/api/v1/games/history,"ConnectTimeoutError(<HTTPConnection(host='localhost', port=8000) at 0x105d05950>, 'Connection to localhost timed out. (connect timeout=None)')",1,2026-08-10T16:55:55Z,2026-08-10T16:55:55Z
GET,/api/v1/games/history,"ConnectTimeoutError(<HTTPConnection(host='localhost', port=8000) at 0x1056bf150>, 'Connection to localhost timed out. (connect timeout=None)')",1,2026-08-10T16:55:40Z,2026-08-10T16:55:40Z
GET,/api/v1/games/history,"ConnectTimeoutError(<HTTPConnection(host='localhost', port=8000) at 0x103f24350>, 'Connection to localhost timed out. (connect timeout=None)')",1,2026-08-10T16:55:14Z,2026-08-10T16:55:14Z
GET,/api/v1/users/leaderboard,"ConnectTimeoutError(<HTTPConnection(host='localhost', port=8000) at 0x105eeb850>, 'Connection to localhost timed out. (connect timeout=None)')",1,2026-08-10T16:55:56Z,2026-08-10T16:55:56Z
GET,/api/v1/games/recent,"ConnectTimeoutError(<HTTPConnection(host='localhost', port=8000) at 0x104e2ed50>, 'Connection to localhost timed out. (connect timeout=None)')",1,2026-08-10T16:55:24Z,2026-08-10T16:55:24Z
GET,/api/v1/games/recent,"ConnectTimeoutError(<HTTPConnection(host='localhost', port=8000) at 0x1050e5950>, 'Connection to localhost timed out. (connect timeout=None)')",1,2026-08-10T16:55:31Z,2026-08-10T16:55:31Z
GET,/api/v1/users/leaderboard,"ConnectTimeoutError(<HTTPConnection(host='localhost', port=8000) at 0x105692d50>, 'Connection to localhost timed out. (connect timeout=None)')",1,2026-08-10T16:55:40Z,2026-08-10T16:55:40Z
GET,/api/v1/users/leaderboard,"ConnectTimeoutError(<HTTPConnection(host='localhost', port=8000) at 0x105499750>, 'Connection to localhost timed out. (connect timeout=None)')",1,2026-08-10T16:55:39Z,2026-08-10T16:55:39Z
GET,/api/v1/games/recent,"ConnectTimeoutError(<HTTPConnection(host='localhost', port=8000) at 0x105d5ee50>, 'Connection to localhost timed out. (connect timeout=None)')",1,2026-08-10T16:55:55Z,2026-08-10T16:55:55Z
GET,/api/v1/games/recent,"ConnectTimeoutError(<HTTPConnection(host='localhost', port=8000) at 0x104e2c150>, 'Connection to localhost timed out. (connect timeout=None)')",1,2026-08-10T16:55:24Z,2026-08-10T16:55:24Z
GET,/api/v1/users/leaderboard,"ConnectTimeoutError(<HTTPConnection(host='localhost', port=8000) at 0x104de9850>, 'Connection to localhost timed out. (connect timeout=None)')",1,2026-08-10T16:55:24Z,2026-08-10T16:55:24Z
GET,/api/v1/users/leaderboard,"ConnectTimeoutError(<HTTPConnection(host='localhost', port=8000) at 0x105b45650>, 'Connection to localhost timed out. (connect timeout=None)')",1,2026-08-10T16:55:48Z,2026-08-10T16:55:48Z
GET,/api/v1/games/history,"ConnectTimeoutError(<HTTPConnection(host='localhost', port=8000) at 0x105db9a50>, 'Connection to localhost timed out. (connect timeout=None)')",1,2026-08-10T16:55:55Z,2026-08-10T16:55:55Z
GET,/api/v1/users/leaderboard,"ConnectTimeoutError(<HTTPConnection(host='localhost', port=8000) at 0x105a9fb50>, 'Connection to localhost timed out. (connect timeout=None)')",1,2026-08-10T16:55:48Z,2026-08-10T16:55:48Z
GET,/api/v1/users/leaderboard,"ConnectTimeoutError(<HTTPConnection(host='localhost', port=8000) at 0x105d5e150>, 'Connection to localhost timed out. (connect timeout=None)')",1,2026-08-10T16:55:55Z,2026-08-10T16:55:55Z
GET,/api/v1/games/recent,"ConnectTimeoutError(<HTTPConnection(host='localhost', port=8000) at 0x105ee8f50>, 'Connection to localhost timed out. (connect timeout=None)')",1,2026-08-10T16:55:56Z,2026-08-10T16:55:56Z
GET,/api/v1/users/leaderboard,"ConnectTimeoutError(<HTTPConnection(host='localhost', port=8000) at 0x10612f850>, 'Connection to localhost timed out. (connect timeout=None)')",1,2026-08-10T16:56:03Z,2026-08-10T16:56:03Z
GET,/api/v1/users/leaderboard,"ConnectTimeoutError(<HTTPConnection(host='localhost', port=8000) at 0x1053ed050>, 'Connection to localhost timed out. (connect timeout=None)')",1,2026-08-10T16:55:38Z,2026-08-10T16:55:38Z
GET,/api/v1/users/leaderboard,"ConnectTimeoutError(<HTTPConnection(host='localhost', port=8000) at 0x104944c50>, 'Connection to localhost timed out. (connect timeout=None)')",1,2026-08-10T16:55:16Z,2026-08-10T16:55:16Z
GET,/api/v1/users/leaderboard,"ConnectTimeoutError(<HTTPConnection(host='localhost', port=8000) at 0x10508cf50>, 'Connection to localhost timed out. (connect timeout=None)')",1,2026-08-10T16:55:31Z,2026-08-10T16:55:31Z
GET,/api/v1/games/recent,"ConnectTimeoutError(<HTTPConnection(host='localhost', port=8000) at 0x104e2d950>, 'Connection to localhost timed out. (connect timeout=None)')",1,2026-08-10T16:55:24Z,2026-08-10T16:55:24Z
GET,/api/v1/games/recent,"ConnectTimeoutError(<HTTPConnection(host='localhost', port=8000) at 0x105d27c50>, 'Connection to localhost timed out. (connect timeout=None)')",1,2026-08-10T16:55:55Z,2026-08-10T16:55:55Z
GET,/api/v1/users/leaderboard,"ConnectTimeoutError(<HTTPConnection(host='localhost', port=8000) at 0x105703850>, 'Connection to localhost timed out. (connect timeout=None)')",1,2026-08-10T16:55:40Z,2026-08-10T16:55:40Z
GET,/api/v1/games/history,"ConnectTimeoutError(<HTTPConnection(host='localhost', port=8000) at 0x10552bb50>, 'Connection to localhost timed out. (connect timeout=None)')",1,2026-08-10T16:55:39Z,2026-08-10T16:55:39Z
GET,/api/v1/users/leaderboard,"ConnectTimeoutError(<HTTPConnection(host='localhost', port=8000) at 0x104e2e750>, 'Connection to localhost timed out. (connect timeout=None)')",1,2026-08-10T16:55:24Z,2026-08-10T16:55:24Z
GET,/api/v1/games/recent,"ConnectTimeoutError(<HTTPConnection(host='localhost', port=8000) at 0x105d27150>, 'Connection to localhost timed out. (connect timeout=None)')",1,2026-08-10T16:55:55Z,2026-08-10T16:55:55Z
GET,/api/v1/users/leaderboard,"ConnectTimeoutError(<HTTPConnection(host='localhost', port=8000) at 0x105691150>, 'Connection to localhost timed out. (connect timeout=None)')",1,2026-08-10T16:55:40Z,2026-08-10T16:55:40Z
GET,/api/v1/users/leaderboard,"ConnectTimeoutError(<HTTPConnection(host='localhost', port=8000) at 0x103a74850>, 'Connection to localhost timed out. (connect timeout=None)')",1,2026-08-10T16:55:15Z,2026-08-10T16:55:15Z
GET,/api/v1/users/leaderboard,"ConnectTimeoutError(<HTTPConnection(host='localhost', port=8000) at 0x103f24550>, 'Connection to localhost timed out. (connect timeout=None)')",1,2026-08-10T16:55:15Z,2026-08-10T16:55:15Z
GET,/api/v1/users/leaderboard,"ConnectTimeoutError(<HTTPConnection(host='localhost', port=8000) at 0x10597a050>, 'Connection to localhost timed out. (connect timeout=None)')",1,2026-08-10T16:55:47Z,2026-08-10T16:55:47Z
GET,/api/v1/games/recent,"ConnectTimeoutError(<HTTPConnection(host='localhost', port=8000) at 0x104b68350>, 'Connection to localhost timed out. (connect timeout=None)')",1,2026-08-10T16:55:22Z,2026-08-10T16:55:22Z
GET,/api/v1/games/recent,"ConnectTimeoutError(<HTTPConnection(host='localhost', port=8000) at 0x1049c6950>, 'Connection to localhost timed out. (connect timeout=None)')",1,2026-08-10T16:55:16Z,2026-08-10T16:55:16Z
GET,/api/v1/users/leaderboard,"ConnectTimeoutError(<HTTPConnection(host='localhost', port=8000) at 0x104946c50>, 'Connection to localhost timed out. (connect timeout=None)')",1,2026-08-10T16:55:16Z,2026-08-10T16:55:16Z
GET,/api/v1/games/recent,"ConnectTimeoutError(<HTTPConnection(host='localhost', port=8000) at 0x104c4a250>, 'Connection to localhost timed out. (connect timeout=None)')",1,2026-08-10T16:55:23Z,2026-08-10T16:55:23Z
GET,/api/v1/users/leaderboard,"ConnectTimeoutError(<HTTPConnection(host='localhost', port=8000) at 0x105c19d50>, 'Connection to localhost timed out. (connect timeout=None)')",1,2026-08-10T16:55:54Z,2026-08-10T16:55:54Z
GET,/api/v1/users/leaderboard,"ConnectTimeoutError(<HTTPConnection(host='localhost', port=8000) at 0x1061e4250>, 'Connection to localhost timed out. (connect timeout=None)')",1,2026-08-10T16:56:03Z,2026-08-10T16:56:03Z
GET,/api/v1/users/leaderboard,"ConnectTimeoutError(<HTTPConnection(host='localhost', port=8000) at 0x106097e50>, 'Connection to localhost timed out. (connect timeout=None)')",1,2026-08-10T16:56:02Z,2026-08-10T16:56:02Z
GET,/api/v1/games/recent,"ConnectTimeoutError(<HTTPConnection(host='localhost', port=8000) at 0x104944550>, 'Connection to localhost timed out. (connect timeout=None)')",1,2026-08-10T16:55:16Z,2026-08-10T16:55:16Z
GET,/api/v1/games/history,"ConnectTimeoutError(<HTTPConnection(host='localhost', port=8000) at 0x105060750>, 'Connection to localhost timed out. (connect timeout=None)')",1,2026-08-10T16:55:31Z,2026-08-10T16:55:31Z
GET,/api/v1/games/history,"ConnectTimeoutError(<HTTPConnection(host='localhost', port=8000) at 0x105d24d50>, 'Connection to localhost timed out. (connect timeout=None)')",1,2026-08-10T16:55:55Z,2026-08-10T16:55:55Z
GET,/api/v1/games/history,"ConnectTimeoutError(<HTTPConnection(host='localhost', port=8000) at 0x104a33a50>, 'Connection to localhost timed out. (connect timeout=None)')",1,2026-08-10T16:55:22Z,2026-08-10T16:55:22Z
GET,/api/v1/users/leaderboard,"ConnectTimeoutError(<HTTPConnection(host='localhost', port=8000) at 0x1049dad50>, 'Connection to localhost timed out. (connect timeout=None)')",1,2026-08-10T16:55:22Z,2026-08-10T16:55:22Z
GET,/api/v1/games/recent,"ConnectTimeoutError(<HTTPConnection(host='localhost', port=8000) at 0x105dba350>, 'Connection to localhost timed out. (connect timeout=None)')",1,2026-08-10T16:55:55Z,2026-08-10T16:55:55Z
GET,/api/v1/users/leaderboard,"ConnectTimeoutError(<HTTPConnection(host='localhost', port=8000) at 0x104592550>, 'Connection to localhost timed out. (connect timeout=None)')",1,2026-08-10T16:55:15Z,2026-08-10T16:55:15Z
GET,/api/v1/games/history,"ConnectTimeoutError(<HTTPConnection(host='localhost', port=8000) at 0x104e2c550>, 'Connection to localhost timed out. (connect timeout=None)')",1,2026-08-10T16:55:24Z,2026-08-10T16:55:24Z
GET,/api/v1/games/recent,"ConnectTimeoutError(<HTTPConnection(host='localhost', port=8000) at 0x105875e50>, 'Connection to localhost timed out. (connect timeout=None)')",1,2026-08-10T16:55:46Z,2026-08-10T16:55:46Z
GET,/api/v1/games/recent,"ConnectTimeoutError(<HTTPConnection(host='localhost', port=8000) at 0x104bddb50>, 'Connection to localhost timed out. (connect timeout=None)')",1,2026-08-10T16:55:23Z,2026-08-10T16:55:23Z
GET,/api/v1/users/leaderboard,"ConnectTimeoutError(<HTTPConnection(host='localhost', port=8000) at 0x1054ed350>, 'Connection to localhost timed out. (connect timeout=None)')",1,2026-08-10T16:55:39Z,2026-08-10T16:55:39Z
GET,/api/v1/games/recent,"ConnectTimeoutError(<HTTPConnection(host='localhost', port=8000) at 0x10538b350>, 'Connection to localhost timed out. (connect timeout=None)')",1,2026-08-10T16:55:38Z,2026-08-10T16:55:38Z
GET,/api/v1/users/leaderboard,"ConnectTimeoutError(<HTTPConnection(host='localhost', port=8000) at 0x104e17550>, 'Connection to localhost timed out. (connect timeout=None)')",1,2026-08-10T16:55:24Z,2026-08-10T16:55:24Z
GET,/api/v1/users/leaderboard,"ConnectTimeoutError(<HTTPConnection(host='localhost', port=8000) at 0x103f25a50>, 'Connection to localhost timed out. (connect timeout=None)')",1,2026-08-10T16:55:15Z,2026-08-10T16:55:15Z
GET,/api/v1/games/recent,"ConnectTimeoutError(<HTTPConnection(host='localhost', port=8000) at 0x104e2f150>, 'Connection to localhost timed out. (connect timeout=None)')",1,2026-08-10T16:55:24Z,2026-08-10T16:55:24Z
GET,/api/v1/games/recent,"ConnectTimeoutError(<HTTPConnection(host='localhost', port=8000) at 0x105d5c850>, 'Connection to localhost timed out. (connect timeout=None)')",1,2026-08-10T16:55:55Z,2026-08-10T16:55:55Z
GET,/api/v1/users/leaderboard,"ConnectTimeoutError(<HTTPConnection(host='localhost', port=8000) at 0x105acd350>, 'Connection to localhost timed out. (connect timeout=None)')",1,2026-08-10T16:55:48Z,2026-08-10T16:55:48Z
GET,/api/v1/users/leaderboard,"ConnectTimeoutError(<HTTPConnection(host='localhost', port=8000) at 0x105b47550>, 'Connection to localhost timed out. (connect timeout=None)')",1,2026-08-10T16:55:48Z,2026-08-10T16:55:48Z
GET,/api/v1/games/history,"ConnectTimeoutError(<HTTPConnection(host='localhost', port=8000) at 0x105eebb50>, 'Connection to localhost timed out. (connect timeout=None)')",1,2026-08-10T16:55:56Z,2026-08-10T16:55:56Z
GET,/api/v1/users/leaderboard,"ConnectTimeoutError(<HTTPConnection(host='localhost', port=8000) at 0x105250350>, 'Connection to localhost timed out. (connect timeout=None)')",1,2026-08-10T16:55:32Z,2026-08-10T16:55:32Z
GET,/api/v1/games/recent,"ConnectTimeoutError(<HTTPConnection(host='localhost', port=8000) at 0x1053ee850>, 'Connection to localhost timed out. (connect timeout=None)')",1,2026-08-10T16:55:38Z,2026-08-10T16:55:38Z
GET,/api/v1/games/history,"ConnectTimeoutError(<HTTPConnection(host='localhost', port=8000) at 0x105237650>, 'Connection to localhost timed out. (connect timeout=None)')",1,2026-08-10T16:55:32Z,2026-08-10T16:55:32Z
GET,/api/v1/games/recent,"ConnectTimeoutError(<HTTPConnection(host='localhost', port=8000) at 0x104c69350>, 'Connection to localhost timed out. (connect timeout=None)')",1,2026-08-10T16:55:23Z,2026-08-10T16:55:23Z
GET,/api/v1/users/leaderboard,"ConnectTimeoutError(<HTTPConnection(host='localhost', port=8000) at 0x10508e350>, 'Connection to localhost timed out. (connect timeout=None)')",1,2026-08-10T16:55:31Z,2026-08-10T16:55:31Z
GET,/api/v1/users/leaderboard,"ConnectTimeoutError(<HTTPConnection(host='localhost', port=8000) at 0x104fbc650>, 'Connection to localhost timed out. (connect timeout=None)')",1,2026-08-10T16:55:30Z,2026-08-10T16:55:30Z
GET,/api/v1/users/leaderboard,"ConnectTimeoutError(<HTTPConnection(host='localhost', port=8000) at 0x104c48250>, 'Connection to localhost timed out. (connect timeout=None)')",1,2026-08-10T16:55:23Z,2026-08-10T16:55:23Z
GET,/api/v1/users/leaderboard,"ConnectTimeoutError(<HTTPConnection(host='localhost', port=8000) at 0x10527a250>, 'Connection to localhost timed out. (connect timeout=None)')",1,2026-08-10T16:55:32Z,2026-08-10T16:55:32Z
GET,/api/v1/games/history,"ConnectTimeoutError(<HTTPConnection(host='localhost', port=8000) at 0x10552b750>, 'Connection to localhost timed out. (connect timeout=None)')",1,2026-08-10T16:55:39Z,2026-08-10T16:55:39Z
GET,/api/v1/games/recent,"ConnectTimeoutError(<HTTPConnection(host='localhost', port=8000) at 0x106199e50>, 'Connection to localhost timed out. (connect timeout=None)')",1,2026-08-10T16:56:03Z,2026-08-10T16:56:03Z
GET,/api/v1/games/recent,"ConnectTimeoutError(<HTTPConnection(host='localhost', port=8000) at 0x104c49250>, 'Connection to localhost timed out. (connect timeout=None)')",1,2026-08-10T16:55:23Z,2026-08-10T16:55:23Z
