Timestamp,User Count,Type,Name,Requests/s,Failures/s,50%,66%,75%,80%,90%,95%,98%,99%,99.9%,99.99%,100%,Total Request Count,Total Failure Count,Total Median Response Time,Total Average Response Time,Total Min Response Time,Total Max Response Time,Total Average Content Size
1786604662,0,,Aggregated,0.000000,0.000000,N/A,N/A,N/A,N/A,N/A,N/A,N/A,N/A,N/A,N/A,N/A,0,0,0,0.0,0,0,0
1786604663,10,GET,/api/v1/games/history,0.000000,0.000000,0,0,0,0,0,0,0,0,0,0,0,15,0,21,26.73878601441781,10.771708097308874,59.97083289548755,2617.3333333333335
1786604663,10,GET,/api/v1/games/recent,0.000000,0.000000,0,0,0,0,0,0,0,0,0,0,0,20,0,9,15.379872894845903,4.263250157237053,47.67608270049095,1249.0
1786604663,10,GET,/api/v1/users/leaderboard,0.000000,0.000000,0,0,0,0,0,0,0,0,0,0,0,38,0,5,10.255573513476472,2.160916104912758,45.510292053222656,40.0
1786604663,10,,Aggregated,0.000000,0.000000,0,0,0,0,0,0,0,0,0,0,0,73,0,9,15.046452625003989,2.160916104912758,59.97083289548755,900.8219178082192
1786604664,20,GET,/api/v1/games/history,0.000000,0.000000,6,19,21,22,33,40,41,41,41,41,41,44,24,11,15.30760699163445,1.9834577105939388,59.97083289548755,1230.6136363636363
1786604664,20,GET,/api/v1/games/recent,0.000000,0.000000,6,9,9,10,12,15,15,29,29,29,29,61,36,6,9.327392765610922,1.6887499950826168,47.67608270049095,554.9672131147541
1786604664,20,GET,/api/v1/users/leaderboard,0.000000,0.000000,6,7,8,9,12,15,16,17,17,17,17,116,62,6,7.93155534433779,2.160916104912758,45.510292053222656,57.63793103448276
1786604664,20,,Aggregated,0.000000,0.000000,6,8,9,10,15,22,33,40,41,41,41,221,122,6,9.785366906232424,1.6887499950826168,59.97083289548755,428.4434389140271
1786604665,30,GET,/api/v1/games/history,7.000000,0.000000,5,6,11,19,29,40,65,70,70,70,70,99,74,5,11.713983994353601,1.4424999244511127,70.41762489825487,695.020202020202
1786604665,30,GET,/api/v1/games/recent,6.000000,0.000000,5,7,8,9,13,37,58,60,67,67,67,142,108,5,9.328348293218394,1.4267079532146454,67.32224998995662,354.5774647887324
1786604665,30,GET,/api/v1/users/leaderboard,19.000000,0.000000,5,6,7,8,11,15,49,53,55,55,55,216,156,5,7.447197709956931,1.4277081936597824,55.02237472683191,63.833333333333336
1786604665,30,,Aggregated,32.000000,0.000000,5,6,8,9,15,31,53,58,70,70,70,457,338,5,8.956027523914038,1.4267079532146454,70.41762489825487,290.90809628008753
1786604666,40,GET,/api/v1/games/history,11.500000,2.000000,4,6,8,10,21,32,41,65,70,70,70,158,126,4,9.280212311946515,1.4424999244511127,70.41762489825487,571.1139240506329
1786604666,40,GET,/api/v1/games/recent,20.000000,8.500000,5,6,7,8,10,15,51,58,67,67,67,224,184,5,7.532801691143375,1.4267079532146454,67.32224998995662,283.0
1786604666,40,GET,/api/v1/users/leaderboard,33.500000,11.000000,5,6,6,7,9,11,17,49,55,55,55,376,309,5,6.230567688459253,1.4277081936597824,55.02237472683191,67.11968085106383
1786604666,40,,Aggregated,65.000000,21.500000,5,6,7,8,10,19,40,55,70,70,70,758,619,5,7.251074637156127,1.4267079532146454,70.41762489825487,235.96965699208442
1786604667,50,GET,/api/v1/games/history,22.333333,15.000000,4,6,7,9,20,27,40,55,70,70,70,235,197,4,8.19067853760529,1.4424999244511127,70.41762489825487,471.4595744680851
1786604667,50,GET,/api/v1/games/recent,30.000000,20.333333,4,6,7,8,10,15,37,57,67,67,67,340,294,4,6.683399618658073,1.4140000566840172,67.32224998995662,232.10588235294117
1786604667,50,GET,/api/v1/users/leaderboard,52.333333,34.000000,4,5,6,7,9,10,15,32,55,55,55,576,501,4,5.42154578013449,1.281208824366331,55.02237472683191,68.703125
1786604667,50,,Aggregated,104.666667,69.333333,4,5,6,7,10,15,31,49,67,70,70,1151,992,4,6.359666112978675,1.281208824366331,70.41762489825487,199.2024326672459
1786604668,50,GET,/api/v1/games/history,30.000000,23.250000,4,6,7,8,16,25,34,41,70,70,70,310,265,4,7.529735757458594,1.4424999244511127,70.41762489825487,439.7935483870968
1786604668,50,GET,/api/v1/games/recent,42.000000,33.000000,4,5,6,7,10,15,29,51,67,67,67,448,397,4,6.172654386318754,1.4140000566840172,67.32224998995662,206.875
1786604668,50,GET,/api/v1/users/leaderboard,70.500000,54.500000,4,5,6,6,8,10,15,24,55,55,55,761,679,4,5.08829937640788,1.2529157102108002,55.02237472683191,69.44415243101183
1786604668,50,,Aggregated,142.500000,110.750000,4,5,6,7,9,14,27,40,67,70,70,1519,1341,4,5.906361471579568,1.2529157102108002,70.41762489825487,185.5582620144832
1786604669,50,GET,/api/v1/games/history,37.000000,30.200000,4,6,8,11,25,51,160,160,220,220,220,363,311,4,12.757224973660609,1.4424999244511127,216.2044160068035,432.7190082644628
1786604669,50,GET,/api/v1/games/recent,52.000000,43.600000,5,6,8,9,28,55,120,160,170,170,170,540,481,5,12.190106480071941,1.3832910917699337,170.29745830222964,201.48888888888888
1786604669,50,GET,/api/v1/users/leaderboard,91.400000,77.400000,4,5,7,8,15,38,110,160,210,210,210,917,829,4,10.151662116803253,1.2210416607558727,211.81358257308602,69.83315158124319
1786604669,50,,Aggregated,180.400000,151.200000,4,6,7,8,21,45,120,160,210,220,220,1820,1621,4,11.276156222959468,1.2210416607558727,216.2044160068035,181.27362637362637
1786604670,50,GET,/api/v1/games/history,45.166667,38.500000,4,6,7,10,22,40,110,160,220,220,220,442,384,4,11.388410915245567,1.4424999244511127,216.2044160068035,402.31900452488685
1786604670,50,GET,/api/v1/games/recent,62.000000,53.833333,4,6,7,8,20,47,110,150,170,170,170,668,608,4,10.743538734731738,1.123958732932806,170.29745830222964,178.48502994011977
1786604670,50,GET,/api/v1/users/leaderboard,107.166667,94.333333,4,5,6,7,11,33,82,160,190,210,210,1112,1014,4,9.037058337728942,1.2210416607558727,211.81358257308602,70.09172661870504
1786604670,50,,Aggregated,214.333333,186.666667,4,5,6,8,16,37,110,160,190,220,220,2222,2006,4,10.017808447747042,1.123958732932806,216.2044160068035,168.76462646264628
1786604671,50,GET,/api/v1/games/history,46.714286,39.857143,4,5,7,9,19,34,81,160,220,220,220,524,462,4,10.304449813952314,1.4424999244511127,216.2044160068035,367.50954198473283
1786604671,50,GET,/api/v1/games/recent,69.857143,62.142857,4,5,6,8,15,40,87,140,170,170,170,792,732,4,9.682979431200886,1.123958732932806,170.29745830222964,161.6969696969697
1786604671,50,GET,/api/v1/users/leaderboard,117.571429,105.571429,3,5,6,7,10,31,56,160,190,210,210,1293,1188,3,8.302298336299186,1.2210416607558727,211.81358257308602,70.3201856148492
1786604671,50,,Aggregated,234.142857,207.571429,4,5,6,7,14,33,73,160,190,220,220,2609,2382,4,9.123542798335363,1.123958732932806,216.2044160068035,157.74741280183977
1786604672,50,GET,/api/v1/games/history,49.125000,42.500000,4,5,7,9,17,33,70,160,220,220,220,589,525,4,9.713994970004405,1.367208082228899,216.2044160068035,343.5178268251273
1786604672,50,GET,/api/v1/games/recent,71.750000,64.250000,3,5,6,7,13,35,70,130,170,170,170,909,849,3,8.931640822469074,1.123958732932806,170.29745830222964,150.0957095709571
1786604672,50,GET,/api/v1/users/leaderboard,124.625000,113.250000,3,5,6,6,10,23,53,140,190,210,210,1490,1375,3,7.807294937200695,1.2210416607558727,211.81358257308602,70.45302013422818
1786604672,50,,Aggregated,245.500000,220.000000,3,5,6,7,12,31,60,140,190,220,220,2988,2749,3,8.525192102204155,1.123958732932806,216.2044160068035,148.5087014725569
1786604673,50,GET,/api/v1/games/history,51.888889,45.333333,4,5,6,8,13,27,65,160,220,220,220,679,608,4,9.03723852034104,1.367208082228899,216.2044160068035,327.4830633284242
1786604673,50,GET,/api/v1/games/recent,79.444444,72.777778,3,4,6,6,12,32,69,130,170,170,170,1010,950,3,8.360267296378122,1.123958732932806,170.29745830222964,142.31485148514852
1786604673,50,GET,/api/v1/users/leaderboard,130.666667,119.666667,3,4,5,6,9,20,52,120,190,210,210,1682,1556,3,7.32173325408662,1.2210416607558727,211.81358257308602,70.52794292508918
1786604673,50,,Aggregated,262.000000,237.777778,3,4,6,6,11,25,56,130,180,220,220,3371,3114,3,7.978436742221052,1.123958732932806,216.2044160068035,143.79323642835953
1786604674,50,GET,/api/v1/games/history,54.400000,48.100000,4,5,6,7,13,21,56,160,220,220,220,744,671,4,8.691843078967425,1.367208082228899,216.2044160068035,311.98655913978496
1786604674,50,GET,/api/v1/games/recent,82.600000,76.600000,3,4,5,6,10,26,56,120,160,170,170,1136,1076,3,7.9175976070601655,1.123958732932806,170.29745830222964,134.45774647887325
1786604674,50,GET,/api/v1/users/leaderboard,137.600000,126.800000,3,4,5,6,9,16,45,110,190,210,210,1877,1740,3,6.973762229158402,1.2210416607558727,211.81358257308602,70.59136920618008
1786604674,50,,Aggregated,274.600000,251.500000,3,4,5,6,10,20,53,120,180,220,220,3757,3487,3,7.599380845489069,1.123958732932806,216.2044160068035,137.70614852275753
1786604675,50,GET,/api/v1/games/history,61.400000,55.600000,3,5,6,7,12,21,54,160,220,220,220,825,746,4,8.31185707032229,1.367208082228899,216.2044160068035,312.35515151515153
1786604675,50,GET,/api/v1/games/recent,93.700000,88.300000,3,4,5,6,9,24,55,110,160,170,170,1273,1213,3,7.520628110882413,1.123958732932806,170.29745830222964,127.76826394344069
1786604675,50,GET,/api/v1/users/leaderboard,153.700000,143.600000,3,4,5,6,9,15,43,110,190,210,210,2052,1906,3,6.728100513251495,1.2210416607558727,211.81358257308602,70.65204678362574
1786604675,50,,Aggregated,308.800000,287.500000,3,4,5,6,10,19,52,120,180,220,220,4150,3865,3,7.286049137677414,1.123958732932806,216.2044160068035,136.22168674698796
1786604676,50,GET,/api/v1/games/history,68.100000,62.700000,3,5,6,7,12,21,54,160,220,220,220,899,814,4,8.022307291382445,1.3302499428391457,216.2044160068035,311.5583982202447
1786604676,50,GET,/api/v1/games/recent,101.100000,97.400000,3,4,5,6,9,21,55,110,160,170,170,1399,1339,3,7.203639472959253,1.123958732932806,170.29745830222964,122.74982130092924
1786604676,50,GET,/api/v1/users/leaderboard,169.100000,160.800000,3,4,5,5,9,15,43,110,190,210,210,2228,2072,3,6.510707827099337,1.2210416607558727,211.81358257308602,70.68940754039497
1786604676,50,,Aggregated,338.300000,320.900000,3,4,5,6,9,18,52,110,180,220,220,4526,4225,3,7.025144259036707,1.123958732932806,216.2044160068035,134.62527618205922
1786604677,50,GET,/api/v1/games/history,70.300000,65.000000,3,5,6,7,12,18,54,160,220,220,220,976,885,4,7.767733574852531,1.3302499428391457,216.2044160068035,307.5553278688525
1786604677,50,GET,/api/v1/games/recent,109.100000,106.000000,3,4,5,6,9,18,55,110,160,170,170,1536,1476,3,6.960479706928406,1.123958732932806,170.29745830222964,118.203125
1786604677,50,GET,/api/v1/users/leaderboard,179.300000,170.600000,3,4,5,6,9,15,43,110,190,210,210,2399,2236,3,6.3664587175767835,1.2210416607558727,211.81358257308602,70.75781575656524
1786604677,50,,Aggregated,358.700000,341.600000,3,4,5,6,10,17,52,110,180,220,220,4911,4597,3,6.830734934303565,1.123958732932806,216.2044160068035,132.65770718794542
1786604678,50,GET,/api/v1/games/history,72.300000,66.700000,3,4,5,6,10,14,25,160,220,220,220,1058,966,4,7.478601778531711,1.3302499428391457,216.2044160068035,292.3166351606805
1786604678,50,GET,/api/v1/games/recent,115.500000,113.100000,3,4,5,6,7,10,20,110,160,170,170,1657,1597,3,6.748147957155107,1.123958732932806,170.29745830222964,114.72842486421243
1786604678,50,GET,/api/v1/users/leaderboard,183.300000,174.800000,3,4,5,5,7,11,20,110,190,210,210,2585,2415,3,6.211699265085982,1.2210416607558727,211.81358257308602,70.82978723404256
1786604678,50,,Aggregated,371.100000,354.600000,3,4,5,6,8,11,21,110,180,220,220,5300,4978,3,6.632317820177326,1.123958732932806,216.2044160068035,128.76811320754717
1786604679,50,GET,/api/v1/games/history,73.500000,68.200000,3,4,5,6,10,13,18,24,56,56,56,1124,1029,4,7.3210948376396,1.3302499428391457,216.2044160068035,287.81761565836297
1786604679,50,GET,/api/v1/games/recent,119.200000,117.400000,3,4,5,6,7,9,13,17,35,56,56,1762,1702,3,6.601295165430066,1.123958732932806,170.29745830222964,112.14642451759364
1786604679,50,GET,/api/v1/users/leaderboard,183.300000,174.600000,3,4,5,5,7,9,12,14,32,59,59,2789,2609,3,6.060963538139738,1.2210416607558727,211.81358257308602,70.87020437432771
1786604679,50,,Aggregated,376.000000,360.200000,3,4,5,6,7,10,13,17,35,59,59,5675,5340,3,6.47831189195884,1.123958732932806,216.2044160068035,126.65480176211453
1786604680,50,GET,/api/v1/games/history,73.400000,68.300000,3,4,5,6,10,12,17,20,56,56,56,1193,1094,4,7.1552376842870995,1.3302499428391457,216.2044160068035,282.85247275775356
1786604680,50,GET,/api/v1/games/recent,120.100000,119.000000,3,4,5,6,7,9,12,14,29,56,56,1878,1818,3,6.455671880047082,1.0964996181428432,170.29745830222964,109.66453674121406
1786604680,50,GET,/api/v1/users/leaderboard,181.900000,172.900000,3,4,5,5,7,9,12,14,30,59,59,2985,2794,3,5.9212301806289345,1.1360421776771545,211.81358257308602,70.88844221105528
1786604680,50,,Aggregated,375.400000,360.200000,3,4,5,6,7,10,13,15,30,59,59,6056,5706,3,6.330056545122242,1.0964996181428432,216.2044160068035,124.66892338177014
1786604681,50,GET,/api/v1/games/history,75.200000,70.600000,3,4,5,6,9,12,17,23,30,30,30,1265,1159,4,7.045022835918212,1.1874577030539513,216.2044160068035,285.58577075098816
1786604681,50,GET,/api/v1/games/recent,121.400000,120.800000,3,4,5,6,7,9,10,13,18,29,29,1989,1929,3,6.3384547499521195,1.0964996181428432,170.29745830222964,107.57013574660634
1786604681,50,GET,/api/v1/users/leaderboard,183.000000,174.100000,3,4,5,5,7,9,11,13,29,30,30,3179,2979,3,5.811876315329389,1.1360421776771545,211.81358257308602,70.92387543252595
1786604681,50,,Aggregated,379.600000,365.500000,3,4,5,6,7,10,13,15,29,30,30,6433,6067,3,6.217176308335681,1.0964996181428432,216.2044160068035,124.46603450956007
1786604682,50,GET,/api/v1/games/history,75.200000,71.000000,3,5,5,6,9,13,18,23,30,30,30,1336,1222,4,6.951779636350867,1.1874577030539513,216.2044160068035,289.8667664670659
1786604682,50,GET,/api/v1/games/recent,122.600000,122.600000,3,4,5,6,7,9,12,15,48,48,48,2102,2042,3,6.31584800101044,1.0964996181428432,170.29745830222964,105.66603235014271
1786604682,50,GET,/api/v1/users/leaderboard,185.800000,176.500000,3,4,5,5,7,9,11,13,48,49,49,3376,3168,3,5.767072330259881,1.1360421776771545,211.81358257308602,70.96682464454976
1786604682,50,,Aggregated,383.600000,370.100000,3,4,5,6,7,10,13,17,48,49,49,6814,6432,3,6.168641954688298,1.0964996181428432,216.2044160068035,124.58996184326386
1786604683,50,GET,/api/v1/games/history,75.500000,71.500000,3,5,5,6,9,13,18,24,30,30,30,1400,1282,4,6.8136603628019135,1.1874577030539513,216.2044160068035,286.20642857142855
1786604683,50,GET,/api/v1/games/recent,119.900000,119.900000,3,4,5,6,7,9,12,15,48,48,48,2214,2154,3,6.164273805117071,1.0964996181428432,170.29745830222964,103.93766937669376
1786604683,50,GET,/api/v1/users/leaderboard,187.400000,177.600000,3,4,5,6,7,9,11,13,48,49,49,3582,3365,3,5.624828302202146,1.1360421776771545,211.81358257308602,71.00083752093802
1786604683,50,,Aggregated,382.800000,369.000000,3,4,5,6,7,10,13,17,48,49,49,7196,6801,3,6.022090285011112,1.0964996181428432,216.2044160068035,123.00333518621457
1786604684,50,GET,/api/v1/games/history,74.500000,69.900000,3,4,5,6,9,13,17,21,30,30,30,1490,1368,3,6.653165275343513,1.1874577030539513,216.2044160068035,283.30402684563757
1786604684,50,GET,/api/v1/games/recent,119.700000,119.700000,3,4,5,6,7,9,12,15,48,48,48,2342,2282,3,6.039603790673916,1.0964996181428432,170.29745830222964,102.15456874466268
1786604684,50,GET,/api/v1/users/leaderboard,187.400000,177.900000,3,4,5,6,7,9,11,13,48,49,49,3747,3523,3,5.5631457886146345,1.1360421776771545,211.81358257308602,71.02722177742194
1786604684,50,,Aggregated,381.600000,367.500000,3,4,5,6,7,10,13,16,48,49,49,7579,7173,3,5.924670221395854,1.0964996181428432,216.2044160068035,122.37867792584774
1786604685,50,GET,/api/v1/games/history,73.800000,68.800000,3,4,5,5,8,12,16,20,30,30,30,1575,1450,3,6.497302095864027,1.1874577030539513,216.2044160068035,278.9371428571429
1786604685,50,GET,/api/v1/games/recent,120.200000,120.200000,3,4,5,6,7,10,13,16,48,48,48,2462,2402,3,5.9335573215512705,1.0964996181428432,170.29745830222964,100.70430544272949
1786604685,50,GET,/api/v1/users/leaderboard,188.600000,179.500000,3,4,5,5,7,9,12,14,48,49,49,3930,3692,3,5.476259473123547,1.1360421776771545,211.81358257308602,71.00152671755725
1786604685,50,,Aggregated,382.600000,368.500000,3,4,5,5,7,10,13,17,48,49,49,7967,7544,3,5.819426215140029,1.0964996181428432,216.2044160068035,121.28731015438684
1786604686,50,GET,/api/v1/games/history,73.100000,68.600000,3,4,5,6,8,12,17,24,53,53,53,1665,1536,3,6.437757563450046,1.1874577030539513,216.2044160068035,274.4384384384384
1786604686,50,GET,/api/v1/games/recent,120.800000,120.800000,3,4,5,6,7,10,15,28,48,48,48,2572,2512,3,5.915249056402959,1.0964996181428432,170.29745830222964,99.46345256609642
1786604686,50,GET,/api/v1/users/leaderboard,187.900000,178.700000,3,4,5,5,7,10,13,20,48,49,49,4121,3873,3,5.457320852845625,1.1360421776771545,211.81358257308602,71.01407425382189
1786604686,50,,Aggregated,381.800000,368.100000,3,4,5,5,7,10,14,23,48,53,53,8358,7921,3,5.793551824693654,1.0964996181428432,216.2044160068035,120.29301268245992
1786604687,50,GET,/api/v1/games/history,75.200000,70.500000,3,4,5,5,9,12,18,24,53,53,53,1742,1609,3,6.377208126274747,1.1874577030539513,216.2044160068035,272.0499425947187
1786604687,50,GET,/api/v1/games/recent,120.200000,120.200000,3,4,5,5,7,10,18,28,48,48,48,2697,2637,3,5.85257508030557,1.0964996181428432,170.29745830222964,98.20133481646273
1786604687,50,GET,/api/v1/users/leaderboard,185.900000,177.000000,3,4,5,5,7,10,14,20,48,49,49,4306,4046,3,5.426247674051311,1.1360421776771545,211.81358257308602,71.00743149094286
1786604687,50,,Aggregated,381.300000,367.700000,3,4,5,5,8,11,17,23,48,53,53,8745,8292,3,5.747159980791272,1.0964996181428432,216.2044160068035,119.44173813607776
1786604688,50,GET,/api/v1/games/history,76.500000,72.100000,3,4,5,6,10,14,19,25,53,53,53,1818,1680,3,6.362143712378505,1.1874577030539513,216.2044160068035,270.0522552255226
1786604688,50,GET,/api/v1/games/recent,117.500000,117.500000,3,4,5,5,7,10,19,28,48,48,48,2804,2744,3,5.776144222711105,1.0964996181428432,170.29745830222964,97.15406562054208
1786604688,50,GET,/api/v1/users/leaderboard,187.100000,177.900000,3,4,5,5,7,10,15,21,48,49,49,4497,4232,3,5.379600259244495,1.1360421776771545,211.81358257308602,71.05537024683122
1786604688,50,,Aggregated,381.100000,367.500000,3,4,5,5,7,11,18,24,48,53,53,9119,8656,3,5.697417264547489,1.0964996181428432,216.2044160068035,118.75326241912491
1786604689,50,GET,/api/v1/games/history,76.500000,72.300000,3,4,5,6,10,14,20,25,53,53,53,1891,1747,3,6.309962885859134,1.1874577030539513,216.2044160068035,271.41776837652037
1786604689,50,GET,/api/v1/games/recent,115.700000,115.700000,3,4,5,5,7,11,21,29,48,48,48,2898,2838,3,5.748432664858824,1.0964996181428432,170.29745830222964,96.33747412008282
1786604689,50,GET,/api/v1/users/leaderboard,189.500000,179.900000,3,4,5,5,7,10,17,22,48,49,49,4712,4437,3,5.326281468196597,1.1360421776771545,211.81358257308602,71.0740662139219
1786604689,50,,Aggregated,381.700000,367.900000,3,4,5,5,8,11,19,24,48,53,53,9501,9022,3,5.650830013478882,1.0964996181428432,216.2044160068035,118.65466792969161
1786604690,50,GET,/api/v1/games/history,76.400000,72.000000,3,4,5,6,11,14,21,28,72,72,72,1974,1824,3,6.302983760258151,1.1874577030539513,216.2044160068035,270.0309017223911
1786604690,50,GET,/api/v1/games/recent,116.100000,116.100000,3,4,5,5,8,11,21,28,48,48,48,3024,2964,3,5.7029398935834665,1.0964996181428432,170.29745830222964,95.31746031746032
1786604690,50,GET,/api/v1/users/leaderboard,189.200000,179.700000,3,4,5,6,8,11,17,22,48,49,49,4893,4610,3,5.304826152199358,1.1360421776771545,211.81358257308602,71.0913549969344
1786604690,50,,Aggregated,381.700000,367.800000,3,4,5,6,8,12,19,25,49,72,72,9891,9398,3,5.6257501307913715,1.0964996181428432,216.2044160068035,118.20149630977656
1786604691,50,GET,/api/v1/games/history,76.200000,71.600000,3,4,5,6,10,14,19,26,72,72,72,2048,1894,3,6.260308627815903,1.1874577030539513,216.2044160068035,267.583984375
1786604691,50,GET,/api/v1/games/recent,113.300000,113.300000,3,4,5,5,8,11,21,28,48,48,48,3138,3078,3,5.666434189685786,1.0964996181428432,170.29745830222964,94.43785850860421
1786604691,50,GET,/api/v1/users/leaderboard,191.300000,181.800000,3,4,5,5,8,11,17,22,48,49,49,5090,4800,3,5.258749103290715,1.1226660571992397,211.81358257308602,71.11984282907662
1786604691,50,,Aggregated,380.800000,366.700000,3,4,5,6,8,12,19,25,49,72,72,10276,9772,3,5.582854757955499,1.0964996181428432,216.2044160068035,117.39567925262749
1786604692,50,GET,/api/v1/games/history,77.100000,72.100000,3,4,5,6,10,14,20,26,72,72,72,2113,1957,3,6.251514032245091,1.1874577030539513,216.2044160068035,263.1751064836725
1786604692,50,GET,/api/v1/games/recent,113.300000,113.300000,3,4,5,6,8,11,19,23,43,47,47,3256,3196,3,5.638306621943785,1.0964996181428432,170.29745830222964,93.60933660933661
1786604692,50,GET,/api/v1/users/leaderboard,191.900000,182.600000,3,4,5,6,8,11,16,20,44,48,48,5282,4981,3,5.2428515731127465,1.1226660571992397,211.81358257308602,71.11946232487693
1786604692,50,,Aggregated,382.300000,368.000000,3,4,5,6,8,12,18,23,48,72,72,10651,10134,3,5.563845415488158,1.0964996181428432,216.2044160068035,116.09557788001126
1786604693,50,GET,/api/v1/games/history,77.300000,72.100000,3,5,6,7,10,14,22,30,72,72,72,2208,2047,3,6.190852061938157,1.1874577030539513,216.2044160068035,260.27807971014494
1786604693,50,GET,/api/v1/games/recent,114.200000,114.200000,3,4,5,6,8,11,19,23,43,47,47,3370,3310,3,5.572851847177399,1.0964996181428432,170.29745830222964,92.87655786350149
1786604693,50,GET,/api/v1/users/leaderboard,191.200000,182.300000,3,4,5,6,8,11,16,19,44,48,48,5462,5151,3,5.206145308396862,1.1226660571992397,211.81358257308602,71.12101794214574
1786604693,50,,Aggregated,382.700000,368.600000,3,4,5,6,8,12,18,23,48,72,72,11040,10508,3,5.515025158714759,1.0964996181428432,216.2044160068035,115.59338768115941
1786604694,50,GET,/api/v1/games/history,77.800000,73.300000,3,5,6,7,11,15,21,30,72,72,72,2275,2110,3,6.150555320616279,1.1874577030539513,216.2044160068035,258.51824175824174
1786604694,50,GET,/api/v1/games/recent,115.400000,115.400000,3,4,5,6,8,11,18,22,43,47,47,3491,3431,3,5.527106696375374,1.0964996181428432,170.29745830222964,92.146376396448
1786604694,50,GET,/api/v1/users/leaderboard,189.300000,180.200000,3,4,5,6,8,11,16,19,44,48,48,5659,5337,3,5.169898805766903,1.1226660571992397,211.81358257308602,71.12228308888496
1786604694,50,,Aggregated,382.500000,368.900000,3,4,5,6,8,12,18,22,48,72,72,11425,10878,3,5.47431949000292,1.0964996181428432,216.2044160068035,114.86153172866521
1786604695,50,GET,/api/v1/games/history,78.200000,73.900000,4,5,6,7,10,15,22,30,72,72,72,2349,2181,3,6.095208466114859,1.1874577030539513,216.2044160068035,256.4218816517667
1786604695,50,GET,/api/v1/games/recent,114.700000,114.700000,3,4,5,6,8,11,18,22,43,47,47,3608,3548,3,5.4976569028920235,1.0964996181428432,170.29745830222964,91.4789356984479
1786604695,50,GET,/api/v1/users/leaderboard,189.900000,180.500000,3,5,5,6,8,12,16,19,44,48,48,5848,5517,3,5.1619449168381255,1.1226660571992397,211.81358257308602,71.13218194254446
1786604695,50,,Aggregated,382.800000,369.100000,3,5,5,6,8,12,18,22,48,72,72,11805,11246,3,5.450253677781244,1.0964996181428432,216.2044160068035,114.22041507835662
1786604696,50,GET,/api/v1/games/history,79.500000,75.000000,4,5,6,7,10,14,20,25,72,72,72,2423,2250,3,6.0381915059372675,1.1874577030539513,216.2044160068035,257.3970284770945
1786604696,50,GET,/api/v1/games/recent,113.600000,113.600000,3,4,5,6,8,10,14,18,26,28,28,3725,3665,3,5.459056883275309,1.0964996181428432,170.29745830222964,90.85986577181208
1786604696,50,GET,/api/v1/users/leaderboard,190.000000,180.500000,3,5,5,6,8,10,14,16,42,48,48,6034,5694,3,5.13413747012267,1.1226660571992397,211.81358257308602,71.14053695724229
1786604696,50,,Aggregated,383.100000,369.100000,3,5,5,6,8,11,15,18,42,72,72,12182,11609,3,5.4133073718442555,1.0964996181428432,216.2044160068035,114.21671318338532
1786604697,50,GET,/api/v1/games/history,77.500000,73.000000,4,5,6,6,10,14,19,25,72,72,72,2492,2316,3,6.000897780592952,1.1874577030539513,216.2044160068035,255.74959871589084
1786604697,50,GET,/api/v1/games/recent,115.000000,115.000000,3,4,5,6,8,10,14,18,26,28,28,3838,3778,3,5.4238576229919895,1.0964996181428432,170.29745830222964,90.30276185513289
1786604697,50,GET,/api/v1/users/leaderboard,190.200000,181.000000,3,5,5,6,8,10,14,17,42,48,48,6245,5892,3,5.116699945951123,1.1226660571992397,211.81358257308602,71.13466773418735
1786604697,50,,Aggregated,382.700000,369.000000,3,5,5,6,8,11,15,19,42,72,72,12575,11986,3,5.38566950208713,1.0964996181428432,216.2044160068035,113.57025844930418
1786604698,50,GET,/api/v1/games/history,76.600000,72.300000,4,5,6,6,9,13,18,23,72,72,72,2578,2397,3,5.957751061270249,1.1874577030539513,216.2044160068035,254.92474786656322
1786604698,50,GET,/api/v1/games/recent,115.300000,115.300000,3,4,5,6,8,10,13,15,19,23,23,3961,3901,3,5.380533318200126,1.0964996181428432,170.29745830222964,89.72910881090634
1786604698,50,GET,/api/v1/users/leaderboard,191.300000,181.900000,3,5,5,6,8,10,14,15,24,24,24,6420,6058,3,5.087004664551316,1.1226660571992397,211.81358257308602,71.13925233644859
1786604698,50,,Aggregated,383.200000,369.500000,3,5,5,6,8,11,14,17,30,72,72,12959,12356,3,5.349945571090736,1.0964996181428432,216.2044160068035,113.38274558222085
1786604699,50,GET,/api/v1/games/history,76.200000,71.800000,4,5,6,6,9,13,18,22,72,72,72,2652,2467,3,5.906455845116929,1.1874577030539513,216.2044160068035,253.0079185520362
1786604699,50,GET,/api/v1/games/recent,114.600000,114.600000,3,4,5,6,8,10,13,14,19,23,23,4066,4006,3,5.3410220763426635,1.0964996181428432,170.29745830222964,89.26168224299066
1786604699,50,GET,/api/v1/users/leaderboard,191.100000,182.000000,3,5,5,6,8,10,13,15,24,24,24,6623,6251,3,5.043149772141633,1.1226660571992397,211.81358257308602,71.14645930847048
1786604699,50,,Aggregated,381.900000,368.400000,3,5,5,6,8,11,14,17,30,72,72,13341,12724,3,5.305546631028664,1.0964996181428432,216.2044160068035,112.81897908702496
1786604700,50,GET,/api/v1/games/history,74.500000,70.300000,4,5,6,6,9,12,17,21,34,34,34,2739,2551,3,5.879186955425111,1.1874577030539513,216.2044160068035,249.56772544724353
1786604700,50,GET,/api/v1/games/recent,114.700000,114.700000,3,5,5,6,8,10,12,14,19,23,23,4159,4099,3,5.337623931600995,1.0964996181428432,170.29745830222964,88.84034623707622
1786604700,50,GET,/api/v1/users/leaderboard,193.200000,184.000000,3,4,5,6,7,10,13,15,24,24,24,6829,6450,3,5.02436358818771,1.1226660571992397,211.81358257308602,71.16854590716063
1786604700,50,,Aggregated,382.400000,369.000000,3,5,5,6,8,10,14,16,25,34,34,13727,13100,3,5.289841184976455,1.0964996181428432,216.2044160068035,112.1193997231733
1786604701,50,GET,/api/v1/games/history,75.300000,71.200000,3,5,5,6,8,12,17,21,34,34,34,2812,2619,3,5.8339210930922905,1.1874577030539513,216.2044160068035,249.13406827880513
1786604701,50,GET,/api/v1/games/recent,115.400000,115.400000,3,4,5,6,8,10,13,15,48,50,50,4292,4232,3,5.338201774193108,1.0964996181428432,170.29745830222964,88.32712022367195
1786604701,50,GET,/api/v1/users/leaderboard,192.000000,182.200000,3,4,5,6,8,10,14,18,50,51,51,7018,6628,3,5.0503911408570525,1.1226660571992397,211.81358257308602,71.16614420062696
1786604701,50,,Aggregated,382.700000,368.800000,3,5,5,6,8,10,14,19,50,51,51,14122,13479,3,5.293881401724057,1.0964996181428432,216.2044160068035,111.81907661804277
1786604702,50,GET,/api/v1/games/history,76.200000,72.200000,4,5,5,6,8,13,16,21,29,29,29,2893,2695,3,5.830778066401112,1.1874577030539513,216.2044160068035,248.23850674040787
1786604702,50,GET,/api/v1/games/recent,115.300000,115.300000,3,4,5,6,8,10,14,17,48,50,50,4409,4349,3,5.333137392290537,1.0964996181428432,170.29745830222964,87.88228623270582
1786604702,50,GET,/api/v1/users/leaderboard,191.100000,181.300000,3,4,5,6,7,10,15,20,50,51,51,7209,6811,3,5.047757071770396,1.1226660571992397,211.81358257308602,71.17811069496463
1786604702,50,,Aggregated,382.600000,368.800000,3,5,5,6,8,10,15,20,50,51,51,14511,13855,3,5.29057435318725,1.0964996181428432,216.2044160068035,111.55330438977327
1786604703,50,GET,/api/v1/games/history,76.600000,72.700000,3,5,5,6,9,14,21,31,110,110,110,2953,2752,3,5.938146837513617,1.1874577030539513,216.2044160068035,247.57974940738234
1786604703,50,GET,/api/v1/games/recent,113.600000,113.600000,3,5,6,6,8,12,25,37,95,96,96,4501,4441,3,5.454417326899568,1.0964996181428432,170.29745830222964,87.57276160853144
1786604703,50,GET,/api/v1/users/leaderboard,193.000000,183.400000,3,4,5,6,8,11,24,46,120,130,130,7408,6994,3,5.217631021112235,1.1226660571992397,211.81358257308602,71.15577753779698
1786604703,50,,Aggregated,383.200000,369.700000,3,5,5,6,8,12,23,40,120,130,130,14862,14187,3,5.432505087064467,1.0964996181428432,216.2044160068035,111.18220966222582
1786604704,50,GET,/api/v1/games/history,76.700000,72.700000,3,5,5,6,9,14,21,31,110,110,110,3034,2828,3,5.906667896462316,1.1874577030539513,216.2044160068035,245.80784442979564
1786604704,50,GET,/api/v1/games/recent,115.300000,115.300000,3,4,5,6,8,11,26,39,95,96,96,4613,4553,3,5.410955230179111,1.0964996181428432,170.29745830222964,87.19293301539129
1786604704,50,GET,/api/v1/users/leaderboard,192.200000,182.300000,3,4,5,6,8,11,24,46,120,130,130,7608,7184,3,5.1757788149611565,1.1226660571992397,211.81358257308602,71.1608832807571
1786604704,50,,Aggregated,384.200000,370.300000,3,4,5,6,8,12,23,39,120,130,130,15255,14565,3,5.392257758040471,1.0964996181428432,216.2044160068035,110.74362504097017
1786604705,50,GET,/api/v1/games/history,76.400000,72.300000,3,4,5,6,9,14,21,35,110,110,110,3104,2897,3,5.856099703376777,1.1874577030539513,216.2044160068035,242.58923969072166
1786604705,50,GET,/api/v1/games/recent,114.400000,114.400000,3,4,5,6,8,11,34,39,95,96,96,4726,4666,3,5.369769284360574,1.0964996181428432,170.29745830222964,86.82310622090563
1786604705,50,GET,/api/v1/users/leaderboard,193.300000,183.700000,3,4,5,5,7,10,24,46,120,130,130,7806,7369,3,5.133396171402285,1.1226660571992397,211.81358257308602,71.15257494235203
1786604705,50,,Aggregated,384.100000,370.400000,3,4,5,6,8,11,24,39,120,130,130,15636,14932,3,5.348308623122015,1.0964996181428432,216.2044160068035,109.92197492964952
1786604706,50,GET,/api/v1/games/history,74.500000,70.400000,3,4,5,6,8,14,21,35,110,110,110,3185,2975,3,5.803596147363844,1.1874577030539513,216.2044160068035,240.71208791208792
1786604706,50,GET,/api/v1/games/recent,113.800000,113.800000,3,4,5,6,8,10,34,39,95,96,96,4834,4774,3,5.329984953271723,1.0964996181428432,170.29745830222964,86.49441456350849
1786604706,50,GET,/api/v1/users/leaderboard,192.600000,182.500000,3,4,5,5,7,10,23,46,120,130,130,8009,7559,3,5.0832889053725445,1.1226660571992397,211.81358257308602,71.14583593457361
1786604706,50,,Aggregated,380.900000,366.700000,3,4,5,5,7,11,23,39,120,130,130,16028,15308,3,5.300827416807965,1.0964996181428432,216.2044160068035,109.47023958073372
1786604707,50,GET,/api/v1/games/history,75.300000,71.400000,3,4,5,6,9,14,26,42,110,110,110,3268,3051,3,5.831144195257468,1.1782078072428703,216.2044160068035,241.2389840881273
1786604707,50,GET,/api/v1/games/recent,111.300000,111.300000,3,4,5,6,8,11,36,40,95,96,96,4954,4894,3,5.320132967779473,1.0964996181428432,170.29745830222964,86.14331853048041
1786604707,50,GET,/api/v1/users/leaderboard,195.500000,185.100000,3,4,5,5,7,11,35,47,120,130,130,8181,7723,3,5.0925966725049365,1.1226660571992397,211.81358257308602,71.15254858819215
1786604707,50,,Aggregated,382.100000,367.800000,3,4,5,5,8,11,35,42,120,130,130,16403,15668,3,5.308458899606401,1.0964996181428432,216.2044160068035,109.56666463451808
1786604708,50,GET,/api/v1/games/history,75.400000,71.600000,3,4,5,6,9,15,26,42,110,110,110,3352,3127,3,5.80034298427194,1.1782078072428703,216.2044160068035,244.2049522673031
1786604708,50,GET,/api/v1/games/recent,110.600000,110.600000,3,4,5,6,8,10,36,40,95,96,96,5059,4999,3,5.2788891364901485,1.0964996181428432,170.29745830222964,85.86103973117217
1786604708,50,GET,/api/v1/users/leaderboard,196.100000,185.500000,3,4,5,5,7,10,35,47,120,130,130,8378,7910,3,5.0513605386201945,1.1226660571992397,211.81358257308602,71.15660062067319
1786604708,50,,Aggregated,382.100000,367.700000,3,4,5,5,8,11,35,42,120,130,130,16789,16036,3,5.269459075426958,1.0964996181428432,216.2044160068035,110.13735183751265
1786604709,50,GET,/api/v1/games/history,76.300000,72.500000,3,4,5,6,12,20,48,79,140,140,140,3415,3187,3,6.045375344933912,1.1782078072428703,216.2044160068035,242.8146412884334
1786604709,50,GET,/api/v1/games/recent,111.100000,111.100000,3,4,5,6,9,25,41,67,96,98,98,5157,5097,3,5.49533090528714,1.0964996181428432,170.29745830222964,85.59336823734729
1786604709,50,GET,/api/v1/users/leaderboard,195.300000,184.400000,3,4,5,5,9,27,63,94,120,130,130,8547,8067,3,5.412166424361941,1.1226660571992397,211.81358257308602,71.14671814671814
1786604709,50,,Aggregated,382.700000,368.000000,3,4,5,6,9,25,51,79,120,140,140,17119,16351,3,5.563535528391647,1.0964996181428432,216.2044160068035,109.74402710438694
1786604710,50,GET,/api/v1/games/history,77.800000,73.600000,3,4,5,6,12,20,48,79,140,140,140,3479,3249,3,6.009269129623024,1.1782078072428703,216.2044160068035,240.5852256395516
1786604710,50,GET,/api/v1/games/recent,109.500000,109.500000,3,4,5,6,8,25,41,67,96,98,98,5271,5211,3,5.450349281929126,1.0964996181428432,170.29745830222964,85.29823562891292
1786604710,50,GET,/api/v1/users/leaderboard,195.100000,184.400000,3,4,5,6,8,28,63,94,120,130,130,8749,8256,3,5.376126020652851,1.1226660571992397,211.81358257308602,71.1404731969368
1786604710,50,,Aggregated,382.400000,367.500000,3,4,5,6,9,25,51,79,120,140,140,17499,16716,3,5.524359387490641,1.0964996181428432,216.2044160068035,109.09257671866963
1786604711,50,GET,/api/v1/games/history,77.000000,72.600000,3,4,5,6,12,20,48,79,140,140,140,3560,3324,3,5.984424662598398,1.1782078072428703,216.2044160068035,241.04803370786516
1786604711,50,GET,/api/v1/games/recent,109.100000,109.100000,3,4,5,6,8,16,40,67,96,98,98,5391,5331,3,5.423004162761961,1.0964996181428432,170.29745830222964,85.01558152476349
1786604711,50,GET,/api/v1/users/leaderboard,193.300000,182.900000,3,4,5,6,8,21,63,94,120,130,130,8944,8439,3,5.358873948603552,1.1226660571992397,211.81358257308602,71.1367397137746
1786604711,50,,Aggregated,379.400000,364.600000,3,4,5,6,9,20,51,79,120,140,140,17895,17094,3,5.502639610875116,1.0964996181428432,216.2044160068035,109.11969823973178
1786604712,50,GET,/api/v1/games/history,75.700000,71.300000,3,4,5,6,11,19,48,79,140,140,140,3652,3411,3,5.953359087115115,1.1782078072428703,216.2044160068035,240.12677984665936
1786604712,50,GET,/api/v1/games/recent,109.700000,109.700000,3,4,5,5,7,15,40,67,96,98,98,5499,5439,3,5.402776145073615,1.0964996181428432,170.29745830222964,84.74904528096017
1786604712,50,GET,/api/v1/users/leaderboard,192.200000,181.400000,3,4,5,5,8,17,63,94,120,130,130,9125,8612,3,5.337081417288274,1.1226660571992397,211.81358257308602,71.14476712328766
1786604712,50,,Aggregated,377.600000,362.400000,3,4,5,6,8,17,51,79,120,140,140,18276,17462,3,5.479995696030844,1.0964996181428432,216.2044160068035,109.00492449113591
1786604713,50,GET,/api/v1/games/history,73.900000,69.900000,3,4,5,6,10,16,37,59,140,140,140,3733,3488,3,5.930984991148788,1.1782078072428703,216.2044160068035,239.01419769622288
1786604713,50,GET,/api/v1/games/recent,111.200000,111.200000,3,4,5,5,7,11,36,50,96,98,98,5620,5560,3,5.373973202281814,1.0964996181428432,170.29745830222964,84.47046263345196
1786604713,50,GET,/api/v1/users/leaderboard,190.700000,179.200000,3,4,5,5,7,12,41,73,100,110,110,9322,8798,3,5.309721899758949,1.1226660571992397,211.81358257308602,71.14503325466639
1786604713,50,,Aggregated,375.800000,360.300000,3,4,5,5,8,12,38,64,100,140,140,18675,17846,3,5.453243583311119,1.0964996181428432,216.2044160068035,108.71100401606425
1786604714,50,GET,/api/v1/games/history,75.200000,70.900000,3,5,6,6,11,17,37,59,140,140,140,3809,3558,3,5.946776672075954,1.1782078072428703,216.2044160068035,240.07718561302178
1786604714,50,GET,/api/v1/games/recent,109.000000,109.000000,3,4,5,5,7,12,36,50,96,98,98,5737,5677,3,5.367708387003011,1.0964996181428432,170.29745830222964,84.20725117657312
1786604714,50,GET,/api/v1/users/leaderboard,192.900000,181.600000,3,4,5,6,8,16,43,73,100,110,110,9512,8982,3,5.311983832010499,1.1226660571992397,211.81358257308602,71.16126997476871
1786604714,50,,Aggregated,377.100000,361.500000,3,4,5,6,8,16,38,67,100,140,140,19058,18217,3,5.455630473830279,1.0964996181428432,216.2044160068035,108.84862000209885
1786604715,50,GET,/api/v1/games/history,76.500000,72.300000,3,5,6,6,11,17,37,59,140,140,140,3889,3635,3,5.90941025036145,1.1782078072428703,216.2044160068035,238.64026742093083
1786604715,50,GET,/api/v1/games/recent,109.700000,109.700000,3,4,5,6,7,12,35,50,96,98,98,5835,5775,3,5.341617560497746,1.0964996181428432,170.29745830222964,83.99434447300771
1786604715,50,GET,/api/v1/users/leaderboard,189.800000,178.300000,3,4,5,6,8,15,41,73,100,110,110,9718,9177,3,5.28240437876417,1.1226660571992397,211.81358257308602,71.16289359950608
1786604715,50,,Aggregated,376.000000,360.300000,3,4,5,6,9,16,38,67,100,140,140,19442,18587,3,5.42559616716337,1.0964996181428432,216.2044160068035,108.51455611562596
1786604716,50,GET,/api/v1/games/history,77.600000,73.400000,3,5,6,6,11,17,37,59,140,140,140,3977,3720,3,5.8559917152604255,1.1782078072428703,216.2044160068035,237.55946693487553
1786604716,50,GET,/api/v1/games/recent,111.500000,111.500000,3,4,5,5,7,12,35,50,96,98,98,5965,5905,3,5.293496836629467,1.0964996181428432,170.29745830222964,83.73461860854988
1786604716,50,GET,/api/v1/users/leaderboard,190.200000,179.300000,3,4,5,6,8,15,41,73,100,110,110,9900,9346,3,5.2433410956232684,1.1226660571992397,211.81358257308602,71.15333333333334
1786604716,50,,Aggregated,379.300000,364.200000,3,4,5,6,8,15,38,64,100,140,140,19842,18971,3,5.381214823543788,1.0964996181428432,216.2044160068035,108.28893256728152
1786604717,50,GET,/api/v1/games/history,77.900000,73.300000,4,5,6,6,10,17,34,51,140,140,140,4056,3792,3,5.83408239088159,1.1782078072428703,216.2044160068035,238.5870315581854
1786604717,50,GET,/api/v1/games/recent,111.100000,111.100000,3,4,5,5,7,11,29,44,96,98,98,6082,6022,3,5.261843315387234,1.0964996181428432,170.29745830222964,83.50838539953962
1786604717,50,GET,/api/v1/users/leaderboard,190.600000,179.800000,3,4,5,6,8,12,40,73,100,110,110,10092,9530,3,5.207627771997745,1.1226660571992397,211.81358257308602,71.16230677764565
1786604717,50,,Aggregated,379.600000,364.200000,3,4,5,6,8,13,36,63,100,140,140,20230,19344,3,5.349527864389626,1.0964996181428432,216.2044160068035,108.44176964903609
1786604718,50,GET,/api/v1/games/history,78.600000,73.800000,4,5,6,6,11,16,34,44,140,140,140,4126,3856,3,5.819137757228732,1.1782078072428703,216.2044160068035,240.1383906931653
1786604718,50,GET,/api/v1/games/recent,111.000000,111.000000,3,4,5,5,7,11,29,44,96,98,98,6196,6136,3,5.226725004832852,1.0964996181428432,170.29745830222964,83.29954809554552
1786604718,50,GET,/api/v1/users/leaderboard,190.600000,180.400000,3,4,5,6,8,12,38,73,100,110,110,10273,9701,3,5.185750362738077,1.1226660571992397,211.81358257308602,71.16256205587462
1786604718,50,,Aggregated,380.200000,365.200000,3,4,5,6,8,13,35,63,100,140,140,20595,19693,3,5.324970332249496,1.0964996181428432,216.2044160068035,108.6665695557174
1786604719,50,GET,/api/v1/games/history,78.500000,73.600000,3,4,5,6,9,13,17,19,42,42,42,4201,3927,3,5.776613377658945,1.1782078072428703,216.2044160068035,239.44060937871936
1786604719,50,GET,/api/v1/games/recent,112.800000,112.800000,3,4,5,5,7,8,11,13,29,35,35,6325,6265,3,5.1892575563443275,1.0964996181428432,170.29745830222964,83.06671936758893
1786604719,50,GET,/api/v1/users/leaderboard,188.900000,178.600000,3,4,5,5,7,9,12,17,34,38,38,10461,9879,3,5.154596483679438,1.1226660571992397,211.81358257308602,71.16403785488959
1786604719,50,,Aggregated,380.200000,365.000000,3,4,5,5,7,10,13,17,35,42,42,20987,20071,3,5.289552611578296,1.0964996181428432,216.2044160068035,108.43541239815124
1786604720,50,GET,/api/v1/games/history,78.200000,73.500000,3,4,5,6,9,14,17,20,61,61,61,4270,3992,3,5.764578905532385,1.1782078072428703,216.2044160068035,238.41475409836065
1786604720,50,GET,/api/v1/games/recent,113.500000,113.500000,3,4,5,5,7,9,12,17,45,47,47,6438,6378,3,5.1906333941736,1.0964996181428432,170.29745830222964,82.87511649580615
1786604720,50,GET,/api/v1/users/leaderboard,189.600000,179.300000,3,4,5,5,7,9,13,23,48,48,48,10644,10050,3,5.16001984142103,1.1226660571992397,211.81358257308602,71.15839909808342
1786604720,50,,Aggregated,381.300000,366.300000,3,4,5,5,7,10,16,20,47,61,61,21352,20420,3,5.290150848182764,1.0964996181428432,216.2044160068035,108.13933121019109
1786604721,50,GET,/api/v1/games/history,77.800000,73.100000,3,4,5,6,9,12,17,19,61,61,61,4346,4065,3,5.726515543803545,1.1782078072428703,216.2044160068035,237.6339162448228
1786604721,50,GET,/api/v1/games/recent,115.500000,115.500000,3,4,5,5,6,8,12,17,45,47,47,6551,6491,3,5.163198155769659,1.0964996181428432,170.29745830222964,82.67180583117081
1786604721,50,GET,/api/v1/users/leaderboard,190.100000,179.600000,3,4,5,5,7,9,13,23,48,48,48,10837,10235,3,5.132164263378843,1.1226660571992397,211.81358257308602,71.16683584017717
1786604721,50,,Aggregated,383.400000,368.200000,3,4,5,5,7,10,14,20,47,61,61,21734,20791,3,5.260366789088698,1.0964996181428432,216.2044160068035,107.92191957301924
1786604722,50,GET,/api/v1/games/history,77.800000,73.100000,3,4,5,6,9,12,17,20,61,61,61,4422,4138,3,5.70850296938823,1.1782078072428703,216.2044160068035,236.55879692446857
1786604722,50,GET,/api/v1/games/recent,116.000000,116.000000,3,4,5,5,7,8,12,19,45,47,47,6666,6606,3,5.153087719768049,1.0964996181428432,170.29745830222964,82.48694869486948
1786604722,50,GET,/api/v1/users/leaderboard,189.500000,179.300000,3,4,5,5,7,9,14,24,48,48,48,11028,10414,3,5.124372108599612,1.1226660571992397,211.81358257308602,71.1626768226333
1786604722,50,,Aggregated,383.300000,368.400000,3,4,5,5,7,10,15,20,47,61,61,22116,21158,3,5.249821779898946,1.0964996181428432,216.2044160068035,107.64618375836498
1786604723,500,GET,/api/v1/games/history,78.300000,73.500000,4,5,6,9,140,270,390,390,600,600,600,4525,4241,3,10.945327718078431,1.1782078072428703,604.6401248313487,232.83580110497238
1786604723,500,GET,/api/v1/games/recent,115.900000,115.900000,3,5,6,7,53,260,330,390,570,570,570,6831,6767,3,9.833806682658365,1.0964996181428432,567.831417080015,82.94642072902943
1786604723,500,GET,/api/v1/users/leaderboard,190.000000,180.000000,3,5,6,7,170,270,390,520,570,570,570,11298,10675,3,10.660867169286721,1.1226660571992397,568.6597088351846,71.18029739776952
1786604723,500,,Aggregated,384.200000,369.400000,3,5,6,7,130,270,390,390,570,600,600,22654,21683,3,10.46829781284301,1.0964996181428432,604.6401248313487,107.01792177981814
1786604724,500,GET,/api/v1/games/history,77.700000,73.200000,5,11,160,250,790,930,1600,1600,1600,1600,1600,4679,4336,4,36.231933052341674,1.1782078072428703,1628.4161671064794,258.61615729856806
1786604724,500,GET,/api/v1/games/recent,116.700000,116.700000,4,8,82,240,620,950,1600,1600,1700,1700,1700,7077,6994,3,33.615367869827175,1.0964996181428432,1659.479709342122,85.36116998728275
1786604724,500,GET,/api/v1/users/leaderboard,188.800000,178.900000,5,9,140,250,740,1000,1600,1600,1700,1700,1700,11674,10923,3,35.267163763835605,1.1226660571992397,1658.8695831596851,70.8770772657187
1786604724,500,,Aggregated,383.200000,368.800000,5,9,130,250,640,1000,1600,1600,1700,1700,1700,23430,22253,3,34.96090665581265,1.0964996181428432,1659.479709342122,112.74370465215536
1786604725,500,GET,/api/v1/games/history,77.100000,72.800000,6,190,270,300,790,930,1600,1600,2000,2000,2000,4781,4430,4,42.66059377359854,1.1782078072428703,1968.071499839425,258.26270654674755
1786604725,500,GET,/api/v1/games/recent,118.000000,117.900000,6,200,270,350,630,860,1600,1600,1700,2000,2000,7290,7201,3,43.620322766076306,1.0964996181428432,1967.863750178367,85.68477366255144
1786604725,500,GET,/api/v1/users/leaderboard,191.200000,181.100000,7,210,280,390,780,1000,1600,1600,2000,2000,2000,12038,11135,3,47.898536803168966,1.1226660571992397,1968.8604171387851,70.5245888021266
1786604725,500,,Aggregated,386.300000,371.800000,6,200,280,370,740,1000,1600,1600,2000,2000,2000,24109,22766,4,45.56618017474051,1.0964996181428432,1968.8604171387851,112.33858724957484
1786604726,500,GET,/api/v1/games/history,78.400000,74.600000,160,330,590,790,1200,1300,1600,1600,2000,2000,2000,4935,4486,4,72.19007036449594,1.1782078072428703,1968.071499839425,300.16312056737587
1786604726,500,GET,/api/v1/games/recent,119.500000,119.100000,62,300,520,620,850,1000,1600,1600,1700,2000,2000,7477,7380,4,62.233158553715946,1.0964996181428432,1967.863750178367,86.33355623913334
1786604726,500,GET,/api/v1/users/leaderboard,195.000000,185.200000,61,280,500,620,850,1000,1600,1600,2000,2000,2000,12256,11268,4,58.94938646352183,1.1226660571992397,1968.8604171387851,70.32783942558747
1786604726,500,,Aggregated,392.900000,378.900000,65,290,520,630,910,1100,1600,1600,2000,2000,2000,24668,23134,4,62.59360322084665,1.0964996181428432,1968.8604171387851,121.15935625101346
1786604727,500,GET,/api/v1/games/history,91.100000,82.000000,250,580,880,1100,1300,1500,1600,1600,2200,2200,2200,5031,4520,4,93.79465622326485,1.1782078072428703,2179.2921661399305,326.704432518386
1786604727,500,GET,/api/v1/games/recent,141.000000,138.500000,220,510,650,760,980,1300,1600,1600,1700,2000,2000,7631,7530,4,78.92898571759397,1.0964996181428432,1967.863750178367,86.16852312934084
1786604727,500,GET,/api/v1/users/leaderboard,224.500000,202.400000,220,490,680,780,1000,1400,1600,1600,2000,2100,2100,12485,11378,4,76.52762390476975,1.1226660571992397,2086.577707901597,69.96876251501803
1786604727,500,,Aggregated,456.600000,422.900000,230,520,690,820,1100,1400,1600,1600,2000,2200,2200,25147,23428,4,80.71083588186485,1.0964996181428432,2179.2921661399305,126.24814093132382
1786604728,500,GET,/api/v1/games/history,86.700000,77.200000,370,740,920,1200,1400,1500,1600,1600,2100,2200,2200,5210,4600,4,116.06174224277962,1.1782078072428703,2179.2921661399305,369.17946257197696
1786604728,500,GET,/api/v1/games/recent,142.500000,139.600000,320,580,650,760,980,1200,1600,1600,1700,2000,2000,7883,7772,4,92.7601712363033,1.0964996181428432,1967.863750178367,86.83090194088545
1786604728,500,GET,/api/v1/users/leaderboard,228.900000,191.400000,310,530,660,780,1000,1300,1600,1600,2000,2100,2100,12910,11596,4,89.91543943806184,1.1226660571992397,2086.577707901597,69.53942680092952
1786604728,500,,Aggregated,458.100000,408.200000,320,570,730,820,1100,1400,1600,1600,2000,2200,2200,26003,23968,4,96.01655309333688,1.0964996181428432,2179.2921661399305,134.8177902549706
1786604729,500,GET,/api/v1/games/history,94.400000,75.500000,390,710,910,1100,1300,1500,1600,1600,2100,2200,2200,5352,4704,4,122.07140913824809,1.1782078072428703,2179.2921661399305,378.7763452914798
1786604729,500,GET,/api/v1/games/recent,149.600000,145.900000,330,580,650,750,980,1200,1600,1600,1700,2000,2000,8076,7961,4,98.26089456675592,1.0964996181428432,1967.863750178367,86.89846458642893
1786604729,500,GET,/api/v1/users/leaderboard,233.600000,190.400000,330,530,640,770,1000,1300,1600,1600,2000,2100,2100,13305,11864,4,97.89689720742341,1.1226660571992397,2086.577707901597,69.3271702367531
1786604729,500,,Aggregated,477.600000,411.800000,340,570,680,790,1100,1400,1600,1600,2000,2200,2200,26733,24529,4,102.84664585245925,1.0964996181428432,2179.2921661399305,136.58777540867092
1786604730,500,GET,/api/v1/games/history,100.100000,72.100000,490,790,1100,1100,1300,1500,1600,1600,2100,2200,2200,5522,4768,4,143.9704324437723,1.1782078072428703,2179.2921661399305,416.2118797537124
1786604730,500,GET,/api/v1/games/recent,154.100000,149.700000,430,620,720,780,980,1200,1600,1600,1700,2000,2000,8322,8202,4,114.21626505369893,1.0964996181428432,1967.863750178367,86.68913722662822
1786604730,500,GET,/api/v1/users/leaderboard,242.300000,184.000000,440,580,670,770,1000,1300,1600,1600,2000,2100,2100,13700,12053,4,111.44291558217964,1.1226660571992397,2086.577707901597,68.92087591240876
1786604730,500,,Aggregated,496.500000,405.800000,450,620,750,830,1100,1400,1600,1600,2000,2200,2200,27544,25023,4,118.8019325155117,1.0964996181428432,2179.2921661399305,143.91391954690675
1786604731,500,GET,/api/v1/games/history,111.700000,76.600000,550,780,1000,1100,1300,1500,1600,1600,2100,2200,2200,5663,4839,4,152.96811846744532,1.1782078072428703,2179.2921661399305,439.76567190535053
1786604731,500,GET,/api/v1/games/recent,169.500000,164.400000,460,600,670,760,950,1100,1600,1600,1700,2000,2000,8626,8506,4,124.79171245615845,1.0964996181428432,1967.863750178367,85.74576860653838
1786604731,500,GET,/api/v1/users/leaderboard,267.500000,193.600000,460,570,660,740,960,1200,1600,1600,2000,2100,2100,14121,12238,4,121.38745695937953,1.1226660571992397,2086.577707901597,68.49097089441258
1786604731,500,,Aggregated,548.700000,434.600000,470,610,730,790,1100,1300,1600,1600,2000,2200,2200,28410,25583,4,128.7160875132476,1.0964996181428432,2179.2921661399305,147.73660682858147
1786604732,500,GET,/api/v1/games/history,115.100000,77.200000,590,810,980,1100,1300,1500,1600,1600,2100,2200,2200,5812,4915,5,165.46044945058267,1.1782078072428703,2179.2921661399305,459.4230901582932
1786604732,500,GET,/api/v1/games/recent,177.500000,171.800000,490,610,690,760,950,1100,1600,1600,1700,2000,2000,8828,8708,4,134.36673782676405,1.0964996181428432,1967.863750178367,85.00985500679656
1786604732,500,GET,/api/v1/users/leaderboard,288.200000,196.700000,480,580,660,730,950,1100,1600,1600,2000,2100,2100,14490,12410,4,131.55386289581656,1.1226660571992397,2086.577707901597,68.15210489993099
1786604732,500,,Aggregated,580.800000,445.700000,490,620,730,790,1100,1300,1600,1600,2000,2200,2200,29130,26033,4,139.17134112948307,1.0964996181428432,2179.2921661399305,151.32708547888774
1786604733,500,GET,/api/v1/games/history,125.800000,76.300000,620,810,990,1100,1300,1500,1600,1600,2100,2200,2200,5946,4976,5,174.8733972853192,1.1782078072428703,2179.2921661399305,481.2177934746048
1786604733,500,GET,/api/v1/games/recent,187.000000,181.000000,480,610,670,760,940,1100,1600,1600,1700,2000,2000,9053,8933,4,141.02367122617372,1.0964996181428432,1967.863750178367,84.23638572848779
1786604733,500,GET,/api/v1/users/leaderboard,303.700000,195.100000,480,590,660,710,930,1100,1600,1600,2000,2100,2100,14853,12608,4,138.41966340612524,1.1226660571992397,2086.577707901597,67.8892479633744
1786604733,500,,Aggregated,616.500000,452.400000,500,620,720,780,1000,1300,1600,1600,2000,2200,2200,29852,26517,4,146.4703127576121,1.0964996181428432,2179.2921661399305,155.174594667024
1786604734,500,GET,/api/v1/games/history,132.900000,78.100000,570,740,910,1000,1200,1400,1500,1600,2100,2200,2200,6205,5126,5,184.6987813065019,1.1782078072428703,2179.2921661399305,506.9095890410959
1786604734,500,GET,/api/v1/games/recent,207.000000,201.000000,450,580,640,700,870,990,1200,1400,1500,1700,1700,9393,9273,5,148.44150555677126,1.0964996181428432,1967.863750178367,83.41318002768018
1786604734,500,GET,/api/v1/users/leaderboard,331.500000,200.100000,460,560,620,660,780,1000,1300,1400,2000,2100,2100,15495,12974,5,147.76221965438114,1.1226660571992397,2086.577707901597,67.51319780574379
1786604734,500,,Aggregated,671.400000,479.200000,470,590,660,720,930,1200,1400,1500,2000,2200,2200,31093,27373,5,155.3385840300464,1.0964996181428432,2179.2921661399305,160.00356993535522
1786604735,500,GET,/api/v1/games/history,138.400000,76.600000,550,730,890,1000,1200,1400,1500,1600,2100,2200,2200,6321,5190,5,189.0164546294586,1.1782078072428703,2179.2921661399305,519.4133839582345
1786604735,500,GET,/api/v1/games/recent,214.700000,208.800000,430,580,630,690,860,990,1300,1400,1600,1800,1800,9666,9546,5,156.50002508720596,1.0964996181428432,1967.863750178367,82.6219739292365
1786604735,500,GET,/api/v1/users/leaderboard,342.900000,196.500000,450,530,590,630,770,1000,1300,1400,2000,2100,2100,15931,13172,5,154.60578758224767,1.1226660571992397,2086.577707901597,67.1566128931015
1786604735,500,,Aggregated,696.000000,481.900000,450,570,630,690,930,1200,1400,1500,2000,2200,2200,31918,27908,5,161.99408027378058,1.0964996181428432,2179.2921661399305,161.4044739645341
1786604736,500,GET,/api/v1/games/history,142.900000,74.000000,520,700,790,890,1100,1400,1500,1600,2100,2200,2200,6523,5274,5,202.83440841416422,1.1782078072428703,2179.2921661399305,548.5379426644182
1786604736,500,GET,/api/v1/games/recent,226.500000,220.900000,410,530,600,630,770,920,1300,1400,1600,1800,1800,9933,9813,5,164.66667479537762,1.0964996181428432,1967.863750178367,81.86600221483943
1786604736,500,GET,/api/v1/users/leaderboard,358.000000,193.900000,430,510,570,610,760,1000,1300,1400,1900,2100,2100,16310,13367,5,162.7226325237049,1.1226660571992397,2086.577707901597,66.89773145309626
1786604736,500,,Aggregated,727.400000,488.800000,440,540,610,660,870,1100,1400,1500,1900,2200,2200,32766,28454,5,171.2973528440977,1.0964996181428432,2179.2921661399305,167.31947750717208
1786604737,500,GET,/api/v1/games/history,147.900000,74.000000,480,660,730,770,960,1100,1200,1300,1700,1800,1800,6643,5335,5,209.4408185185505,1.1782078072428703,2179.2921661399305,562.7114255607406
1786604737,500,GET,/api/v1/games/recent,228.400000,224.900000,410,490,580,600,690,780,930,1200,1600,1800,1800,10131,10011,5,170.80739043048493,1.0964996181428432,1967.863750178367,81.41901095647025
1786604737,500,GET,/api/v1/users/leaderboard,376.500000,193.600000,420,490,530,560,660,750,1000,1300,1700,2000,2000,16656,13569,5,169.1848075975271,1.1226660571992397,2086.577707901597,66.7348102785783
1786604737,500,,Aggregated,752.800000,492.500000,430,510,570,610,730,890,1100,1300,1700,2000,2000,33430,28915,5,177.67595528610187,1.0964996181428432,2179.2921661399305,169.74223751121747
1786604738,500,GET,/api/v1/games/history,156.700000,77.700000,490,670,730,770,950,1100,1200,1500,2100,2100,2100,6841,5443,6,218.98024985881216,1.1782078072428703,2179.2921661399305,581.3090191492472
1786604738,500,GET,/api/v1/games/recent,240.200000,237.100000,400,470,560,590,670,770,920,1300,2000,2000,2000,10366,10246,5,176.22295323980873,1.0964996181428432,2039.2740839160979,80.95996527107853
1786604738,500,GET,/api/v1/users/leaderboard,392.000000,207.200000,420,490,540,570,660,750,1000,1300,2100,2300,2300,17083,13836,5,175.884242137639,1.1226660571992397,2341.378333978355,66.5737868055962
1786604738,500,,Aggregated,788.900000,522.000000,430,510,570,610,730,890,1100,1300,2000,2300,2300,34290,29525,5,184.58447159537118,1.0964996181428432,2341.378333978355,173.61463983668708
1786604739,500,GET,/api/v1/games/history,160.300000,79.800000,510,680,750,790,960,1100,1200,1600,2500,2600,2600,6956,5498,6,226.45767027108656,1.1782078072428703,2603.912957943976,593.4396204715354
1786604739,500,GET,/api/v1/games/recent,247.800000,245.500000,410,490,560,590,660,760,920,1300,2500,2700,2700,10528,10408,6,181.76134762429032,1.0964996181428432,2740.945208352059,80.56212006079028
1786604739,500,GET,/api/v1/users/leaderboard,408.300000,212.700000,430,490,530,560,650,750,1100,1400,2400,2600,2600,17324,13951,5,180.50937817836362,1.1226660571992397,2556.153167039156,66.41895636111752
1786604739,500,,Aggregated,816.400000,538.000000,430,510,570,610,730,900,1100,1400,2500,2700,2700,34808,29857,6,190.0703140012692,1.0964996181428432,2740.945208352059,176.0160307975178
1786604740,500,GET,/api/v1/games/history,158.900000,80.600000,480,670,730,780,930,1200,1300,2300,3500,3500,3500,7196,5655,6,241.21961550182172,1.1782078072428703,3481.185083743185,605.9355197331851
1786604740,500,GET,/api/v1/games/recent,249.600000,248.000000,400,480,560,590,690,850,1200,1800,3200,3300,3300,10876,10756,6,193.71916518238197,1.0964996181428432,3310.316374991089,80.06840750275836
1786604740,500,GET,/api/v1/users/leaderboard,410.000000,216.000000,400,480,540,570,710,900,1200,1800,3200,3500,3500,17882,14331,6,191.40528306420637,1.1226660571992397,3483.529500197619,66.29582820713567
1786604740,500,,Aggregated,818.500000,544.600000,410,500,570,620,780,960,1300,1800,3300,3500,3500,35954,30742,6,202.07529803161913,1.0964996181428432,3483.529500197619,178.46798687211438
1786604741,500,GET,/api/v1/games/history,160.900000,82.900000,440,650,730,770,920,1200,1300,2100,3500,3500,3500,7399,5857,7,239.65452578279263,1.1782078072428703,3481.185083743185,591.6254899310718
1786604741,500,GET,/api/v1/games/recent,248.600000,247.700000,380,450,520,590,690,850,1200,1800,3200,3300,3300,11188,11068,6,193.4647565036376,1.0964996181428432,3310.316374991089,79.83482302466929
1786604741,500,GET,/api/v1/users/leaderboard,416.700000,221.100000,360,460,530,560,700,900,1200,1800,3200,3500,3500,18389,14815,6,191.34351904985894,1.1226660571992397,3483.529500197619,66.43939311544945
1786604741,500,,Aggregated,826.200000,551.700000,380,480,550,600,770,950,1300,1800,3300,3500,3500,36976,31740,6,201.65251795319764,1.0964996181428432,3483.529500197619,175.58370294244915
1786604742,500,GET,/api/v1/games/history,159.600000,79.000000,430,670,740,830,1100,1300,1400,2100,3500,3500,3500,7543,5918,8,253.50834848877795,1.1782078072428703,3481.185083743185,611.0129921781785
1786604742,500,GET,/api/v1/games/recent,241.400000,241.100000,370,460,570,610,810,1100,1200,1800,3200,3300,3300,11398,11278,7,204.5797162340288,1.0964996181428432,3310.316374991089,79.35655378136515
1786604742,500,GET,/api/v1/users/leaderboard,395.800000,206.700000,360,460,540,570,860,1000,1200,1800,3200,3500,3500,18673,14955,6,200.12435283453422,1.1226660571992397,3483.529500197619,66.25341402024313
1786604742,500,,Aggregated,796.800000,526.800000,370,480,570,640,890,1100,1300,1800,3300,3500,3500,37614,32151,7,212.17990957530628,1.0964996181428432,3483.529500197619,179.46846918700484
1786604743,500,GET,/api/v1/games/history,167.200000,90.400000,400,630,740,810,1200,1300,1400,2300,3500,3500,3500,7664,6012,8,254.8028296616151,1.1782078072428703,3481.185083743185,610.8430323590815
1786604743,500,GET,/api/v1/games/recent,257.100000,257.100000,360,450,570,620,830,1100,1200,1800,3200,3300,3300,11606,11486,7,207.11597253638445,1.0964996181428432,3310.316374991089,79.06031363088059
1786604743,500,GET,/api/v1/users/leaderboard,419.200000,232.400000,360,470,540,590,870,1000,1200,1800,3200,3500,3500,19107,15148,7,205.18498603853504,1.1226660571992397,3483.529500197619,65.98660176898518
1786604743,500,,Aggregated,843.500000,579.900000,360,480,580,650,890,1100,1300,1800,3300,3500,3500,38377,32646,7,215.67778596613036,1.0964996181428432,3483.529500197619,178.74979805612736
1786604744,500,GET,/api/v1/games/history,170.700000,99.500000,430,680,780,870,1100,1300,1400,2300,3500,3500,3500,7896,6132,10,264.173585505639,1.1782078072428703,3481.185083743185,630.7382218844984
1786604744,500,GET,/api/v1/games/recent,253.100000,253.100000,380,500,600,640,820,1100,1200,1800,3200,3300,3300,11934,11814,8,214.56194850555286,1.0964996181428432,3310.316374991089,78.53946706887884
1786604744,500,GET,/api/v1/users/leaderboard,419.200000,253.700000,370,480,540,580,880,1000,1200,1800,3300,3500,3500,19556,15412,7,209.55384546431003,1.1226660571992397,3483.529500197619,65.83544692166087
1786604744,500,,Aggregated,843.000000,606.300000,380,510,590,670,900,1100,1300,1800,3300,3500,3500,39386,33358,8,222.0213255095171,1.0964996181428432,3483.529500197619,182.9349768953435
1786604745,500,GET,/api/v1/games/history,172.500000,99.900000,440,690,790,870,1100,1300,1400,2100,3500,3500,3500,8079,6238,11,270.596794613805,1.1782078072428703,3481.185083743185,640.3486817675455
1786604745,500,GET,/api/v1/games/recent,254.500000,254.500000,380,510,590,650,810,1100,1200,1800,3200,3300,3300,12178,12058,8,219.92171706181642,1.0964996181428432,3310.316374991089,78.18902939727377
1786604745,500,GET,/api/v1/users/leaderboard,416.800000,253.100000,380,480,550,620,890,1000,1100,1800,3300,3500,3500,19968,15620,8,215.80010079161673,1.1226660571992397,3483.529500197619,65.64613381410257
1786604745,500,,Aggregated,843.800000,607.500000,390,510,620,710,910,1100,1300,1800,3300,3500,3500,40225,33916,8,228.05356337279636,1.0964996181428432,3483.529500197619,184.8697327532629
1786604747,500,GET,/api/v1/games/history,170.000000,102.100000,410,680,810,880,1100,1300,1400,2300,3500,3500,3500,8289,6340,13,278.559436764991,1.1782078072428703,3481.185083743185,657.6829533116178
1786604747,500,GET,/api/v1/games/recent,249.800000,249.800000,370,530,610,680,840,1100,1200,1800,3200,3300,3300,12434,12314,10,224.6307529858407,1.0964996181428432,3310.316374991089,77.74682322663664
1786604747,500,GET,/api/v1/users/leaderboard,421.200000,251.700000,370,510,600,690,880,960,1100,1800,3300,3500,3500,20398,15846,9,221.03117437915336,1.1226660571992397,3483.529500197619,65.46396705559368
1786604747,500,,Aggregated,841.000000,603.600000,370,530,650,730,910,1100,1300,1900,3300,3500,3500,41121,34500,10,233.71590790488858,1.0964996181428432,3483.529500197619,188.5550448675859
1786604748,500,GET,/api/v1/games/history,173.100000,103.100000,380,630,800,880,1100,1300,1400,2300,3500,3500,3500,8510,6509,17,278.7015416388554,1.1782078072428703,3481.185083743185,657.7687426556992
1786604748,500,GET,/api/v1/games/recent,248.400000,248.400000,370,530,590,670,830,1100,1200,1200,3200,3300,3300,12743,12623,12,225.48407571208875,1.0964996181428432,3310.316374991089,77.40822412304794
1786604748,500,GET,/api/v1/users/leaderboard,399.300000,241.100000,360,460,580,680,870,950,1100,1200,3300,3500,3500,20896,16242,11,221.49848580938212,1.1226660571992397,3483.529500197619,65.48248468606432
1786604748,500,,Aggregated,820.800000,592.600000,360,520,630,710,900,1100,1300,1400,3300,3500,3500,42149,35374,12,234.25291360693384,1.0964996181428432,3483.529500197619,188.67225794206269
1786604749,500,GET,/api/v1/games/history,174.700000,105.200000,370,590,750,840,970,1300,1400,1400,3500,3500,3500,8671,6609,24,280.74932218286654,1.1782078072428703,3481.185083743185,665.0267558528428
1786604749,500,GET,/api/v1/games/recent,246.600000,246.600000,360,500,570,640,810,1100,1200,1200,3200,3300,3300,13000,12880,18,228.24008464154142,1.0964996181428432,3310.316374991089,77.06876923076923
1786604749,500,GET,/api/v1/users/leaderboard,404.100000,243.300000,350,460,570,680,850,940,1100,1100,3200,3500,3500,21404,16472,15,225.947506320695,1.1226660571992397,3483.529500197619,65.22888245187815
1786604749,500,,Aggregated,825.400000,595.100000,360,500,610,700,880,1000,1300,1400,3300,3500,3500,43075,35961,18,237.67101330878305,1.0964996181428432,3483.529500197619,189.54149738827627
1786604750,500,GET,/api/v1/games/history,174.700000,105.200000,400,600,780,850,950,1300,1400,1400,1500,1700,1700,8764,6645,34,287.10476253456926,1.1782078072428703,3481.185083743185,674.8962802373345
1786604750,500,GET,/api/v1/games/recent,246.600000,246.600000,380,510,570,620,800,910,1200,1200,1300,1600,1600,13102,12982,24,232.07006516207878,1.0964996181428432,3310.316374991089,76.92749198595634
1786604750,500,GET,/api/v1/users/leaderboard,404.100000,243.300000,360,480,560,630,810,930,1100,1100,1400,1600,1600,21554,16565,18,228.65984407395288,1.1226660571992397,3483.529500197619,65.19569453465714
1786604750,500,,Aggregated,825.400000,595.100000,370,500,590,670,850,960,1200,1300,1500,1700,1700,43420,36192,23,241.48554610263707,1.0964996181428432,3483.529500197619,191.7992399815753
1786604751,500,GET,/api/v1/games/history,178.900000,114.400000,500,730,870,920,1300,1400,1500,1600,1700,1700,1700,8907,6710,69,299.8608033222662,1.1782078072428703,3481.185083743185,686.9026608285618
1786604751,500,GET,/api/v1/games/recent,258.100000,258.100000,470,560,660,750,900,1200,1200,1200,1400,1600,1600,13295,13175,39,240.8907062308558,1.0964996181428432,3310.316374991089,76.66498683715683
1786604751,500,GET,/api/v1/users/leaderboard,423.200000,258.000000,440,540,660,730,940,1100,1200,1400,1600,1800,1800,21926,16733,38,239.77974102939672,1.1226660571992397,3483.529500197619,65.02107087476055
1786604751,500,,Aggregated,860.200000,630.500000,460,570,700,790,950,1100,1400,1500,1600,1800,1800,44128,36618,44,252.2414955661078,1.0964996181428432,3483.529500197619,194.0526423132705
1786604752,500,GET,/api/v1/games/history,180.400000,114.600000,500,670,820,880,970,1400,1500,1600,1700,1700,1700,8977,6752,75,303.5628800247194,1.1782078072428703,3481.185083743185,689.0088002673499
1786604752,500,GET,/api/v1/games/recent,257.000000,257.000000,470,540,610,680,820,1000,1200,1200,1500,1600,1600,13424,13304,59,245.6511184856927,1.0964996181428432,3310.316374991089,76.43481823599524
1786604752,500,GET,/api/v1/users/leaderboard,421.200000,261.400000,450,540,640,710,880,1000,1200,1400,1600,1800,1800,22173,16831,63,244.82271220340232,1.1226660571992397,3483.529500197619,64.88819735714608
1786604752,500,,Aggregated,858.600000,633.000000,470,560,670,740,920,1100,1300,1500,1600,1800,1800,44574,36887,66,256.9021982819555,1.0964996181428432,3483.529500197619,194.06064073226545
1786604753,500,GET,/api/v1/games/history,169.400000,103.800000,560,770,880,930,1200,1400,1500,1600,1800,1900,1900,9147,6835,99,315.32893303651014,1.1782078072428703,3481.185083743185,701.6468787580627
1786604753,500,GET,/api/v1/games/recent,239.100000,239.100000,510,580,680,750,920,1000,1200,1200,1600,1600,1600,13669,13549,78,254.3209646253763,1.0964996181428432,3310.316374991089,76.12685639037238
1786604753,500,GET,/api/v1/users/leaderboard,398.400000,235.600000,470,570,690,740,910,1000,1200,1400,1600,1800,1800,22442,16996,78,250.07286219241453,1.1226660571992397,3483.529500197619,64.83250155957579
1786604753,500,,Aggregated,806.900000,578.500000,500,610,720,790,940,1100,1400,1500,1700,1900,1900,45258,37380,81,264.544659270657,1.0964996181428432,3483.529500197619,196.9488930133899
1786604754,500,GET,/api/v1/games/history,156.900000,88.600000,600,800,930,970,1300,1400,1500,1600,1900,2000,2000,9256,6883,110,321.9241872329229,1.1782078072428703,3481.185083743185,711.2831676750216
1786604754,500,GET,/api/v1/games/recent,220.700000,220.700000,520,610,690,760,940,1100,1200,1300,1900,2100,2100,13787,13667,90,258.01853026142027,1.0964996181428432,3310.316374991089,76.01044462174512
1786604754,500,GET,/api/v1/users/leaderboard,377.000000,200.500000,510,670,740,790,940,1100,1200,1500,1800,1900,1900,22751,17094,99,257.22704638229766,1.1226660571992397,3483.529500197619,64.62775262625819
1786604754,500,,Aggregated,754.600000,509.800000,520,680,750,820,1000,1200,1400,1500,1800,2100,2100,45794,37644,100,270.542085993488,1.0964996181428432,3483.529500197619,198.75833078569244
1786604755,500,GET,/api/v1/games/history,157.400000,89.300000,630,880,970,1100,1300,1400,1500,1600,2000,2100,2100,9384,6939,130,329.7591570254954,1.1782078072428703,3481.185083743185,721.8624254049446
1786604755,500,GET,/api/v1/games/recent,220.100000,220.100000,540,660,770,830,940,1100,1200,1300,1900,2100,2100,14009,13889,120,265.16840113278374,1.0964996181428432,3310.316374991089,75.71432650439003
1786604755,500,GET,/api/v1/users/leaderboard,372.900000,200.100000,540,680,730,770,930,1100,1200,1500,1800,1900,1900,23060,17250,110,262.17604280275384,1.1226660571992397,3483.529500197619,64.52098872506505
1786604755,500,,Aggregated,750.400000,509.500000,550,690,790,850,1000,1200,1400,1500,1900,2100,2100,46453,38078,120,276.73096695644887,1.0964996181428432,3483.529500197619,200.68656491507545
1786604756,500,GET,/api/v1/games/history,156.700000,87.100000,500,720,930,1000,1300,1400,1500,1600,2000,2100,2100,9758,7247,120,325.98709552354126,1.1782078072428703,3481.185083743185,714.0758352121336
1786604756,500,GET,/api/v1/games/recent,217.800000,217.800000,500,580,680,760,930,1100,1200,1200,1700,2100,2100,14569,14449,100,262.2492872040796,1.0964996181428432,3310.316374991089,75.41835403939872
1786604756,500,GET,/api/v1/users/leaderboard,359.000000,194.500000,480,610,710,750,920,1100,1200,1400,1800,1900,1900,23903,17940,100,260.17968481663644,1.1226660571992397,3483.529500197619,64.60879387524578
1786604756,500,,Aggregated,733.500000,499.400000,490,620,720,800,990,1200,1400,1500,1800,2100,2100,48230,39636,110,274.11915715461356,1.0964996181428432,3483.529500197619,199.27567903794318
1786604757,500,GET,/api/v1/games/history,146.300000,80.000000,510,730,930,1000,1300,1400,1500,1600,2000,2100,2100,9992,7409,130,326.52612530355685,1.1782078072428703,3481.185083743185,717.2855284227381
1786604757,500,GET,/api/v1/games/recent,206.100000,206.100000,500,590,680,750,930,1000,1200,1200,1700,2100,2100,14930,14810,120,263.2971775297285,1.0964996181428432,3310.316374991089,75.05324849296719
1786604757,500,GET,/api/v1/users/leaderboard,348.200000,181.900000,490,600,700,740,910,1100,1200,1400,1800,1900,1900,24531,18383,120,260.65784848461175,1.1226660571992397,3483.529500197619,64.56879050996699
1786604757,500,,Aggregated,700.600000,468.000000,500,620,720,790,980,1200,1400,1500,1800,2100,2100,49453,40602,120,274.76338312595794,1.0964996181428432,3483.529500197619,199.6157765959598
1786604758,500,GET,/api/v1/games/history,164.600000,97.600000,510,710,890,990,1300,1400,1500,1600,2000,2100,2100,10236,7597,130,326.05833557457856,1.1782078072428703,3481.185083743185,715.3550214927706
1786604758,500,GET,/api/v1/games/recent,232.800000,232.800000,490,580,670,740,920,1000,1200,1200,1700,2100,2100,15277,15157,120,263.4792465890892,1.0964996181428432,3310.316374991089,74.7860836551679
1786604758,500,GET,/api/v1/users/leaderboard,385.600000,224.200000,480,590,660,720,900,1100,1200,1400,1800,1900,1900,25112,18817,120,261.3247521924617,1.1226660571992397,3483.529500197619,64.55905543166614
1786604758,500,,Aggregated,783.000000,554.600000,490,610,700,760,960,1200,1400,1500,1800,2100,2100,50625,41571,120,275.0635604965926,1.0964996181428432,3483.529500197619,199.23136790123456
1786604759,500,GET,/api/v1/games/history,164.300000,101.300000,480,670,760,960,1200,1400,1500,1600,2000,2100,2100,10358,7678,140,326.4955848728406,1.1782078072428703,3481.185083743185,717.9816566904808
1786604759,500,GET,/api/v1/games/recent,241.500000,241.500000,430,550,630,680,900,1000,1200,1200,1700,2100,2100,15507,15387,130,264.3559046381592,1.0964996181428432,3310.316374991089,74.53949829109435
1786604759,500,GET,/api/v1/users/leaderboard,398.000000,239.200000,460,570,640,700,860,1100,1200,1400,1800,1900,1900,25509,19078,130,262.2414692565889,1.1226660571992397,3483.529500197619,64.51448508369594
1786604759,500,,Aggregated,803.800000,582.000000,460,570,660,720,940,1100,1400,1500,1800,2100,2100,51374,42143,130,275.834584042573,1.0964996181428432,3483.529500197619,199.29221006734923
1786604760,500,GET,/api/v1/games/history,163.900000,105.000000,460,650,720,820,1100,1200,1400,1400,2000,2100,2100,10561,7783,150,331.1522890218047,1.1782078072428703,3481.185083743185,728.8004923776158
1786604760,500,GET,/api/v1/games/recent,242.900000,242.900000,380,540,590,640,820,930,1100,1200,1700,2100,2100,15775,15655,140,267.298119734034,1.0964996181428432,3310.316374991089,74.2631378763867
1786604760,500,GET,/api/v1/users/leaderboard,404.700000,249.300000,420,540,610,650,770,850,1100,1200,1800,1900,1900,25915,19308,140,265.7524192031382,1.1226660571992397,3483.529500197619,64.41203935944434
1786604760,500,,Aggregated,811.500000,597.200000,410,550,630,680,830,1000,1200,1300,1800,2100,2100,52251,42746,140,279.43773529335306,1.0964996181428432,3483.529500197619,201.67271439781058
1786604761,500,GET,/api/v1/games/history,169.200000,106.400000,440,600,700,750,1100,1200,1400,1400,2000,2100,2100,10702,7870,160,332.9099498945806,1.1782078072428703,3481.185083743185,732.3968417118296
1786604761,500,GET,/api/v1/games/recent,248.700000,248.700000,370,510,570,620,810,930,1100,1200,1900,2100,2100,15942,15822,150,269.4104033197028,1.0964996181428432,3310.316374991089,74.10738928616234
1786604761,500,GET,/api/v1/users/leaderboard,409.900000,259.000000,370,490,580,620,730,840,1100,1200,1800,2000,2000,26342,19489,150,267.9639524181582,1.1226660571992397,3483.529500197619,64.24307190038722
1786604761,500,,Aggregated,827.800000,614.100000,380,510,590,650,800,980,1200,1400,1900,2100,2100,52986,43181,160,281.5168038367423,1.0964996181428432,3483.529500197619,202.1632506699883
1786604762,500,GET,/api/v1/games/history,176.600000,111.900000,350,520,670,720,950,1100,1300,1500,2500,2500,2500,11027,8115,160,335.27314361210006,1.1782078072428703,3481.185083743185,731.9320758139113
1786604762,500,GET,/api/v1/games/recent,261.400000,261.400000,310,470,530,570,680,850,930,1500,2100,2200,2200,16357,16237,150,270.94382041358784,1.0964996181428432,3310.316374991089,73.88414745980315
1786604762,500,GET,/api/v1/users/leaderboard,433.000000,271.200000,310,460,530,590,710,790,1100,1500,2200,2300,2300,27062,20063,150,269.5572331396176,1.1226660571992397,3483.529500197619,64.29801936294434
1786604762,500,,Aggregated,871.000000,644.500000,320,470,550,600,740,880,1200,1500,2200,2500,2500,54446,44415,150,283.28330581383415,1.0964996181428432,3483.529500197619,202.39450097344158
1786604763,500,GET,/api/v1/games/history,178.000000,114.700000,290,490,600,680,850,1100,1200,1400,2500,2500,2500,11177,8263,160,333.32774199929844,1.1782078072428703,3481.185083743185,723.3864185380693
1786604763,500,GET,/api/v1/games/recent,261.100000,261.100000,280,420,500,540,640,790,920,1300,2100,2200,2200,16610,16490,150,270.93778894751625,1.0964996181428432,3310.316374991089,73.71294400963275
1786604763,500,GET,/api/v1/users/leaderboard,441.200000,273.900000,280,450,510,570,650,750,830,1200,2200,2300,2300,27537,20391,150,270.4640290300713,1.1226660571992397,3483.529500197619,64.2587064676617
1786604763,500,,Aggregated,880.300000,649.700000,280,450,520,570,700,810,1100,1300,2200,2500,2500,55324,45144,150,283.3065001472322,1.0964996181428432,3483.529500197619,200.25945340177861
1786604764,500,GET,/api/v1/games/history,199.500000,130.800000,210,420,520,640,760,880,1000,1100,2400,2500,2500,11520,8551,150,330.6556157839724,1.1782078072428703,3481.185083743185,715.2951388888889
1786604764,500,GET,/api/v1/games/recent,286.900000,286.900000,220,360,450,480,600,690,800,1200,2000,2200,2200,17043,16923,140,269.3220588632928,1.0964996181428432,3310.316374991089,73.61033855541865
1786604764,500,GET,/api/v1/users/leaderboard,473.200000,307.300000,220,370,450,490,600,700,810,940,2200,2300,2300,28209,21009,150,268.04822722135333,1.1226660571992397,3483.529500197619,64.4037718458648
1786604764,500,,Aggregated,959.600000,725.000000,220,380,460,510,640,750,860,1100,2200,2500,2500,56772,46483,150,281.1347316410487,1.0964996181428432,3483.529500197619,199.24446910448813
1786604765,500,GET,/api/v1/games/history,204.300000,143.800000,250,440,540,670,780,850,990,1200,2400,2500,2500,11796,8760,150,331.2063020469353,1.1782078072428703,3481.185083743185,713.9856731095286
1786604765,500,GET,/api/v1/games/recent,297.100000,297.100000,230,370,460,500,620,720,790,1200,2100,2200,2200,17486,17366,140,268.9674212891844,1.0964996181428432,3310.316374991089,73.32883449616837
1786604765,500,GET,/api/v1/users/leaderboard,495.400000,339.900000,240,390,470,510,620,690,790,1100,2200,2300,2300,28922,21535,150,268.5120962404484,1.1226660571992397,3483.529500197619,64.38970334001797
1786604765,500,,Aggregated,996.800000,780.800000,240,400,470,530,660,760,850,1100,2200,2500,2500,58204,47661,150,281.3549019839629,1.0964996181428432,3483.529500197619,198.72658236547318
1786604766,500,GET,/api/v1/games/history,228.700000,166.600000,260,430,530,660,780,850,990,1200,2400,2500,2500,11975,8883,160,332.40122710092146,1.1782078072428703,3481.185083743185,716.604592901879
1786604766,500,GET,/api/v1/games/recent,324.700000,324.700000,250,370,460,510,630,720,790,1200,2100,2200,2200,17799,17679,150,270.6456386241787,1.0964996181428432,3310.316374991089,73.02977695376144
1786604766,500,GET,/api/v1/users/leaderboard,550.400000,390.800000,260,400,470,520,620,690,790,1100,2200,2300,2300,29391,21763,150,270.15174158218025,1.1226660571992397,3483.529500197619,64.25402334047838
1786604766,500,,Aggregated,1103.800000,882.100000,250,400,470,530,660,760,850,1200,2200,2500,2500,59165,48325,150,282.8996239879515,1.0964996181428432,3483.529500197619,198.9298909828446
1786604767,500,GET,/api/v1/games/history,237.300000,176.400000,280,450,530,650,780,850,1000,1200,2400,2500,2500,12245,9095,170,331.3579722878433,1.1782078072428703,3481.185083743185,713.983911800735
1786604767,500,GET,/api/v1/games/recent,337.600000,337.600000,260,380,450,500,630,720,800,1200,2000,2200,2200,18230,18110,160,270.4039688675,1.0964996181428432,3310.316374991089,72.84805266044981
1786604767,500,GET,/api/v1/users/leaderboard,570.500000,412.600000,270,390,460,520,620,700,830,1200,2200,2300,2300,30081,22235,160,269.81271515418615,1.1226660571992397,3483.529500197619,64.21548485755127
1786604767,500,,Aggregated,1145.400000,926.600000,270,390,470,530,660,760,860,1200,2200,2500,2500,60556,49440,160,282.43574555241827,1.0964996181428432,3483.529500197619,198.20362969813067
1786604768,500,GET,/api/v1/games/history,220.300000,163.400000,220,370,480,560,780,850,1000,1200,2400,2500,2500,12501,9338,160,327.4243795626958,1.1782078072428703,3481.185083743185,703.1796656267499
1786604768,500,GET,/api/v1/games/recent,321.400000,321.400000,210,320,410,450,570,720,790,1200,2000,2200,2200,18627,18507,150,267.93974077164245,1.0964996181428432,3310.316374991089,72.74220217963172
1786604768,500,GET,/api/v1/users/leaderboard,540.600000,382.600000,220,340,410,450,610,700,820,1200,2200,2300,2300,30741,22787,160,267.4248428350559,1.1226660571992397,3483.529500197619,64.28645782505448
1786604768,500,,Aggregated,1082.300000,867.400000,220,340,420,470,640,760,850,1200,2200,2500,2500,61869,50632,160,279.7031278000145,1.0964996181428432,3483.529500197619,195.92442095395108
1786604769,500,GET,/api/v1/games/history,223.000000,167.200000,210,340,450,500,730,800,950,1000,2400,2500,2500,12738,9504,170,327.8100278233566,1.1782078072428703,3481.185083743185,704.8779243209295
1786604769,500,GET,/api/v1/games/recent,325.500000,325.500000,210,310,400,440,550,690,770,830,2000,2200,2200,18945,18825,160,268.89974807688213,1.0964996181428432,3310.316374991089,72.58289786223278
1786604769,500,GET,/api/v1/users/leaderboard,548.400000,384.800000,210,330,390,430,600,670,750,960,2200,2300,2300,31343,23118,160,268.5434477065705,1.1226660571992397,3483.529500197619,64.16849057205755
1786604769,500,,Aggregated,1096.900000,877.500000,210,320,400,450,600,710,800,1000,2200,2500,2500,63026,51447,160,280.6287427918238,1.0964996181428432,3483.529500197619,196.18968362263192
1786604770,500,GET,/api/v1/games/history,234.600000,177.200000,180,300,410,480,710,800,920,1000,2400,2500,2500,13054,9772,170,325.2030235268027,1.1782078072428703,3481.185083743185,698.9815382258312
1786604770,500,GET,/api/v1/games/recent,341.500000,341.500000,180,290,380,430,550,680,770,800,2000,2200,2200,19376,19256,160,267.3622861712295,1.0964996181428432,3310.316374991089,72.47182080924856
1786604770,500,GET,/api/v1/users/leaderboard,575.500000,404.200000,180,290,360,410,600,670,730,780,2200,2300,2300,32077,23698,160,266.39546121011574,1.1226660571992397,3483.529500197619,64.21214577423076
1786604770,500,,Aggregated,1151.600000,922.900000,180,290,380,430,590,690,780,890,2200,2500,2500,64507,52726,160,278.5864965850142,1.0964996181428432,3483.529500197619,195.14861952966345
1786604771,500,GET,/api/v1/games/history,236.400000,180.800000,160,290,390,440,630,750,820,850,1100,1200,1200,13385,10046,160,323.34459716792304,1.1782078072428703,3481.185083743185,693.519013821442
1786604771,500,GET,/api/v1/games/recent,338.600000,338.600000,180,280,370,410,510,580,720,770,1100,1200,1200,19856,19736,160,266.6599123447809,1.0964996181428432,3310.316374991089,72.28918211120065
1786604771,500,GET,/api/v1/users/leaderboard,574.200000,401.100000,170,290,350,400,580,640,680,710,1200,1200,1200,32862,24297,160,265.86537598893005,1.1226660571992397,3483.529500197619,64.20363946199258
1786604771,500,,Aggregated,1149.200000,920.500000,170,290,360,410,560,660,720,790,1100,1200,1200,66103,54079,160,277.74283524739934,1.0964996181428432,3483.529500197619,194.0605721374219
1786604772,500,GET,/api/v1/games/history,250.100000,198.500000,190,300,400,460,630,750,820,850,1100,1200,1200,13673,10287,160,321.4755985441551,1.1782078072428703,3481.185083743185,688.8712791633145
1786604772,500,GET,/api/v1/games/recent,362.600000,362.600000,190,280,370,410,520,570,720,770,1100,1200,1200,20300,20180,160,265.31125099661995,1.0964996181428432,3310.316374991089,72.1460591133005
1786604772,500,GET,/api/v1/users/leaderboard,610.500000,438.100000,190,290,360,410,570,630,680,710,1100,1200,1200,33609,24869,160,264.5031906408853,1.1226660571992397,3483.529500197619,64.22297598857449
1786604772,500,,Aggregated,1223.200000,999.200000,190,290,370,410,550,650,720,790,1100,1200,1200,67582,55336,160,276.2724096412526,1.0964996181428432,3483.529500197619,192.97996507945902
1786604773,500,GET,/api/v1/games/history,258.200000,207.400000,180,300,380,430,590,690,800,830,1100,1200,1200,13891,10503,160,318.40137302432083,1.1782078072428703,3481.185083743185,679.5158735872147
1786604773,500,GET,/api/v1/games/recent,378.600000,378.600000,180,280,350,390,500,560,660,760,1100,1200,1200,20618,20498,150,263.2483772445688,1.0964996181428432,3310.316374991089,72.11266854205064
1786604773,500,GET,/api/v1/users/leaderboard,625.400000,454.600000,170,280,340,380,480,620,680,710,1200,1200,1200,34161,25416,160,262.1763553686022,1.1226660571992397,3483.529500197619,64.35997189777817
1786604773,500,,Aggregated,1262.200000,1040.600000,180,280,350,390,510,620,700,770,1100,1200,1200,68670,56417,160,273.87177793004486,1.0964996181428432,3483.529500197619,191.12530945099752
1786604774,500,GET,/api/v1/games/history,258.000000,215.200000,190,280,360,410,580,660,710,730,1100,1200,1200,14164,10716,160,318.6024429554194,1.1782078072428703,3481.185083743185,677.7525416548998
1786604774,500,GET,/api/v1/games/recent,385.000000,385.000000,190,270,330,390,490,540,640,660,1100,1200,1200,21014,20894,160,263.5611127473895,1.0964996181428432,3310.316374991089,71.96250118968307
1786604774,500,GET,/api/v1/users/leaderboard,640.500000,480.200000,180,270,330,360,470,620,720,770,1100,1200,1200,34866,25948,160,263.20017974875054,1.1226660571992397,3483.529500197619,64.36884070441117
1786604774,500,,Aggregated,1283.500000,1080.400000,180,270,330,380,500,620,700,740,1100,1200,1200,70044,57558,160,274.5116739822703,1.0964996181428432,3483.529500197619,190.68287076694648
1786604775,500,GET,/api/v1/games/history,271.600000,224.200000,160,270,340,400,550,630,700,720,1100,1200,1200,14500,11002,160,316.0366578429038,1.1782078072428703,3481.185083743185,671.7333793103448
1786604775,500,GET,/api/v1/games/recent,401.900000,401.900000,160,260,310,370,460,510,570,620,1100,1200,1200,21551,21431,160,261.5380584993117,1.0964996181428432,3310.316374991089,71.85750081202728
1786604775,500,GET,/api/v1/users/leaderboard,677.100000,502.700000,160,250,310,340,430,600,710,770,1100,1200,1200,35765,26662,160,260.98578596994383,1.1226660571992397,3483.529500197619,64.41509856004474
1786604775,500,,Aggregated,1350.600000,1128.800000,160,260,320,360,460,560,680,730,1100,1200,1200,71816,59095,160,272.2665544259749,1.0964996181428432,3483.529500197619,189.26897905759162
1786604776,500,GET,/api/v1/games/history,260.200000,212.300000,140,260,350,400,560,630,700,720,1100,1200,1200,14773,11225,160,315.0126050947404,1.1782078072428703,3481.185083743185,669.2321803289785
1786604776,500,GET,/api/v1/games/recent,391.500000,391.500000,140,250,320,370,470,530,570,620,1100,1200,1200,21946,21826,150,260.80221471887745,1.0964996181428432,3310.316374991089,71.72017679759409
1786604776,500,GET,/api/v1/users/leaderboard,656.700000,485.100000,140,240,310,360,460,640,710,750,1100,1200,1200,36505,27221,150,260.6479418711983,1.1226660571992397,3483.529500197619,64.42350362963978
1786604776,500,,Aggregated,1308.400000,1088.900000,140,250,320,370,480,600,680,720,1100,1200,1200,73224,60272,160,271.6622929270892,1.0964996181428432,3483.529500197619,188.6310226155359
1786604777,500,GET,/api/v1/games/history,266.100000,219.900000,160,300,390,450,590,650,700,710,780,790,790,15043,11445,160,314.5900567934273,1.1782078072428703,3481.185083743185,665.9046067938576
1786604777,500,GET,/api/v1/games/recent,399.800000,399.800000,160,280,360,400,500,550,600,620,680,680,680,22322,22202,150,260.8225015623106,1.0964996181428432,3310.316374991089,71.56088164142997
1786604777,500,GET,/api/v1/users/leaderboard,670.500000,499.000000,160,280,350,390,490,640,700,750,810,810,810,37116,27661,150,260.5370322250233,1.1226660571992397,3483.529500197619,64.41265222545533
1786604777,500,,Aggregated,1336.400000,1118.700000,160,280,360,400,520,610,680,720,790,810,810,74481,61308,160,271.5397294918354,1.0964996181428432,3483.529500197619,188.03889582578108
1786604778,500,GET,/api/v1/games/history,273.300000,226.500000,150,280,380,440,600,660,700,720,780,790,790,15187,11580,160,313.96994540330985,1.1782078072428703,3481.185083743185,661.6612234147626
1786604778,500,GET,/api/v1/games/recent,405.100000,405.100000,150,280,360,400,510,560,610,650,720,720,720,22571,22451,160,261.29233757564407,1.0964996181428432,3310.316374991089,71.41194453059235
1786604778,500,GET,/api/v1/users/leaderboard,694.000000,520.100000,130,250,330,380,490,610,700,750,810,810,810,37462,27951,150,259.92282461608437,1.1226660571992397,3483.529500197619,64.42509743206449
1786604778,500,,Aggregated,1372.400000,1151.700000,140,270,350,400,520,610,690,720,790,810,810,75220,61982,160,271.24594214341505,1.0964996181428432,3483.529500197619,187.10424089337943
1786604779,500,GET,/api/v1/games/history,268.700000,227.600000,130,270,370,450,620,680,750,770,810,870,870,15526,11867,160,312.724070898097,1.1782078072428703,3481.185083743185,657.6377689037743
1786604779,500,GET,/api/v1/games/recent,397.000000,397.000000,130,260,340,390,510,570,650,700,720,720,720,23047,22927,150,259.7189110837886,1.0964996181428432,3310.316374991089,71.3709810387469
1786604779,500,GET,/api/v1/users/leaderboard,687.700000,530.200000,120,250,340,380,560,690,790,820,870,940,940,38348,28640,150,260.1016478072071,1.1226660571992397,3483.529500197619,64.45368728486493
1786604779,500,,Aggregated,1353.400000,1154.800000,130,260,340,400,550,660,750,790,870,880,940,76921,63434,150,270.60846399062297,1.0964996181428432,3483.529500197619,186.25656192717204
1786604780,500,GET,/api/v1/games/history,267.600000,222.900000,120,250,350,440,600,670,750,770,810,870,870,15827,12130,160,311.00419622036196,1.1782078072428703,3481.185083743185,652.9174195994187
1786604780,500,GET,/api/v1/games/recent,388.700000,388.700000,110,220,300,360,510,560,650,700,720,720,720,23531,23411,150,258.18104010807457,1.0964996181428432,3310.316374991089,71.3094641111725
1786604780,500,GET,/api/v1/users/leaderboard,675.600000,513.700000,110,220,320,370,500,670,780,820,870,940,940,39141,29218,150,258.76089081510617,1.1226660571992397,3483.529500197619,64.44556858537084
1786604780,500,,Aggregated,1331.900000,1125.300000,110,230,320,370,530,640,740,790,870,880,940,78499,64759,150,269.12039001460965,1.0964996181428432,3483.529500197619,185.15103377113084
1786604781,500,GET,/api/v1/games/history,274.000000,231.300000,130,250,340,420,600,670,750,770,810,870,870,16164,12445,150,307.5814636267062,1.1782078072428703,3481.185083743185,644.3267136847315
1786604781,500,GET,/api/v1/games/recent,406.300000,406.300000,120,230,300,350,500,560,650,690,720,720,720,24033,23913,150,255.82224894671134,1.0964996181428432,3310.316374991089,71.25456663754005
1786604781,500,GET,/api/v1/users/leaderboard,694.000000,539.500000,120,230,320,370,500,660,780,820,870,940,940,39950,29889,150,256.6293557960009,1.1226660571992397,3483.529500197619,64.50480600750939
1786604781,500,,Aggregated,1374.300000,1177.100000,130,230,320,370,520,630,740,790,870,880,940,80147,66247,150,266.66332677515845,1.0964996181428432,3483.529500197619,183.46694199408586
1786604782,500,GET,/api/v1/games/history,267.900000,226.400000,130,250,340,420,600,670,750,770,810,870,870,16465,12712,150,305.58472047349215,1.1782078072428703,3481.185083743185,638.7435772851503
1786604782,500,GET,/api/v1/games/recent,400.900000,400.900000,130,230,300,350,500,560,650,690,720,720,720,24512,24392,150,254.56988925727353,1.0964996181428432,3310.316374991089,71.16742819843343
1786604782,500,GET,/api/v1/users/leaderboard,688.600000,529.800000,130,230,330,370,500,660,780,820,870,940,940,40776,30538,150,255.1482647975167,1.1226660571992397,3483.529500197619,64.53364724347655
1786604782,500,,Aggregated,1357.400000,1157.100000,130,230,320,370,520,630,740,790,870,880,940,81753,67642,150,265.13271920851685,1.0964996181428432,3483.529500197619,182.1681528506599
1786604783,500,GET,/api/v1/games/history,279.700000,241.600000,130,220,320,370,550,630,720,770,810,870,870,16779,12996,150,303.2936264112602,1.1782078072428703,3481.185083743185,633.0187734668335
1786604783,500,GET,/api/v1/games/recent,421.000000,421.000000,120,210,280,330,460,530,610,690,720,720,720,25004,24883,150,252.74339964603038,1.0964996181428432,3310.316374991089,71.14013757798752
1786604783,500,GET,/api/v1/users/leaderboard,713.900000,564.200000,120,210,280,340,430,570,750,820,870,940,940,41649,31232,150,253.15208524026744,1.1226660571992397,3483.529500197619,64.56928137530313
1786604783,500,,Aggregated,1414.600000,1226.800000,120,210,290,340,460,580,690,780,870,880,940,83432,69111,150,263.1135645852404,1.0964996181428432,3483.529500197619,180.8593345478953
1786604784,450,GET,/api/v1/games/history,279.900000,238.600000,110,200,280,350,530,630,720,770,810,870,870,17088,13287,150,300.3135401403655,1.1782078072428703,3481.185083743185,625.4549391385768
1786604784,450,GET,/api/v1/games/recent,419.800000,419.800000,110,190,260,310,440,530,610,690,720,720,720,25498,25369,140,250.49342569510185,1.0964996181428432,3310.316374991089,71.45603576751118
1786604784,450,GET,/api/v1/users/leaderboard,711.800000,548.300000,110,190,260,310,430,570,740,820,870,940,940,42499,31927,140,250.7717859814357,1.1226660571992397,3483.529500197619,64.6175439422104
1786604784,450,,Aggregated,1411.500000,1206.700000,110,190,260,320,450,570,690,780,870,880,940,85085,70583,140,260.6380592903251,1.0964996181428432,3483.529500197619,179.30235646706234
1786604785,400,GET,/api/v1/games/history,277.100000,237.600000,110,180,260,330,480,610,710,760,810,870,870,17440,13605,140,296.93829830655284,1.1782078072428703,3481.185083743185,619.6894495412844
1786604785,400,GET,/api/v1/games/recent,419.600000,419.600000,100,170,240,290,400,520,610,680,720,720,720,26017,25868,140,248.04179777925378,1.0964996181428432,3310.316374991089,72.3089134027751
1786604785,400,GET,/api/v1/users/leaderboard,714.400000,547.600000,100,170,240,290,390,470,730,820,870,940,940,43374,32663,140,248.09390813880825,1.1226660571992397,3483.529500197619,64.6808917784848
1786604785,400,,Aggregated,1411.100000,1204.800000,100,170,240,300,410,520,680,770,870,880,940,86831,72136,140,257.88868660849,1.0964996181428432,3483.529500197619,178.43988897974225
1786604786,350,GET,/api/v1/games/history,285.300000,250.000000,100,160,240,300,450,600,710,760,810,870,870,17784,13925,140,292.51875711105464,1.1782078072428703,3481.185083743185,612.263326585695
1786604786,350,GET,/api/v1/games/recent,438.100000,437.200000,99,160,220,260,380,500,600,680,720,720,720,26526,26369,130,244.5588510357705,1.0964996181428432,3310.316374991089,72.63597979341024
1786604786,350,GET,/api/v1/users/leaderboard,743.800000,578.500000,100,160,220,260,370,460,710,810,870,940,940,44273,33463,130,244.4869298492845,1.1226660571992397,3483.529500197619,64.77602602037359
1786604786,350,,Aggregated,1467.200000,1265.700000,100,160,220,260,380,500,670,770,870,880,940,88583,73757,130,254.15137785190404,1.0964996181428432,3483.529500197619,177.04369912962983
1786604787,300,GET,/api/v1/games/history,286.700000,253.300000,90,130,200,240,400,510,710,760,810,870,870,18136,14271,130,287.6426634440816,1.1782078072428703,3481.185083743185,602.8117556241729
1786604787,300,GET,/api/v1/games/recent,437.800000,435.400000,88,130,200,230,360,460,530,680,720,720,720,27036,26875,130,240.6814076673626,1.0964996181428432,3310.316374991089,72.80174582038764
1786604787,300,GET,/api/v1/users/leaderboard,746.500000,586.500000,89,130,200,230,350,430,690,810,870,940,940,45210,34382,130,240.22715884856996,1.1226660571992397,3483.529500197619,64.93333333333334
1786604787,300,,Aggregated,1471.000000,1275.200000,89,130,200,230,360,450,640,770,870,880,940,90382,75528,130,249.87740626961704,1.0964996181428432,3483.529500197619,175.21738841804785
1786604788,250,GET,/api/v1/games/history,292.500000,261.500000,79,110,150,200,350,420,510,590,660,660,660,18482,14612,130,282.4873575356346,1.1782078072428703,3481.185083743185,593.6854236554485
1786604788,250,GET,/api/v1/games/recent,450.300000,447.000000,79,110,150,200,320,380,480,510,540,550,550,27587,27419,120,236.11752731165097,1.0964996181428432,3310.316374991089,73.10323703193534
1786604788,250,GET,/api/v1/users/leaderboard,764.100000,611.500000,79,110,160,210,320,370,430,450,470,520,520,46115,35279,120,235.76753893292567,1.1226660571992397,3483.529500197619,65.08591564566844
1786604788,250,,Aggregated,1506.900000,1320.000000,79,110,150,200,320,380,450,500,610,660,660,92184,77310,120,245.2391480713788,1.0964996181428432,3483.529500197619,173.46426711793805
1786604789,200,GET,/api/v1/games/history,310.200000,278.700000,66,94,120,150,280,380,460,500,580,600,600,18763,14889,120,278.3674707562081,1.1782078072428703,3481.185083743185,586.4217342642435
1786604789,200,GET,/api/v1/games/recent,470.100000,466.200000,64,92,120,160,270,360,400,440,520,520,520,28073,27899,110,232.15962776892212,1.0964996181428432,3310.316374991089,73.35279450005343
1786604789,200,GET,/api/v1/users/leaderboard,803.800000,656.500000,66,95,120,160,260,340,390,420,470,520,520,46850,36004,120,232.1892855168204,1.1226660571992397,3483.529500197619,65.20303094983991
1786604789,200,,Aggregated,1584.100000,1401.400000,65,94,120,160,260,350,410,440,520,600,600,93686,78792,120,241.4287525416681,1.0964996181428432,3483.529500197619,172.03238477467283
1786604790,150,GET,/api/v1/games/history,315.600000,289.400000,44,81,110,130,260,380,470,500,590,600,600,18984,15106,120,275.17757985923987,1.0369997471570969,3481.185083743185,580.8526654024441
1786604790,150,GET,/api/v1/games/recent,489.300000,484.700000,42,79,100,120,260,360,410,450,520,520,520,28405,28226,110,229.50237878091545,1.0964996181428432,3310.316374991089,73.55567681746172
1786604790,150,GET,/api/v1/users/leaderboard,829.700000,697.500000,46,82,110,130,240,330,370,410,460,520,520,47444,36587,110,229.3407552957121,1.1182501912117004,3483.529500197619,65.29299806087177
1786604790,150,,Aggregated,1634.600000,1471.600000,44,80,110,130,250,340,400,440,520,600,600,94833,79919,110,238.56494089156178,1.0369997471570969,3483.529500197619,170.97441818776164
1786604791,100,GET,/api/v1/games/history,317.500000,296.300000,33,67,89,110,210,350,410,440,490,500,500,19148,15268,110,272.8630589007151,1.0369997471570969,3481.185083743185,576.7521934405682
1786604791,100,GET,/api/v1/games/recent,492.300000,487.100000,32,65,86,100,200,310,380,390,440,450,450,28633,28454,110,227.70945896146603,1.0964996181428432,3310.316374991089,73.54538469598016
1786604791,100,GET,/api/v1/users/leaderboard,831.500000,718.100000,33,68,91,110,210,280,340,350,390,420,420,47835,36967,110,227.5046132774787,1.1182501912117004,3483.529500197619,65.34840597888575
1786604791,100,,Aggregated,1641.300000,1501.500000,33,67,89,110,210,300,360,390,450,490,500,95616,80689,110,236.6494097891853,1.0369997471570969,3483.529500197619,170.21645958835342
1786604792,50,GET,/api/v1/games/history,317.100000,299.100000,24,46,69,84,140,270,390,420,490,500,500,19210,15326,110,271.9958597645096,1.0369997471570969,3481.185083743185,575.5388339406559
1786604792,50,GET,/api/v1/games/recent,489.200000,483.500000,22,45,66,81,150,260,370,390,440,450,450,28741,28562,110,226.86707073608946,1.0964996181428432,3310.316374991089,73.53832504088237
1786604792,50,GET,/api/v1/users/leaderboard,830.200000,737.000000,24,49,70,86,160,240,340,350,380,420,420,48042,37164,110,226.53988582653346,1.1182501912117004,3483.529500197619,65.37450564089755
1786604792,50,,Aggregated,1636.500000,1519.600000,23,48,69,84,150,250,350,380,440,490,500,95993,81052,110,235.73444043816212,1.0369997471570969,3483.529500197619,169.91226443594846
1786604793,50,GET,/api/v1/games/history,301.800000,285.700000,17,33,46,61,120,210,350,420,490,500,500,19273,15384,110,271.1230160499895,1.0369997471570969,3481.185083743185,574.624085508224
1786604793,50,GET,/api/v1/games/recent,462.500000,456.600000,14,31,42,59,110,200,320,400,440,450,450,28882,28703,110,225.77815591827147,1.0964996181428432,3310.316374991089,73.52738730004847
1786604793,50,GET,/api/v1/users/leaderboard,793.900000,713.300000,16,32,46,61,120,210,310,350,370,420,420,48235,37352,110,225.64834136533426,1.1182501912117004,3483.529500197619,65.40159635119727
1786604793,50,,Aggregated,1558.200000,1455.600000,16,32,45,61,120,210,320,360,440,490,500,96390,81439,110,234.7798146417664,1.0369997471570969,3483.529500197619,169.6544662309368
1786604794,50,GET,/api/v1/games/history,284.200000,271.300000,12,24,34,40,73,120,200,220,310,320,320,19351,15452,110,270.05603278232803,1.0369997471570969,3481.185083743185,573.854839543176
1786604794,50,GET,/api/v1/games/recent,437.800000,431.900000,10,21,33,39,66,120,190,210,270,310,310,28990,28811,110,224.95190580279115,1.0964996181428432,3310.316374991089,73.52128320110383
1786604794,50,GET,/api/v1/users/leaderboard,752.800000,688.900000,11,23,34,40,75,120,200,220,240,280,280,48429,37541,110,224.76130794675993,1.1182501912117004,3483.529500197619,65.42862747527307
1786604794,50,,Aggregated,1474.800000,1392.100000,11,23,34,40,72,120,200,220,300,320,320,96770,81804,110,233.8759473199068,1.0369997471570969,3483.529500197619,169.52247597395888
1786604795,50,GET,/api/v1/games/history,259.000000,248.800000,8,15,21,28,39,56,94,120,140,160,160,19428,15527,110,269.00174974224,1.0369997471570969,3481.185083743185,572.1370187358451
1786604795,50,GET,/api/v1/games/recent,403.000000,397.100000,7,12,18,24,38,54,81,120,140,150,150,29113,28934,100,224.01809445140708,1.0964996181428432,3310.316374991089,73.51331020506304
1786604795,50,GET,/api/v1/users/leaderboard,686.000000,639.100000,7,13,20,27,38,56,86,120,140,140,140,48610,37711,100,223.93842032100684,1.1182501912117004,3483.529500197619,65.44935198518823
1786604795,50,,Aggregated,1348.000000,1285.000000,7,13,20,26,38,55,86,120,140,160,160,97151,82172,110,232.97394148861252,1.0369997471570969,3483.529500197619,169.1919177363074
1786604796,50,GET,/api/v1/games/history,233.900000,224.600000,5,9,12,15,23,45,79,130,140,160,160,19506,15601,110,267.96715152594095,1.0369997471570969,3481.185083743185,570.7188044704194
1786604796,50,GET,/api/v1/games/recent,359.700000,354.700000,5,8,10,12,20,36,73,120,140,140,140,29240,29061,100,223.07089310631196,1.0964996181428432,3310.316374991089,73.50533515731874
1786604796,50,GET,/api/v1/users/leaderboard,612.500000,580.800000,5,8,11,13,23,37,75,120,140,140,140,48789,37881,100,223.13971483602967,1.1182501912117004,3483.529500197619,65.47096681629056
1786604796,50,,Aggregated,1206.100000,1160.100000,5,8,11,13,22,37,76,120,140,160,160,97535,82543,100,232.08411051651836,1.0369997471570969,3483.529500197619,168.9239760086123
1786604797,50,GET,/api/v1/games/history,213.000000,206.200000,4,6,7,9,15,20,34,55,72,76,76,19587,15678,110,266.8778401748243,1.0369997471570969,3481.185083743185,569.106958697095
1786604797,50,GET,/api/v1/games/recent,331.100000,327.600000,4,5,7,8,13,19,34,54,71,78,78,29348,29169,100,222.26417262725118,1.0964996181428432,3310.316374991089,73.49775112443778
1786604797,50,GET,/api/v1/users/leaderboard,561.100000,541.800000,4,6,7,8,13,19,36,55,76,80,80,48985,38068,100,222.2617623849854,1.1182501912117004,3483.529500197619,65.49502909053793
1786604797,50,,Aggregated,1105.200000,1075.600000,4,6,7,8,13,20,35,54,76,80,80,97920,82915,100,231.18706724057762,1.0369997471570969,3483.529500197619,168.6313725490196
1786604798,50,GET,/api/v1/games/history,188.500000,183.900000,3,4,6,6,10,16,24,34,72,76,76,19652,15740,110,266.0097836884028,1.0369997471570969,3481.185083743185,567.9025544473845
1786604798,50,GET,/api/v1/games/recent,290.100000,287.500000,3,4,5,6,8,11,18,22,60,63,63,29459,29280,100,221.44056528753512,1.0964996181428432,3310.316374991089,73.49017278251128
1786604798,50,GET,/api/v1/users/leaderboard,488.700000,479.000000,3,4,5,6,8,11,18,23,64,67,67,49202,38275,100,221.29906559138362,1.1182501912117004,3483.529500197619,65.52142189341896
1786604798,50,,Aggregated,967.300000,950.400000,3,4,5,6,8,12,18,25,66,76,76,98313,83295,100,230.2787882281819,1.0369997471570969,3483.529500197619,168.33127867118284
1786604799,50,GET,/api/v1/games/history,159.300000,154.900000,3,4,5,6,9,16,25,42,76,76,76,19732,15817,110,264.949273749825,1.0369997471570969,3481.185083743185,566.3409183052909
1786604799,50,GET,/api/v1/games/recent,251.900000,249.900000,3,4,5,5,7,9,16,23,60,63,63,29587,29408,100,220.49951303821604,1.0964996181428432,3310.316374991089,73.48237401561497
1786604799,50,GET,/api/v1/users/leaderboard,412.400000,403.400000,3,4,5,5,7,9,15,23,64,67,67,49383,38446,100,220.50249800832466,1.1182501912117004,3483.529500197619,65.54215013263673
1786604799,50,,Aggregated,823.600000,808.200000,3,4,5,5,7,10,18,25,67,76,76,98702,83671,100,229.38717575163972,1.0369997471570969,3483.529500197619,168.0394520881036
1786604800,50,GET,/api/v1/games/history,130.300000,125.900000,3,4,5,6,11,18,28,55,76,76,76,19802,15883,100,264.02824300621336,1.0369997471570969,3481.185083743185,565.2173012826987
1786604800,50,GET,/api/v1/games/recent,204.800000,203.500000,3,4,5,5,7,10,17,26,60,63,63,29699,29520,99,219.6820913208628,1.0964996181428432,3310.316374991089,73.47570625273578
1786604800,50,GET,/api/v1/users/leaderboard,337.400000,328.500000,3,4,5,5,7,10,18,25,66,67,67,49592,38644,100,219.5902326144879,1.1182501912117004,3483.529500197619,65.56626068720762
1786604800,50,,Aggregated,672.500000,657.900000,3,4,5,5,7,12,19,26,67,76,76,99093,84047,100,228.49792128571167,1.0369997471570969,3483.529500197619,167.78329448094215
1786604801,50,GET,/api/v1/games/history,106.200000,102.000000,3,4,5,6,11,15,23,55,76,76,76,19888,15962,100,262.907317126601,1.0369997471570969,3481.185083743185,564.1410901045857
1786604801,50,GET,/api/v1/games/recent,166.800000,166.100000,3,4,5,5,7,9,13,20,60,63,63,29811,29632,99,218.8719017008763,1.0964996181428432,3310.316374991089,73.47069873536614
1786604801,50,GET,/api/v1/users/leaderboard,280.700000,271.500000,3,4,5,5,7,8,13,20,66,67,67,49778,38822,100,218.78427976516264,1.1182501912117004,3483.529500197619,65.58873397886616
1786604801,50,,Aggregated,553.700000,539.600000,3,4,5,5,7,10,16,25,67,76,76,99477,84416,100,227.63186327260502,1.0369997471570969,3483.529500197619,167.62416437970586
1786604802,50,GET,/api/v1/games/history,88.700000,84.800000,3,4,5,6,9,13,23,55,76,76,76,19967,16039,100,261.88194766212854,1.0369997471570969,3481.185083743185,562.3645014273551
1786604802,50,GET,/api/v1/games/recent,139.600000,139.400000,3,4,5,5,7,9,12,20,60,63,63,29935,29756,98,217.9805978778448,1.0964996181428432,3310.316374991089,73.46313679639218
1786604802,50,GET,/api/v1/users/leaderboard,231.500000,222.300000,3,4,5,5,6,8,12,20,66,67,67,49967,38999,99,217.9699446032485,1.1182501912117004,3483.529500197619,65.6088418356115
1786604802,50,,Aggregated,459.800000,446.500000,3,4,5,5,7,9,15,25,67,76,76,99869,84794,99,226.7525485229002,1.0369997471570969,3483.529500197619,167.28041734672422
1786604803,50,GET,/api/v1/games/history,75.700000,71.400000,3,4,5,6,9,14,23,55,76,76,76,20032,16098,100,261.0482620686944,1.0369997471570969,3481.185083743185,561.3587260383387
1786604803,50,GET,/api/v1/games/recent,122.900000,122.900000,3,4,5,5,7,9,12,23,60,63,63,30055,29876,97,217.12633762747234,1.0964996181428432,3310.316374991089,73.458892031276
1786604803,50,GET,/api/v1/users/leaderboard,202.800000,193.900000,3,4,5,5,6,8,12,21,66,67,67,50163,39184,98,217.132234823451,1.1182501912117004,3483.529500197619,65.63048462013835
1786604803,50,,Aggregated,401.400000,388.200000,3,4,5,5,7,9,16,25,67,76,76,100250,85158,99,225.90578711822982,1.0369997471570969,3483.529500197619,167.03408478802993
1786604804,50,GET,/api/v1/games/history,74.000000,69.400000,3,4,5,6,9,14,22,37,72,72,72,20109,16169,100,260.0664616574421,1.0369997471570969,3481.185083743185,560.1648515590034
1786604804,50,GET,/api/v1/games/recent,118.300000,118.300000,3,4,5,5,7,8,13,23,60,63,63,30164,29985,96,216.35488426074014,1.0964996181428432,3310.316374991089,73.45086858506829
1786604804,50,GET,/api/v1/users/leaderboard,193.600000,184.800000,3,4,4,5,6,8,12,20,66,67,67,50363,39378,97,216.2834945137278,1.1182501912117004,3483.529500197619,65.65581875583266
1786604804,50,,Aggregated,385.900000,372.500000,3,4,5,5,7,9,16,25,67,72,72,100636,85532,98,225.0535677143899,1.0369997471570969,3483.529500197619,166.80463253706426
1786604805,50,GET,/api/v1/games/history,75.300000,70.800000,3,4,5,5,8,12,16,20,28,28,28,20179,16237,100,259.175069359066,1.0369997471570969,3481.185083743185,558.6816492393082
1786604805,50,GET,/api/v1/games/recent,117.100000,117.100000,3,4,4,5,6,7,10,12,30,31,31,30287,30108,96,215.4884765018863,1.0964996181428432,3310.316374991089,73.44586786410011
1786604805,50,GET,/api/v1/users/leaderboard,193.000000,183.700000,3,4,4,5,6,8,10,12,24,25,25,50558,39559,97,215.46084001923066,1.1182501912117004,3483.529500197619,65.6750069227422
1786604805,50,,Aggregated,385.400000,371.600000,3,4,4,5,6,8,12,14,25,31,31,101024,85904,97,224.20080735371286,1.0369997471570969,3483.529500197619,166.48013343363954
1786604806,50,GET,/api/v1/games/history,75.900000,71.700000,3,4,5,6,8,12,18,20,28,28,28,20258,16312,99,258.182903655969,1.0369997471570969,3481.185083743185,557.3565011353539
1786604806,50,GET,/api/v1/games/recent,118.600000,118.600000,3,4,4,5,6,8,11,13,30,31,31,30384,30205,95,214.81248257092477,1.0964996181428432,3310.316374991089,73.4381253291206
1786604806,50,GET,/api/v1/users/leaderboard,192.600000,183.000000,3,4,4,5,6,8,11,15,24,25,25,50755,39749,96,214.639702052118,1.1182501912117004,3483.529500197619,65.69888680918136
1786604806,50,,Aggregated,387.100000,373.300000,3,4,5,5,7,9,12,17,25,31,31,101397,86266,96,223.3909268553591,1.0369997471570969,3483.529500197619,166.2457370533645
1786604807,50,GET,/api/v1/games/history,75.800000,71.700000,3,4,5,5,8,12,18,20,28,28,28,20344,16397,99,257.1068737085292,1.0369997471570969,3481.185083743185,555.3591722375147
1786604807,50,GET,/api/v1/games/recent,116.900000,116.900000,3,4,4,5,6,8,11,14,30,31,31,30501,30322,95,214.00278880794346,1.0964996181428432,3310.316374991089,73.4309366906003
1786604807,50,GET,/api/v1/users/leaderboard,192.800000,182.900000,3,4,4,5,6,8,11,15,24,25,25,50955,39936,96,213.8131239376074,1.1182501912117004,3483.529500197619,65.71912471788833
1786604807,50,,Aggregated,385.500000,371.500000,3,4,4,5,7,9,12,16,25,31,31,101800,86655,96,222.52189617287019,1.0369997471570969,3483.529500197619,165.8807662082515
1786604808,50,GET,/api/v1/games/history,74.900000,70.800000,3,4,5,5,8,12,18,20,28,28,28,20419,16470,98,256.17748844726975,1.0369997471570969,3481.185083743185,553.7386257897057
1786604808,50,GET,/api/v1/games/recent,116.100000,116.100000,3,4,4,5,6,8,11,13,30,31,31,30609,30430,94,213.26123496677948,1.0964996181428432,3310.316374991089,73.42392760299258
1786604808,50,GET,/api/v1/users/leaderboard,195.700000,186.000000,3,4,4,5,6,8,10,13,24,25,25,51148,40118,95,213.02046770368466,1.1182501912117004,3483.529500197619,65.73950105575976
1786604808,50,,Aggregated,386.700000,372.900000,3,4,4,5,7,8,12,16,25,31,31,102176,87018,95,221.71715627751152,1.0369997471570969,3483.529500197619,165.56398762918886
1786604809,50,GET,/api/v1/games/history,75.700000,71.700000,3,4,5,5,8,12,16,20,28,28,28,20504,16551,97,255.13425782865943,1.0369997471570969,3481.185083743185,552.1828911431916
1786604809,50,GET,/api/v1/games/recent,115.000000,115.000000,3,4,4,5,6,7,10,13,30,31,31,30717,30538,94,212.5236921428809,1.0964996181428432,3310.316374991089,73.41853045544812
1786604809,50,GET,/api/v1/users/leaderboard,195.600000,185.800000,3,4,4,5,6,8,10,12,23,25,25,51360,40319,94,212.1568662873317,1.1182501912117004,3483.529500197619,65.76240264797508
1786604809,50,,Aggregated,386.300000,372.500000,3,4,4,5,6,8,11,14,25,31,31,102581,87408,95,220.8570761309508,1.0369997471570969,3483.529500197619,165.28121192033612
1786604810,50,GET,/api/v1/games/history,76.200000,72.500000,3,4,5,5,8,12,17,19,28,28,28,20582,16625,96,254.18364188870785,1.0369997471570969,3481.185083743185,550.8354387328734
1786604810,50,GET,/api/v1/games/recent,113.400000,113.400000,3,4,4,5,6,7,10,13,30,31,31,30837,30658,93,211.71092904525983,1.0964996181428432,3310.316374991089,73.41145377306482
1786604810,50,GET,/api/v1/users/leaderboard,195.900000,185.600000,3,4,4,5,6,8,10,12,23,25,25,51542,40492,94,211.42139837534944,1.1182501912117004,3483.529500197619,65.78219704318808
1786604810,50,,Aggregated,385.500000,371.500000,3,4,4,5,6,8,12,14,25,31,31,102961,87775,94,220.0563257095825,1.0369997471570969,3483.529500197619,165.02976855314148
1786604811,50,GET,/api/v1/games/history,77.400000,73.500000,3,4,5,5,8,12,17,20,28,28,28,20654,16694,96,253.31385484147177,1.0369997471570969,3481.185083743185,549.6450566476227
1786604811,50,GET,/api/v1/games/recent,112.900000,112.900000,3,4,4,5,6,7,9,13,30,31,31,30941,30762,93,211.01255969984402,1.0964996181428432,3310.316374991089,73.40929511004816
1786604811,50,GET,/api/v1/users/leaderboard,195.100000,184.700000,3,4,4,5,6,8,10,12,23,25,25,51753,40687,93,210.5762200537145,1.1182501912117004,3483.529500197619,65.80142213977933
1786604811,50,,Aggregated,385.400000,371.100000,3,4,4,5,7,8,12,15,25,31,31,103348,88143,93,219.24793013903044,1.0369997471570969,3483.529500197619,164.7748093818942
1786604812,50,GET,/api/v1/games/history,77.200000,73.400000,3,4,5,6,8,12,19,21,85,85,85,20734,16768,95,252.36356452852075,1.0369997471570969,3481.185083743185,548.777129352754
1786604812,50,GET,/api/v1/games/recent,113.500000,113.500000,3,4,4,5,6,8,11,13,19,20,20,31051,30872,92,210.28220531555604,1.0964996181428432,3310.316374991089,73.40475347009757
1786604812,50,GET,/api/v1/users/leaderboard,195.400000,184.900000,3,4,5,5,7,9,11,16,72,74,74,51944,40868,92,209.82572686822868,1.1182501912117004,3483.529500197619,65.82153858000925
1786604812,50,,Aggregated,386.100000,371.800000,3,4,5,5,7,9,13,18,65,85,85,103729,88508,93,218.4651009903783,1.0369997471570969,3483.529500197619,164.6277318782597
1786604813,50,GET,/api/v1/games/history,77.600000,74.000000,3,4,5,5,8,12,18,20,85,85,85,20831,16861,94,251.20348550348785,1.0369997471570969,3481.185083743185,546.9391771878451
1786604813,50,GET,/api/v1/games/recent,113.300000,113.300000,3,4,4,5,6,7,11,13,19,20,20,31164,30985,91,209.53053019523904,1.0964996181428432,3310.316374991089,73.40097548453343
1786604813,50,GET,/api/v1/users/leaderboard,195.400000,184.800000,3,4,4,5,7,8,11,16,72,74,74,52133,41044,92,209.0754771215941,1.1182501912117004,3483.529500197619,65.83933401108703
1786604813,50,,Aggregated,386.300000,372.100000,3,4,4,5,7,9,12,17,65,85,85,104128,88890,92,217.639454309193,1.0369997471570969,3483.529500197619,164.34734173325137
1786604814,50,GET,/api/v1/games/history,77.100000,73.700000,3,4,5,5,8,11,18,20,85,85,85,20898,16925,94,250.41126024161335,1.0369997471570969,3481.185083743185,545.7392573452005
1786604814,50,GET,/api/v1/games/recent,112.200000,112.200000,3,4,5,5,6,7,11,13,19,20,20,31289,31110,91,208.70870530537212,1.0964996181428432,3310.316374991089,73.39477132538592
1786604814,50,GET,/api/v1/users/leaderboard,196.200000,185.300000,3,4,5,5,7,8,11,16,72,74,74,52332,41232,91,208.29446848781515,1.1182501912117004,3483.529500197619,65.85962699686617
1786604814,50,,Aggregated,385.500000,371.200000,3,4,5,5,7,9,12,17,65,85,85,104519,89267,92,216.8394963760978,1.0369997471570969,3483.529500197619,164.06465810044108
1786604815,50,GET,/api/v1/games/history,78.700000,74.700000,3,4,5,5,8,11,18,20,85,85,85,20976,17001,93,249.49584913844618,1.0369997471570969,3481.185083743185,544.1094584286803
1786604815,50,GET,/api/v1/games/recent,110.400000,110.400000,3,4,5,5,6,8,11,13,20,30,30,31405,31226,90,207.95154162265789,1.0964996181428432,3310.316374991089,73.38872790956854
1786604815,50,GET,/api/v1/users/leaderboard,196.100000,185.500000,3,4,5,5,7,8,11,16,72,74,74,52519,41407,91,207.56462971794085,1.1182501912117004,3483.529500197619,65.87751099602049
1786604815,50,,Aggregated,385.200000,370.600000,3,4,5,5,7,9,12,17,65,85,85,104900,89634,91,216.06510852568306,1.0369997471570969,3483.529500197619,163.75437559580553
1786604816,50,GET,/api/v1/games/history,78.900000,75.300000,3,4,5,5,8,12,19,28,100,100,100,21063,17083,92,248.49653631324588,1.0369997471570969,3481.185083743185,542.819209039548
1786604816,50,GET,/api/v1/games/recent,111.500000,111.500000,3,4,5,5,7,9,13,23,63,69,69,31511,31332,90,207.2817540711241,1.0964996181428432,3310.316374991089,73.38208879438926
1786604816,50,GET,/api/v1/users/leaderboard,196.100000,184.900000,3,4,5,5,7,8,12,19,72,74,74,52707,41586,90,206.84513588089743,1.1182501912117004,3483.529500197619,65.89728119604607
1786604816,50,,Aggregated,386.500000,371.700000,3,4,5,5,7,9,14,21,72,100,100,105281,90001,90,215.30878766135913,1.0369997471570969,3483.529500197619,163.55270181704202
1786604817,50,GET,/api/v1/games/history,78.400000,75.000000,3,4,5,6,8,12,20,28,100,100,100,21144,17160,92,247.56293198401394,1.0369997471570969,3481.185083743185,541.4840143776012
1786604817,50,GET,/api/v1/games/recent,112.100000,112.100000,3,4,5,5,7,9,13,23,63,69,69,31625,31446,89,206.55042808012587,1.0964996181428432,3310.316374991089,73.3784347826087
1786604817,50,GET,/api/v1/users/leaderboard,196.600000,185.400000,3,4,5,5,7,9,11,19,72,74,74,52903,41769,89,206.09384651704244,1.1182501912117004,3483.529500197619,65.91548683439503
1786604817,50,,Aggregated,387.100000,372.500000,3,4,5,5,7,9,14,21,72,100,100,105672,90375,90,214.52807445865574,1.0369997471570969,3483.529500197619,163.30587099704746
1786604818,50,GET,/api/v1/games/history,80.100000,76.700000,3,4,5,6,8,12,20,31,100,100,100,21226,17242,91,246.62382201027307,1.0369997471570969,3481.185083743185,539.6741731838312
1786604818,50,GET,/api/v1/games/recent,111.700000,111.700000,3,4,5,5,7,9,16,29,63,69,69,31750,31571,88,205.75533448775687,1.0964996181428432,3310.316374991089,73.37089763779528
1786604818,50,GET,/api/v1/users/leaderboard,194.300000,182.800000,3,4,5,5,7,9,12,20,72,74,74,53084,41938,89,205.405313676461,1.1182501912117004,3483.529500197619,65.93218295531611
1786604818,50,,Aggregated,386.100000,371.200000,3,4,5,5,7,9,15,28,72,100,100,106060,90751,89,213.75923804617756,1.0369997471570969,3483.529500197619,162.96996039977373
1786604819,50,GET,/api/v1/games/history,80.100000,76.700000,3,4,5,6,8,12,20,31,100,100,100,21293,17305,91,245.8611584278089,1.0369997471570969,3481.185083743185,538.6197341849434
1786604819,50,GET,/api/v1/games/recent,111.300000,111.300000,3,4,5,6,7,10,16,29,63,69,69,31865,31686,88,205.02916605949926,1.0964996181428432,3310.316374991089,73.3657931900204
1786604819,50,GET,/api/v1/users/leaderboard,193.700000,182.100000,3,4,5,5,7,9,12,20,72,74,74,53289,42132,89,204.63079162132223,1.1182501912117004,3483.529500197619,65.95256056597046
1786604819,50,,Aggregated,385.100000,370.100000,3,4,5,5,7,10,16,28,72,100,100,106447,91123,89,212.99751310603324,1.0369997471570969,3483.529500197619,162.7211382190198
1786604820,50,GET,/api/v1/games/history,79.500000,75.900000,3,4,5,6,9,13,20,31,100,100,100,21362,17369,90,245.0818649623339,1.0369997471570969,3481.185083743185,537.7809662016665
1786604820,50,GET,/api/v1/games/recent,113.800000,113.800000,3,4,5,6,7,10,16,29,63,69,69,31971,31792,87,204.36142876968924,1.0964996181428432,3310.316374991089,73.36007631916424
1786604820,50,GET,/api/v1/users/leaderboard,193.600000,182.200000,3,4,5,5,7,9,12,20,72,74,74,53500,42334,88,203.83868980053464,1.1182501912117004,3483.529500197619,65.97480373831776
1786604820,50,,Aggregated,386.900000,371.900000,3,4,5,5,7,10,16,28,72,100,100,106833,91495,88,212.2419846194501,1.0369997471570969,3483.529500197619,162.5258487545983
1786604821,50,GET,/api/v1/games/history,78.500000,75.200000,3,4,5,6,8,13,19,33,100,100,100,21438,17439,90,244.23113773797257,1.0369997471570969,3481.185083743185,536.8724228006344
1786604821,50,GET,/api/v1/games/recent,114.900000,114.900000,3,4,5,6,7,10,16,28,63,69,69,32103,31924,87,203.54031349451338,1.0964996181428432,3310.316374991089,73.35336261408591
1786604821,50,GET,/api/v1/users/leaderboard,193.100000,181.700000,3,4,5,5,7,8,14,20,72,74,74,53675,42503,87,203.18764535853362,1.1182501912117004,3483.529500197619,65.99401956217979
1786604821,50,,Aggregated,386.500000,371.800000,3,4,5,5,7,9,17,28,72,100,100,107216,91866,88,211.49995037643924,1.0369997471570969,3483.529500197619,162.35042344426205
1786604822,50,GET,/api/v1/games/history,77.900000,74.200000,3,4,5,6,8,14,18,31,100,100,100,21523,17516,89,243.28532302643958,1.0369997471570969,3481.185083743185,535.8325512242717
1786604822,50,GET,/api/v1/games/recent,114.500000,114.500000,3,4,5,6,7,9,16,28,63,69,69,32221,32042,86,202.8092310693167,1.0964996181428432,3310.316374991089,73.34834424754042
1786604822,50,GET,/api/v1/users/leaderboard,193.200000,182.100000,3,4,5,5,6,8,11,16,66,67,67,53857,42677,87,202.51412753971582,1.1182501912117004,3483.529500197619,66.01279313738233
1786604822,50,,Aggregated,385.600000,370.800000,3,4,5,5,7,9,16,21,66,100,100,107601,92235,87,210.7577960120165,1.0369997471570969,3483.529500197619,162.18559307069637
1786604823,50,GET,/api/v1/games/history,78.100000,74.500000,3,4,5,6,8,14,18,31,100,100,100,21598,17588,88,242.4547424971692,1.0369997471570969,3481.185083743185,534.5269006389481
1786604823,50,GET,/api/v1/games/recent,114.400000,114.400000,3,4,5,6,7,9,16,29,63,69,69,32327,32148,86,202.15681964086377,1.0964996181428432,3310.316374991089,73.34274754848887
1786604823,50,GET,/api/v1/users/leaderboard,193.000000,181.800000,3,4,5,5,7,8,11,20,66,67,67,54045,42854,86,201.82425299660576,1.1182501912117004,3483.529500197619,66.03038208899991
1786604823,50,,Aggregated,385.500000,370.700000,3,4,5,5,7,9,16,28,66,100,100,107970,92590,87,210.051429009777,1.0369997471570969,3483.529500197619,161.93641752338613
1786604824,50,GET,/api/v1/games/history,78.300000,74.100000,3,4,5,6,9,14,18,30,100,100,100,21675,17661,88,241.6098365626344,1.0369997471570969,3481.185083743185,533.5186620530566
1786604824,50,GET,/api/v1/games/recent,115.000000,115.000000,3,4,5,6,7,9,16,29,63,69,69,32446,32267,85,201.42991036576927,1.0964996181428432,3310.316374991089,73.33705233310732
1786604824,50,GET,/api/v1/users/leaderboard,191.900000,181.700000,3,4,5,5,7,8,11,20,66,67,67,54242,43041,86,201.1054523678202,1.1182501912117004,3483.529500197619,66.04961100254415
1786604824,50,,Aggregated,385.200000,370.800000,3,4,5,6,7,9,16,24,66,100,100,108363,92969,86,209.30437535467044,1.0369997471570969,3483.529500197619,161.73577697184464
1786604825,50,GET,/api/v1/games/history,77.100000,73.300000,3,4,5,6,8,13,17,18,36,36,36,21751,17731,87,240.78149502903574,1.0369997471570969,3481.185083743185,532.5688933842122
1786604825,50,GET,/api/v1/games/recent,116.900000,116.900000,3,4,5,6,7,9,11,14,29,32,32,32571,32392,85,200.67238836879451,1.0964996181428432,3310.316374991089,73.32986398943845
1786604825,50,GET,/api/v1/users/leaderboard,191.000000,180.800000,3,4,5,5,7,8,10,14,30,30,30,54419,43212,85,200.4639381474192,1.1182501912117004,3483.529500197619,66.06857898895606
1786604825,50,,Aggregated,385.000000,371.000000,3,4,5,6,7,9,13,17,30,36,36,108741,93335,85,208.59092439816598,1.0369997471570969,3483.529500197619,161.5556137979235
1786604826,50,GET,/api/v1/games/history,78.000000,74.000000,3,4,5,6,8,13,17,18,36,36,36,21842,17816,87,239.79554871932422,1.0369997471570969,3481.185083743185,531.4108598113726
1786604826,50,GET,/api/v1/games/recent,114.500000,114.500000,3,4,5,6,7,8,11,14,29,32,32,32697,32518,84,199.91364340263215,1.0964996181428432,3310.316374991089,73.321986726611
1786604826,50,GET,/api/v1/users/leaderboard,190.900000,180.900000,3,4,5,5,7,8,11,16,30,30,30,54589,43377,85,199.85109586327863,1.1182501912117004,3483.529500197619,66.08714209822492
1786604826,50,,Aggregated,383.400000,369.400000,3,4,5,6,7,9,13,17,30,36,36,109128,93711,85,207.86472990931622,1.0369997471570969,3483.529500197619,161.389524228429
1786604827,50,GET,/api/v1/games/history,77.700000,73.300000,3,4,5,6,8,13,17,18,36,36,36,21923,17896,86,238.92353649327586,1.0369997471570969,3481.185083743185,529.8223327099394
1786604827,50,GET,/api/v1/games/recent,114.400000,114.400000,3,4,5,6,7,8,11,14,29,32,32,32818,32639,84,199.19027431073536,1.0964996181428432,3310.316374991089,73.31494911329149
1786604827,50,GET,/api/v1/users/leaderboard,190.500000,180.700000,3,4,5,5,7,8,11,16,30,30,30,54778,43555,84,199.1745423488474,1.1182501912117004,3483.529500197619,66.10436671656504
1786604827,50,,Aggregated,382.600000,368.400000,3,4,5,5,7,9,13,17,30,36,36,109519,94090,84,207.13602382834907,1.0369997471570969,3483.529500197619,161.0899478629279
1786604828,50,GET,/api/v1/games/history,76.600000,72.300000,3,4,5,6,8,13,17,18,36,36,36,21997,17963,85,238.13688004621505,1.0369997471570969,3481.185083743185,529.2283038596172
1786604828,50,GET,/api/v1/games/recent,117.300000,117.300000,3,4,5,5,7,8,10,12,20,32,32,32940,32761,83,198.4669246343708,1.0964996181428432,3310.316374991089,73.31086824529447
1786604828,50,GET,/api/v1/users/leaderboard,189.600000,180.300000,3,4,5,5,7,8,10,14,28,30,30,54973,43741,84,198.48176169878218,1.1182501912117004,3483.529500197619,66.12342422643843
1786604828,50,,Aggregated,383.500000,369.900000,3,4,5,5,7,8,12,16,28,36,36,109910,94465,84,206.413750647802,1.0369997471570969,3483.529500197619,160.96167773632973
1786604829,50,GET,/api/v1/games/history,77.100000,72.600000,3,4,5,6,9,12,16,18,36,36,36,22077,18037,85,237.28973289712323,1.0369997471570969,3481.185083743185,528.2554694931376
1786604829,50,GET,/api/v1/games/recent,119.100000,119.100000,3,4,5,5,7,8,10,12,32,66,66,33059,32880,82,197.76678741923791,1.0964996181428432,3310.316374991089,73.30684533712453
1786604829,50,GET,/api/v1/users/leaderboard,187.900000,178.800000,3,4,5,5,7,8,10,12,64,69,69,55160,43918,83,197.82395929176133,1.1182501912117004,3483.529500197619,66.14075416968818
1786604829,50,,Aggregated,384.100000,370.500000,3,4,5,5,7,9,12,16,36,69,69,110296,94835,83,205.7063470388403,1.0369997471570969,3483.529500197619,160.78616631609486
1786604830,50,GET,/api/v1/games/history,77.600000,72.800000,3,4,5,6,8,12,16,18,21,21,21,22155,18110,84,236.46983646673573,1.0369997471570969,3481.185083743185,527.3536447754457
1786604830,50,GET,/api/v1/games/recent,117.900000,117.900000,3,4,5,5,7,8,10,11,32,66,66,33193,33014,82,196.98425999717475,1.0964996181428432,3310.316374991089,73.29982225167957
1786604830,50,GET,/api/v1/users/leaderboard,187.500000,178.800000,3,4,5,5,7,8,9,12,64,69,69,55341,44092,83,197.18890511996835,1.1182501912117004,3483.529500197619,66.15901411250249
1786604830,50,,Aggregated,383.000000,369.500000,3,4,5,5,7,8,12,16,32,69,69,110689,95216,83,204.9898270582526,1.0369997471570969,3483.529500197619,160.6109640524352
1786604831,50,GET,/api/v1/games/history,78.300000,73.200000,3,4,5,6,8,11,16,17,20,20,20,22236,18188,84,235.62305559700982,1.0369997471570969,3481.185083743185,526.0843227199136
1786604831,50,GET,/api/v1/games/recent,119.000000,119.000000,3,4,5,5,7,8,10,11,32,66,66,33315,33136,81,196.2770239794304,1.0964996181428432,3310.316374991089,73.29584271349242
1786604831,50,GET,/api/v1/users/leaderboard,187.000000,178.400000,3,4,5,5,7,8,10,12,64,69,69,55535,44272,82,196.5133176209004,1.1182501912117004,3483.529500197619,66.17459259926173
1786604831,50,,Aggregated,384.300000,370.600000,3,4,5,5,7,8,11,14,32,69,69,111086,95596,82,204.27101896014383,1.0369997471570969,3483.529500197619,160.37005563257296
1786604832,50,GET,/api/v1/games/history,79.500000,74.400000,3,4,5,6,8,11,16,18,38,38,38,22317,18264,83,234.7868350533525,1.0369997471570969,3481.185083743185,525.0223596361518
1786604832,50,GET,/api/v1/games/recent,118.800000,118.800000,3,4,5,5,7,8,10,11,18,66,66,33432,33253,81,195.6049401261837,1.0964996181428432,3310.316374991089,73.29121799473559
1786604832,50,GET,/api/v1/users/leaderboard,185.300000,176.800000,3,4,5,5,7,8,10,11,64,69,69,55727,44455,82,195.85098488017383,1.1182501912117004,3483.529500197619,66.19277908374755
1786604832,50,,Aggregated,383.600000,370.000000,3,4,5,5,7,8,11,13,39,69,69,111476,95972,82,203.5719795346235,1.0369997471570969,3483.529500197619,160.17726685564605
1786604833,50,GET,/api/v1/games/history,78.800000,73.700000,3,4,5,6,8,11,16,18,38,38,38,22402,18343,83,233.9110486253668,1.0369997471570969,3481.185083743185,523.9373716632443
1786604833,50,GET,/api/v1/games/recent,121.000000,121.000000,3,4,5,5,7,8,10,12,26,66,66,33543,33364,80,194.96968888701508,1.0964996181428432,3310.316374991089,73.2859613034016
1786604833,50,GET,/api/v1/users/leaderboard,185.200000,176.600000,3,4,5,5,7,8,10,11,64,69,69,55911,44631,81,195.21761805820907,1.1182501912117004,3483.529500197619,66.21045948024539
1786604833,50,,Aggregated,385.000000,371.300000,3,4,5,5,7,8,11,14,39,69,69,111856,96338,81,202.8926103999351,1.0369997471570969,3483.529500197619,160.00365648691175
1786604834,50,GET,/api/v1/games/history,79.900000,75.100000,3,4,5,6,8,11,17,18,38,38,38,22479,18417,82,233.12541180351144,1.0369997471570969,3481.185083743185,522.8766404199475
1786604834,50,GET,/api/v1/games/recent,121.800000,121.800000,3,4,5,5,7,9,11,13,29,66,66,33648,33469,80,194.3756252864166,1.0964996181428432,3310.316374991089,73.27793628150262
1786604834,50,GET,/api/v1/users/leaderboard,184.400000,175.200000,3,4,5,5,7,8,10,12,64,69,69,56109,44821,81,194.54309037100805,1.1182501912117004,3483.529500197619,66.2297135931847
1786604834,50,,Aggregated,386.100000,372.100000,3,4,5,5,7,9,12,16,39,69,69,112236,96707,81,202.22028074054109,1.0369997471570969,3483.529500197619,159.80151644748565
1786604835,50,GET,/api/v1/games/history,79.800000,74.800000,3,4,5,6,9,12,18,22,80,80,80,22559,18491,82,232.3240613580289,1.0369997471570969,3481.185083743185,522.034265703267
1786604835,50,GET,/api/v1/games/recent,121.400000,121.400000,3,4,5,5,7,9,12,18,66,66,66,33753,33574,79,193.79041691028738,1.0964996181428432,3310.316374991089,73.27209433235564
1786604835,50,GET,/api/v1/users/leaderboard,185.800000,176.800000,3,4,5,5,7,8,11,15,69,71,71,56312,45017,80,193.86125193356222,1.1182501912117004,3483.529500197619,66.2500177582043
1786604835,50,,Aggregated,387.000000,373.000000,3,4,5,5,7,9,13,20,66,80,80,112624,97082,80,201.54426464191877,1.0369997471570969,3483.529500197619,159.64976381588295
1786604836,50,GET,/api/v1/games/history,79.500000,74.700000,3,4,5,6,9,12,18,23,80,80,80,22632,18561,81,231.58650025808078,1.0369997471570969,3481.185083743185,521.0205903145988
1786604836,50,GET,/api/v1/games/recent,122.000000,122.000000,3,4,5,5,7,9,12,18,66,66,66,33872,33693,79,193.1215514282281,1.0964996181428432,3310.316374991089,73.264761454889
1786604836,50,GET,/api/v1/users/leaderboard,185.800000,176.800000,3,4,5,5,7,8,11,15,69,71,71,56513,45210,80,193.18360623582234,1.1182501912117004,3483.529500197619,66.26935395395749
1786604836,50,,Aggregated,387.300000,373.500000,3,4,5,5,7,9,13,20,66,80,80,113017,97464,80,200.85530498086882,1.0369997471570969,3483.529500197619,159.4312537051948
1786604837,50,GET,/api/v1/games/history,79.600000,75.200000,3,4,5,5,9,12,18,23,80,80,80,22705,18629,81,230.8556679279175,1.0369997471570969,3481.185083743185,520.1595243338471
1786604837,50,GET,/api/v1/games/recent,120.200000,120.200000,3,4,5,5,7,9,11,18,66,66,66,33976,33797,78,192.54165761800104,1.0964996181428432,3310.316374991089,73.25829997645397
1786604837,50,GET,/api/v1/users/leaderboard,187.000000,178.200000,3,4,5,5,7,8,10,15,69,71,71,56716,45406,79,192.50545470019452,1.1182501912117004,3483.529500197619,66.28937160589604
1786604837,50,,Aggregated,386.800000,373.600000,3,4,5,5,7,9,13,20,66,80,80,113397,97832,79,200.19500223382278,1.0369997471570969,3483.529500197619,159.25389560570386
1786604838,50,GET,/api/v1/games/history,80.400000,75.700000,3,4,5,6,9,13,19,23,80,80,80,22781,18700,80,230.10065433949492,1.0369997471570969,3481.185083743185,519.3556033536719
1786604838,50,GET,/api/v1/games/recent,117.100000,117.100000,3,4,5,5,7,9,11,18,66,66,66,34094,33915,78,191.88922314468442,1.0964996181428432,3310.316374991089,73.2524784419546
1786604838,50,GET,/api/v1/users/leaderboard,189.200000,180.300000,3,4,5,5,7,8,11,15,69,71,71,56906,45588,79,191.8753883105028,1.1182501912117004,3483.529500197619,66.30713808737215
1786604838,50,,Aggregated,386.700000,373.100000,3,4,5,5,7,9,13,20,66,80,80,113781,98203,79,199.5329187439061,1.0369997471570969,3483.529500197619,159.09672089364656
1786604839,50,GET,/api/v1/games/history,78.900000,74.200000,3,4,5,6,8,14,19,23,80,80,80,22848,18764,80,229.43773135917144,1.0369997471570969,3481.185083743185,518.3459821428571
1786604839,50,GET,/api/v1/games/recent,116.400000,116.400000,3,4,5,5,7,8,11,18,65,66,66,34213,34034,77,191.23629775398945,1.0964996181428432,3310.316374991089,73.24668985473357
1786604839,50,GET,/api/v1/users/leaderboard,191.100000,182.500000,3,4,5,5,7,8,11,22,61,71,71,57097,45769,78,191.2481780631016,1.1182501912117004,3483.529500197619,66.32374730721403
1786604839,50,,Aggregated,386.400000,373.100000,3,4,5,5,7,9,15,22,65,80,80,114158,98567,78,198.88801454142944,1.0369997471570969,3483.529500197619,158.86792866027787
1786604840,50,GET,/api/v1/games/history,78.000000,73.600000,3,4,5,5,8,13,18,23,80,80,80,22927,18840,79,228.6605651036814,1.0369997471570969,3481.185083743185,517.1568020238147
1786604840,50,GET,/api/v1/games/recent,116.200000,116.200000,3,4,5,5,7,8,12,20,65,66,66,34341,34162,77,190.53774400047695,1.0964996181428432,3310.316374991089,73.24087825048775
1786604840,50,GET,/api/v1/users/leaderboard,192.600000,183.900000,3,4,5,5,6,8,11,22,61,71,71,57290,45952,77,190.6158869179542,1.1182501912117004,3483.529500197619,66.34047826845872
1786604840,50,,Aggregated,386.800000,373.700000,3,4,5,5,7,9,14,22,65,80,80,114558,98954,78,198.20651202344732,1.0369997471570969,3483.529500197619,158.63287592311318
1786604841,50,GET,/api/v1/games/history,77.500000,73.000000,3,4,5,6,9,15,18,23,80,80,80,23009,18915,79,227.86665443278628,1.0369997471570969,3481.185083743185,516.280759702725
1786604841,50,GET,/api/v1/games/recent,115.200000,115.200000,3,4,5,5,7,9,13,22,65,66,66,34462,34283,76,189.8858382618305,1.0964996181428432,3310.316374991089,73.23655040334282
1786604841,50,GET,/api/v1/users/leaderboard,192.800000,184.300000,3,4,4,5,6,9,12,22,61,71,71,57475,46129,77,190.01612711519573,1.1182501912117004,3483.529500197619,66.35732057416269
1786604841,50,,Aggregated,385.500000,372.500000,3,4,5,5,7,10,15,22,65,80,80,114946,99327,77,197.55369056747566,1.0369997471570969,3483.529500197619,158.48197414438084
1786604842,50,GET,/api/v1/games/history,76.600000,72.400000,3,4,5,6,10,15,19,27,80,80,80,23094,18995,78,227.04840555675057,1.0369997471570969,3481.185083743185,515.2368147570797
1786604842,50,GET,/api/v1/games/recent,115.000000,115.000000,3,4,5,5,7,9,16,29,65,66,66,34566,34387,76,189.33067297373708,1.0964996181428432,3310.316374991089,73.2302840941966
1786604842,50,GET,/api/v1/users/leaderboard,193.900000,185.000000,3,4,5,5,7,10,14,26,61,71,71,57684,46331,76,189.3473216740728,1.1182501912117004,3483.529500197619,66.37738367658277
1786604842,50,,Aggregated,385.500000,372.400000,3,4,5,5,7,10,17,26,65,80,80,115344,99713,76,196.89078602601788,1.0369997471570969,3483.529500197619,158.3009952836732
